collection	source_id	verdict	outcome	issues	corrected_preview
katha_upanishad	KAT_02_17	sound	sound		
katha_upanishad	KAT_01_07_08	sound	sound		
katha_upanishad	KAT_03_10_14	sound	sound		
katha_upanishad	KAT_03_15_17	sound	sound		
katha_upanishad	KAT_04_05_09	sound	sound		
katha_upanishad	KAT_04_10_14	sound	sound		
katha_upanishad	KAT_04_15	sound	sound		
katha_upanishad	KAT_05_06_08	sound	sound		
katha_upanishad	KAT_06_06_09	sound	sound		
katha_upanishad	KAT_06_18	sound	sound		
katha_upanishad	KAU_07_OUTWARD	sound	sound		
katha_upanishad	KU_01_02_05	sound	sound		
katha_upanishad	KU_01_02_12	sound	sound		
katha_upanishad	KU_01_02_20	sound	sound		
katha_upanishad	KU_01_02_23	sound	sound		
katha_upanishad	KU_01_03_03	sound	sound		
katha_upanishad	KU_01_03_10	sound	sound		
katha_upanishad	KU_01_03_11	sound	sound		
katha_upanishad	KU_02_01_01	sound	sound		
katha_upanishad	KU_02_01_11	sound	sound		
katha_upanishad	KU_02_02_15	sound	sound		
katha_upanishad	KU_02_03_14	sound	sound		
katha_upanishad	KAT_02_12_16	sound	sound	In verse 13, 'pravṛhya dharmyam aṇum etam āpya' is mistranslated. 'Pravṛhya' means 'separating' or 'extracting', not 'drawing forth'. The object being separated is 'dharmyam aṇum etam', which refers to this subtle, righteous (or dharma-related) reality, not 'drawing forth this subtle, dharmic reality' as if it were already present and merely being extracted. The sense is more about distinguishing 	12. The steadfast one, knowing as divine that which is hard to behold—hidden, entered within, lodged in the secret place, abiding in the depth, ancient—through 
katha_upanishad	KAT_05_01_05	minor	minor	Verse 1: 'puram' refers to the body/city metaphor, and 'ajasya' (of the Unborn/unborn one) is genitive - the city belongs to the Unborn, not that the Unborn dwells in it; Verse 1: 'anuṣṭhāya' means 'having practiced/performed/ruled' rather than 'having steadfastly realized'; Verse 3: 'vāmanam' is likely 'the dwarf/small one' or 'the lovely one' rather than a proper name 'Vāmana'	"In the city with eleven gates, the Unborn, whose consciousness is unbent, dwells. Having realized him, one does not grieve; liberated, one is indeed released.

"
katha_upanishad	KAT_06_01_05	minor	minor	Verse 2: 'moves forth, having issued from prāṇa' (prāṇa ejati niḥsṛtam) - the syntax suggests 'trembles/quivers having gone forth from prāṇa' rather than 'moves forth'; Verse 3: 'Indra and Vāyu act' is vague for 'dhāvati' which means 'runs' - the verb applies to Death specifically as fifth, not to Indra and Vāyu; Verse 4: 'breaking apart' for 'visrasa' (dissolution/decay) is acceptable but 'then o	1. This everlasting fig tree has its root above and its branches below. That indeed is the pure; that is Brahman; that alone is called the immortal. Upon it all
katha_upanishad	KAT_02_07_11	error	repaired	Verse 8: 'When it is taught by one who is not other than it' misinterprets 'ananyaprokte' which means 'when taught by no other/someone else' not 'one who is not other than it'; Verse 8: 'there is no further uncertainty' mistranslates 'gatir atra nāsti' which means 'there is no way/path/access here' not 'no uncertainty'; Verse 9: 'Only when taught by another does it become readily knowable' inverts	Even to hear of this, many do not obtain the chance; and though many hear, they do not understand it. Wonderful is the one who can speak of it; rare is the one 
katha_upanishad	KAU_01_GIFT	error	repaired	Missing verse 1.3: The entire verse describing the defective gifts (cows that have drunk their water, eaten their grass, given their milk, and are without vigor) and the joyless worlds they lead to is omitted; Missing verse 1.4 continuation: The repeated questioning (second and third time) is mentioned but not fully rendered; Missing verses 1.5-1.6: Naciketas's reflection on mortality and the cycl	Vājaśravasa, desiring rewards, gave away all his possessions. He had a son named Naciketas. As the gifts were being led forth, faith entered that boy, still you
katha_upanishad	KAU_04_TWO_PATHS	error	repaired	Verse 2.2 mistranslates 'yogakṣemād' as 'through greed and avarice' when it means 'for the sake of acquisition and preservation/security'; The translation omits verses 2.3-2.6 entirely, providing only verses 2.1-2.2	The good is one thing, the pleasant is another; these two, having different purposes, bind a person. Of these two, it goes well for one who takes hold of the go
katha_upanishad	KAU_05_KNOWING	error	repaired	Complete mistranslation: the new translation renders verses about śreyas vs. preyas (good vs. pleasant) from KU 1.2.1-2, not the provided passage KU 2.18-2.25; The original passage discusses the eternal Self (ātman): unborn, undying, smaller than the atom yet greater than the great, dwelling in the heart, not obtained by teaching but by the Self's choice, etc.; None of the content about the Self's	The wise Self is neither born nor dies; it did not come from anywhere, nor did anything come from it. Unborn, eternal, everlasting, primeval, it is not slain wh
katha_upanishad	KAU_06_CHARIOT	error	repaired	Omits verses 3.1-3.2 entirely (the two birds drinking in the cave, the bridge metaphor); Omits verse 3.5 (the one without discrimination with uncontrolled mind has senses like bad horses); Omits verse 3.6 (the one with discrimination has controlled senses like good horses); Omits verse 3.7 (the one without discrimination, unmindful and impure does not reach the goal); Omits verse 3.8 (the one with	Two who drink the truth in the world of good deeds, having entered the cave in the highest supreme space — knowers of Brahman call them light and shadow, as do 
katha_upanishad	KAU_02_THREE_BOONS	error	repaired	The passage provided (1.9-1.19) does not contain the narrative about Vājaśravasa's sacrifice or Naciketas asking his father - that is from verses 1.1-1.3; The translation describes the wrong section entirely - verses 1.9-1.19 contain Death's dialogue with Naciketas about the three boons, not the opening narrative; Complete mismatch: the original shows Death offering boons and Naciketas choosing th	Because you stayed three nights in my house without eating, O Brahmin guest worthy of reverence, salutations to you, O Brahmin, may there be well-being for me -
katha_upanishad	KAU_08_ONE_RULER	error	repaired	Only verses 5.12-5.13 are translated, omitting verses 5.9-5.11 and 5.14-5.15 entirely; Verse 5.13: 'cetanaś cetanānām' means 'the conscious among the conscious' not 'thinker thinking non-eternal thoughts'; Verse 5.13: 'nityo 'nityānāṃ' means 'the eternal among the non-eternal' - this phrase is completely omitted; The translation inverts the structure by making 'thinking non-eternal thoughts' a des	Just as fire, though one, entering the world, takes a form corresponding to every form, so too the one Self within all beings takes a form corresponding to ever
katha_upanishad	KAU_03_HEREAFTER	error	error_unconfirmed	The translation conflates multiple verses (1.20-1.29) into a brief summary rather than translating the actual text; Verse 1.21 shows Death (Yama) trying to dissuade Naciketas, not offering alternatives - this is misrepresented; Verses 1.23-1.26 contain Death's detailed offers of worldly pleasures which are omitted; Verse 1.27 contains Naciketas's response about wealth not satisfying, but the conte	This doubt that exists concerning a man who has departed—some say 'he exists,' others say 'he does not exist'—this knowledge I wish to know, instructed by you; 
katha_upanishad	KAU_09_IMMORTAL	error	repaired	Translation omits verses 6.10-6.13 entirely (four complete verses missing); Translation only covers verses 6.14-6.15; Verse 6.16 about the nāḍīs (channels) is completely omitted; Verse 6.17 about the puruṣa of thumb-size in the heart is completely omitted; The passage should contain 8 verses but only 2 are translated	When the five sense-knowledges together with the mind come to rest, and the intellect does not stir—that they call the highest state. This they consider yoga: t
astavakra_gita	AG_20_01	sound	sound		
astavakra_gita	AG_01_12	sound	sound		
astavakra_gita	AG_01_11	sound	sound		
astavakra_gita	AG_02_01	sound	sound		
astavakra_gita	AG_15_07	sound	sound		
astavakra_gita	AG_18_01	sound	sound		
astavakra_gita	ASG_11_5	sound	sound		
astavakra_gita	ASG_1_2	sound	sound		
astavakra_gita	ASG_1_4	sound	sound		
astavakra_gita	ASG_1_8	sound	sound		
astavakra_gita	ASG_1_9	sound	sound		
bhagavad_gita	BG_01_01	sound	sound		
astavakra_gita	ASG_8_4	sound	sound		
bhagavad_gita	BG_01_02_04	sound	sound		
bhagavad_gita	BG_01_11_13	sound	sound		
bhagavad_gita	BG_01_14_16	sound	sound		
bhagavad_gita	BG_01_20_22	sound	sound		
bhagavad_gita	BG_01_23_25	sound	sound		
bhagavad_gita	BG_01_29_31	sound	sound		
bhagavad_gita	BG_01_32_34	sound	sound		
bhagavad_gita	BG_01_35_37	sound	sound		
bhagavad_gita	BG_01_41_43	sound	sound		
bhagavad_gita	BG_01_38_40	sound	sound		
bhagavad_gita	BG_01_44_46	sound	sound		
bhagavad_gita	BG_01_47	sound	sound		
bhagavad_gita	BG_02_01_03	sound	sound		
bhagavad_gita	BG_02_07	sound	sound		
bhagavad_gita	BG_02_11	sound	sound		
bhagavad_gita	BG_02_08_10	sound	sound		
bhagavad_gita	BG_02_13	sound	sound		
bhagavad_gita	BG_02_12	sound	sound		
bhagavad_gita	BG_02_16	sound	sound		
bhagavad_gita	BG_02_21	sound	sound		
bhagavad_gita	BG_02_20	sound	sound		
bhagavad_gita	BG_02_22	sound	sound		
bhagavad_gita	BG_02_26	sound	sound		
bhagavad_gita	BG_02_23_25	sound	sound		
bhagavad_gita	BG_02_27	sound	sound		
bhagavad_gita	BG_02_31_33	sound	sound		
bhagavad_gita	BG_02_28_30	sound	sound		
bhagavad_gita	BG_02_37_39	sound	sound		
bhagavad_gita	BG_02_47	sound	sound		
bhagavad_gita	BG_02_48	sound	sound		
bhagavad_gita	BG_02_50	sound	sound		
bhagavad_gita	BG_02_54	sound	sound		
bhagavad_gita	BG_02_55	sound	sound		
bhagavad_gita	BG_02_56	sound	sound		
bhagavad_gita	BG_02_57_59	sound	sound		
bhagavad_gita	BG_02_60_61	sound	sound		
bhagavad_gita	BG_02_62	sound	sound		
bhagavad_gita	BG_02_63	sound	sound		
bhagavad_gita	BG_02_64_66	sound	sound		
bhagavad_gita	BG_02_67_69	sound	sound		
bhagavad_gita	BG_02_72	sound	sound		
bhagavad_gita	BG_03_01_03	sound	sound		
bhagavad_gita	BG_02_71	sound	sound		
bhagavad_gita	BG_03_07_08	sound	sound		
bhagavad_gita	BG_03_09	sound	sound		
bhagavad_gita	BG_03_10_12	sound	sound		
bhagavad_gita	BG_03_13_15	sound	sound		
bhagavad_gita	BG_03_16_18	sound	sound		
bhagavad_gita	BG_03_19	sound	sound		
bhagavad_gita	BG_03_23_25	sound	sound		
bhagavad_gita	BG_03_28_30	sound	sound		
bhagavad_gita	BG_03_20_22	sound	sound		
bhagavad_gita	BG_03_27	sound	sound		
bhagavad_gita	BG_03_31_33	sound	sound		
bhagavad_gita	BG_03_35	sound	sound		
bhagavad_gita	BG_03_34	sound	sound		
bhagavad_gita	BG_03_36_38	sound	sound		
bhagavad_gita	BG_03_39_41	sound	sound		
bhagavad_gita	BG_03_42_43	sound	sound		
bhagavad_gita	BG_04_01_03	sound	sound		
bhagavad_gita	BG_04_04_06	sound	sound		
bhagavad_gita	BG_04_08	sound	sound		
bhagavad_gita	BG_04_07	sound	sound		
bhagavad_gita	BG_04_09_11	sound	sound		
bhagavad_gita	BG_04_15_17	sound	sound		
bhagavad_gita	BG_04_12_14	sound	sound		
bhagavad_gita	BG_04_19_21	sound	sound		
bhagavad_gita	BG_04_22_23	sound	sound		
bhagavad_gita	BG_04_24	sound	sound		
bhagavad_gita	BG_04_18	sound	sound		
bhagavad_gita	BG_04_28_30	sound	sound		
bhagavad_gita	BG_04_31_33	sound	sound		
bhagavad_gita	BG_04_34_36	sound	sound		
bhagavad_gita	BG_04_38	sound	sound		
bhagavad_gita	BG_04_37	sound	sound		
bhagavad_gita	BG_04_42	sound	sound		
bhagavad_gita	BG_04_39_41	sound	sound		
bhagavad_gita	BG_05_04_06	sound	sound		
bhagavad_gita	BG_05_01_03	sound	sound		
bhagavad_gita	BG_05_07_09	sound	sound		
bhagavad_gita	BG_04_25_27	sound	sound		
bhagavad_gita	BG_05_10	sound	sound		
bhagavad_gita	BG_05_11_13	sound	sound		
bhagavad_gita	BG_05_14_16	sound	sound		
bhagavad_gita	BG_05_17	sound	sound		
bhagavad_gita	BG_05_19_21	sound	sound		
bhagavad_gita	BG_05_22_24	sound	sound		
bhagavad_gita	BG_05_28_29	sound	sound		
bhagavad_gita	BG_06_01_03	sound	sound		
bhagavad_gita	BG_06_04	sound	sound		
bhagavad_gita	BG_06_05	sound	sound		
bhagavad_gita	BG_06_06	sound	sound		
bhagavad_gita	BG_06_10_12	sound	sound		
bhagavad_gita	BG_06_07_09	sound	sound		
bhagavad_gita	BG_06_13_15	sound	sound		
bhagavad_gita	BG_06_17	sound	sound		
bhagavad_gita	BG_06_16	sound	sound		
bhagavad_gita	BG_06_24_25	sound	sound		
bhagavad_gita	BG_06_18_20	sound	sound		
bhagavad_gita	BG_06_21_23	sound	sound		
bhagavad_gita	BG_06_26	sound	sound		
bhagavad_gita	BG_06_27_28	sound	sound		
bhagavad_gita	BG_06_30_31	sound	sound		
bhagavad_gita	BG_06_32	sound	sound		
bhagavad_gita	BG_06_29	sound	sound		
bhagavad_gita	BG_06_33_34	sound	sound		
bhagavad_gita	BG_06_35	sound	sound		
bhagavad_gita	BG_06_36_38	sound	sound		
bhagavad_gita	BG_06_39_41	sound	sound		
bhagavad_gita	BG_06_45_47	sound	sound		
bhagavad_gita	BG_07_01_03	sound	sound		
bhagavad_gita	BG_07_04_06	sound	sound		
bhagavad_gita	BG_06_42_44	sound	sound		
bhagavad_gita	BG_07_07	sound	sound		
bhagavad_gita	BG_07_08_10	sound	sound		
bhagavad_gita	BG_07_14	sound	sound		
bhagavad_gita	BG_07_15_17	sound	sound		
bhagavad_gita	BG_07_18	sound	sound		
bhagavad_gita	BG_07_19	sound	sound		
bhagavad_gita	BG_07_23_25	sound	sound		
bhagavad_gita	BG_07_20_22	sound	sound		
bhagavad_gita	BG_07_26_28	sound	sound		
bhagavad_gita	BG_07_29_30	sound	sound		
bhagavad_gita	BG_08_01_03	sound	sound		
bhagavad_gita	BG_08_04	sound	sound		
bhagavad_gita	BG_08_05	sound	sound		
bhagavad_gita	BG_08_12_14	sound	sound		
bhagavad_gita	BG_08_09_11	sound	sound		
bhagavad_gita	BG_08_15	sound	sound		
bhagavad_gita	BG_08_16	sound	sound		
bhagavad_gita	BG_08_17_19	sound	sound		
bhagavad_gita	BG_08_23_25	sound	sound		
bhagavad_gita	BG_08_20_21	sound	sound		
bhagavad_gita	BG_08_22	sound	sound		
bhagavad_gita	BG_08_26_28	sound	sound		
bhagavad_gita	BG_09_01_03	sound	sound		
bhagavad_gita	BG_09_07_09	sound	sound		
bhagavad_gita	BG_09_04_06	sound	sound		
bhagavad_gita	BG_09_10_12	sound	sound		
bhagavad_gita	BG_09_13_15	sound	sound		
bhagavad_gita	BG_09_16_18	sound	sound		
bhagavad_gita	BG_09_22	sound	sound		
bhagavad_gita	BG_09_23_25	sound	sound		
bhagavad_gita	BG_09_19_21	sound	sound		
bhagavad_gita	BG_09_27	sound	sound		
bhagavad_gita	BG_09_28_30	sound	sound		
bhagavad_gita	BG_09_34	sound	sound		
bhagavad_gita	BG_10_01_03	sound	sound		
bhagavad_gita	BG_10_07	sound	sound		
bhagavad_gita	BG_10_04_06	sound	sound		
bhagavad_gita	BG_10_08	sound	sound		
bhagavad_gita	BG_10_12_14	sound	sound		
bhagavad_gita	BG_10_09_11	sound	sound		
bhagavad_gita	BG_10_15_17	sound	sound		
bhagavad_gita	BG_10_18_19	sound	sound		
bhagavad_gita	BG_10_20	sound	sound		
bhagavad_gita	BG_10_21_23	sound	sound		
bhagavad_gita	BG_10_24_26	sound	sound		
bhagavad_gita	BG_10_41	sound	sound		
bhagavad_gita	BG_11_04_06	sound	sound		
bhagavad_gita	BG_11_01_03	sound	sound		
bhagavad_gita	BG_11_07_09	sound	sound		
bhagavad_gita	BG_11_10_12	sound	sound		
bhagavad_gita	BG_11_13_15	sound	sound		
bhagavad_gita	BG_11_16_18	sound	sound		
bhagavad_gita	BG_11_25_27	sound	sound		
bhagavad_gita	BG_11_31	sound	sound		
bhagavad_gita	BG_11_28_30	sound	sound		
bhagavad_gita	BG_11_33	sound	sound		
bhagavad_gita	BG_11_40_42	sound	sound		
bhagavad_gita	BG_11_43_45	sound	sound		
bhagavad_gita	BG_11_46_48	sound	sound		
bhagavad_gita	BG_11_49_51	sound	sound		
bhagavad_gita	BG_11_52_54	sound	sound		
bhagavad_gita	BG_11_55	sound	sound		
bhagavad_gita	BG_12_01_03	sound	sound		
bhagavad_gita	BG_12_07_09	sound	sound		
bhagavad_gita	BG_12_14	sound	sound		
bhagavad_gita	BG_12_13	sound	sound		
bhagavad_gita	BG_12_10_12	sound	sound		
bhagavad_gita	BG_12_15	sound	sound		
bhagavad_gita	BG_12_16_18	sound	sound		
bhagavad_gita	BG_12_19_20	sound	sound		
bhagavad_gita	BG_13_01	sound	sound		
bhagavad_gita	BG_13_02	sound	sound		
bhagavad_gita	BG_13_03	sound	sound		
bhagavad_gita	BG_13_04_06	sound	sound		
bhagavad_gita	BG_13_13_15	sound	sound		
bhagavad_gita	BG_13_10_11	sound	sound		
bhagavad_gita	BG_13_12	sound	sound		
bhagavad_gita	BG_13_07_09	sound	sound		
bhagavad_gita	BG_13_16_18	sound	sound		
bhagavad_gita	BG_13_25_27	sound	sound		
bhagavad_gita	BG_13_28_30	sound	sound		
bhagavad_gita	BG_13_31_33	sound	sound		
bhagavad_gita	BG_14_01_03	sound	sound		
bhagavad_gita	BG_14_04	sound	sound		
bhagavad_gita	BG_14_05	sound	sound		
bhagavad_gita	BG_14_06_08	sound	sound		
bhagavad_gita	BG_14_09_11	sound	sound		
bhagavad_gita	BG_14_12_14	sound	sound		
bhagavad_gita	BG_14_15_17	sound	sound		
bhagavad_gita	BG_14_18_20	sound	sound		
bhagavad_gita	BG_14_24_25	sound	sound		
bhagavad_gita	BG_14_21_23	sound	sound		
bhagavad_gita	BG_14_26	sound	sound		
bhagavad_gita	BG_14_27	sound	sound		
bhagavad_gita	BG_15_01	sound	sound		
bhagavad_gita	BG_15_05_06	sound	sound		
bhagavad_gita	BG_15_07	sound	sound		
bhagavad_gita	BG_15_08_10	sound	sound		
bhagavad_gita	BG_15_11_13	sound	sound		
bhagavad_gita	BG_15_02_04	sound	sound		
bhagavad_gita	BG_15_14	sound	sound		
bhagavad_gita	BG_15_15	sound	sound		
bhagavad_gita	BG_15_16_18	sound	sound		
bhagavad_gita	BG_16_01_03	sound	sound		
bhagavad_gita	BG_16_04_06	sound	sound		
bhagavad_gita	BG_15_19_20	sound	sound		
bhagavad_gita	BG_16_07_09	sound	sound		
bhagavad_gita	BG_16_13_15	sound	sound		
bhagavad_gita	BG_16_10_12	sound	sound		
bhagavad_gita	BG_16_16_18	sound	sound		
bhagavad_gita	BG_16_19_20	sound	sound		
bhagavad_gita	BG_16_21	sound	sound		
bhagavad_gita	BG_16_22_23	sound	sound		
bhagavad_gita	BG_16_24	sound	sound		
bhagavad_gita	BG_17_01_02	sound	sound		
bhagavad_gita	BG_17_03	sound	sound		
bhagavad_gita	BG_17_07_09	sound	sound		
bhagavad_gita	BG_17_13_15	sound	sound		
bhagavad_gita	BG_17_10_12	sound	sound		
bhagavad_gita	BG_17_04_06	sound	sound		
bhagavad_gita	BG_17_19_21	sound	sound		
bhagavad_gita	BG_17_22_24	sound	sound		
bhagavad_gita	BG_17_25_27	sound	sound		
bhagavad_gita	BG_17_28	sound	sound		
bhagavad_gita	BG_18_04_06	sound	sound		
bhagavad_gita	BG_18_01_03	sound	sound		
bhagavad_gita	BG_18_07_09	sound	sound		
bhagavad_gita	BG_18_10_12	sound	sound		
bhagavad_gita	BG_18_19_21	sound	sound		
bhagavad_gita	BG_18_16_18	sound	sound		
bhagavad_gita	BG_18_22_24	sound	sound		
bhagavad_gita	BG_18_31_33	sound	sound		
bhagavad_gita	BG_18_28_30	sound	sound		
bhagavad_gita	BG_18_34_36	sound	sound		
bhagavad_gita	BG_18_40_42	sound	sound		
bhagavad_gita	BG_18_37_39	sound	sound		
bhagavad_gita	BG_18_47_49	sound	sound		
bhagavad_gita	BG_18_46	sound	sound		
bhagavad_gita	BG_18_50_52	sound	sound		
bhagavad_gita	BG_18_53	sound	sound		
bhagavad_gita	BG_18_55	sound	sound		
bhagavad_gita	BG_18_54	sound	sound		
bhagavad_gita	BG_18_56_58	sound	sound		
bhagavad_gita	BG_18_59_60	sound	sound		
bhagavad_gita	BG_18_61	sound	sound		
bhagavad_gita	BG_18_62	sound	sound		
bhagavad_gita	BG_18_64	sound	sound		
bhagavad_gita	BG_18_66	sound	sound		
bhagavad_gita	BG_18_65	sound	sound		
bhagavad_gita	BG_18_63	sound	sound		
bhagavad_gita	BG_18_67_69	sound	sound		
bhagavad_gita	BG_18_70_72	sound	sound		
bhagavad_gita	BG_18_73_75	sound	sound		
bhagavad_gita	BG_18_76_78	sound	sound		
brihadaranyaka_upanishad	BAU_FEAR	sound	sound		
bhagavad_gita	BG_18_43_45	sound	sound		
brihadaranyaka_upanishad	BAU_HONEY	sound	sound		
brihadaranyaka_upanishad	BAU_NETI	sound	sound		
brihadaranyaka_upanishad	BU_04_04_19	sound	sound		
brihadaranyaka_upanishad	BU_05_01_01	sound	sound		
chāndogya_upaniṣad	CHU_01_01_01	sound	sound		
chāndogya_upaniṣad	CHU_01_02_01	sound	sound		
chāndogya_upaniṣad	CHU_03_14_01	sound	sound		
chāndogya_upaniṣad	CHU_06_08_07	sound	sound		
chāndogya_upaniṣad	CHU_06_09_01	sound	sound		
chāndogya_upaniṣad	CHU_06_13_01	sound	sound		
chāndogya_upaniṣad	CHU_06_15_01	sound	sound		
chāndogya_upaniṣad	CHU_06_16_01	sound	sound		
chāndogya_upaniṣad	CHU_08_01_01	sound	sound		
chāndogya_upaniṣad	CHU_08_07_01	sound	sound		
chāndogya_upaniṣad	CHU_08_12_01	sound	sound		
confucius_analects	AN_002	sound	sound		
confucius_analects	AN_001	sound	sound		
confucius_analects	AN_003	sound	sound		
confucius_analects	AN_005	sound	sound		
confucius_analects	AN_006	sound	sound		
confucius_analects	AN_007	sound	sound		
confucius_analects	AN_008	sound	sound		
confucius_analects	AN_009	sound	sound		
confucius_analects	AN_011	sound	sound		
confucius_analects	AN_010	sound	sound		
confucius_analects	AN_012	sound	sound		
confucius_analects	AN_01_01	sound	sound		
confucius_analects	AN_01_04	sound	sound		
confucius_analects	AN_01_15	sound	sound		
confucius_analects	AN_02_15	sound	sound		
confucius_analects	AN_02_17	sound	sound		
confucius_analects	AN_03_03	sound	sound		
confucius_analects	AN_04_01	sound	sound		
confucius_analects	AN_04_08	sound	sound		
confucius_analects	AN_04_17	sound	sound		
confucius_analects	AN_05_11	sound	sound		
confucius_analects	AN_06_20	sound	sound		
confucius_analects	AN_06_18	sound	sound		
confucius_analects	AN_07_08	sound	sound		
confucius_analects	AN_07_16	sound	sound		
confucius_analects	AN_07_06	sound	sound		
confucius_analects	AN_07_22	sound	sound		
confucius_analects	AN_07_29	sound	sound		
confucius_analects	AN_08_07	sound	sound		
confucius_analects	AN_09_16	sound	sound		
confucius_analects	AN_09_25	sound	sound		
confucius_analects	AN_09_28	sound	sound		
confucius_analects	AN_11_11	sound	sound		
confucius_analects	AN_12_01	sound	sound		
confucius_analects	AN_13_03	sound	sound		
confucius_analects	AN_13_06	sound	sound		
confucius_analects	AN_14_25	sound	sound		
confucius_analects	AN_15_02	sound	sound		
confucius_analects	AN_15_20	sound	sound		
confucius_analects	AN_15_08	sound	sound		
confucius_analects	AN_15_23	sound	sound		
confucius_analects	AN_15_28	sound	sound		
confucius_analects	AN_15_30	sound	sound		
confucius_analects	AN_16_08	sound	sound		
confucius_analects	AN_17_02	sound	sound		
confucius_analects	AN_17_06	sound	sound		
confucius_analects	AN_19_06	sound	sound		
confucius_analects	AN_20_03	sound	sound		
dhammapada	DHP_008_011	sound	sound		
dhammapada	DHP_004_007	sound	sound		
dhammapada	DHP_012_015	sound	sound		
dhammapada	DHP_016_019	sound	sound		
dhammapada	DHP_020	sound	sound		
dhammapada	DHP_024_027	sound	sound		
dhammapada	DHP_032	sound	sound		
dhammapada	DHP_028_031	sound	sound		
dhammapada	DHP_036_039	sound	sound		
dhammapada	DHP_040_043	sound	sound		
dhammapada	DHP_047_050	sound	sound		
dhammapada	DHP_051_054	sound	sound		
dhammapada	DHP_059	sound	sound		
dhammapada	DHP_055_058	sound	sound		
dhammapada	DHP_063_066	sound	sound		
dhammapada	DHP_071_074	sound	sound		
dhammapada	DHP_067_070	sound	sound		
dhammapada	DHP_079_082	sound	sound		
dhammapada	DHP_083_086	sound	sound		
dhammapada	DHP_093_096	sound	sound		
dhammapada	DHP_107_110	sound	sound		
dhammapada	DHP_075	sound	sound		
dhammapada	DHP_111_114	sound	sound		
dhammapada	DHP_119_122	sound	sound		
dhammapada	DHP_115	sound	sound		
dhammapada	DHP_123_126	sound	sound		
dhammapada	DHP_127_128	sound	sound		
dhammapada	DHP_132_135	sound	sound		
dhammapada	DHP_144_145	sound	sound		
dhammapada	DHP_149_152	sound	sound		
dhammapada	DHP_153_156	sound	sound		
dhammapada	DHP_160_163	sound	sound		
dhammapada	DHP_170_173	sound	sound		
dhammapada	DHP_164_166	sound	sound		
dhammapada	DHP_182_185	sound	sound		
dhammapada	DHP_174_177	sound	sound		
dhammapada	DHP_178	sound	sound		
dhammapada	DHP_186_189	sound	sound		
dhammapada	DHP_200_203	sound	sound		
dhammapada	DHP_194_196	sound	sound		
dhammapada	DHP_204_207	sound	sound		
dhammapada	DHP_208	sound	sound		
dhammapada	DHP_216_219	sound	sound		
dhammapada	DHP_212_215	sound	sound		
dhammapada	DHP_224_227	sound	sound		
dhammapada	DHP_220	sound	sound		
dhammapada	DHP_228_231	sound	sound		
dhammapada	DHP_238_241	sound	sound		
dhammapada	DHP_246_249	sound	sound		
dhammapada	DHP_250_253	sound	sound		
dhammapada	DHP_242_245	sound	sound		
dhammapada	DHP_259_262	sound	sound		
dhammapada	DHP_254_255	sound	sound		
dhammapada	DHP_267_270	sound	sound		
dhammapada	DHP_271_272	sound	sound		
dhammapada	DHP_263_266	sound	sound		
dhammapada	DHP_276_279	sound	sound		
dhammapada	DHP_284_287	sound	sound		
dhammapada	DHP_288_289	sound	sound		
dhammapada	DHP_297_300	sound	sound		
dhammapada	DHP_301_304	sound	sound		
dhammapada	DHP_305	sound	sound		
dhammapada	DHP_309_312	sound	sound		
dhammapada	DHP_317_319	sound	sound		
dhammapada	DHP_327_330	sound	sound		
dhammapada	DHP_331_333	sound	sound		
dhammapada	DHP_313_316	sound	sound		
dhammapada	DHP_345_348	sound	sound		
dhammapada	DHP_363_366	sound	sound		
dhammapada	DHP_371_374	sound	sound		
dhammapada	DHP_367_370	sound	sound		
dhammapada	DHP_379_382	sound	sound		
dhammapada	DHP_390_393	sound	sound		
dhammapada	DHP_394_397	sound	sound		
dhammapada	DHP_398_401	sound	sound		
dhammapada	DHP_402_405	sound	sound		
dhammapada	DHP_414_417	sound	sound		
dhammapada	DHP_410_413	sound	sound		
dhammapada	DHP_418_421	sound	sound		
dhammapada	DHP_CH01	sound	sound		
dhammapada	DHP_CH03	sound	sound		
dhammapada	DHP_CH05	sound	sound		
dhammapada	DHP_CH06	sound	sound		
dhammapada	DHP_CH08	sound	sound		
dhammapada	DHP_CH10	sound	sound		
dhammapada	DHP_CH12	sound	sound		
dhammapada	DHP_CH13	sound	sound		
dhammapada	DHP_CH15	sound	sound		
dhammapada	DHP_CH14	sound	sound		
dhammapada	DHP_CH17	sound	sound		
dhammapada	DHP_CH09	sound	sound		
dhammapada	DHP_CH21	sound	sound		
dhammapada	DHP_CH22	sound	sound		
dhammapada	DHP_CH23	sound	sound		
dhammapada	DHP_CH24	sound	sound		
dhammapada	DHP_CH25	sound	sound		
dōgen_shōbōgenzō	DOG_003	sound	sound		
dōgen_shōbōgenzō	DOG_008	sound	sound		
ecclesiastes_qoheleth	QOH_01_01_05	sound	sound		
ecclesiastes_qoheleth	QOH_01_06_10	sound	sound		
ecclesiastes_qoheleth	QOH_01_11_15	sound	sound		
ecclesiastes_qoheleth	QOH_01_16_18	sound	sound		
ecclesiastes_qoheleth	QOH_02_01_05	sound	sound		
ecclesiastes_qoheleth	QOH_02_11_15	sound	sound		
ecclesiastes_qoheleth	QOH_02_16_20	sound	sound		
ecclesiastes_qoheleth	QOH_02_26	sound	sound		
ecclesiastes_qoheleth	QOH_03_01_05	sound	sound		
ecclesiastes_qoheleth	QOH_03_06_10	sound	sound		
ecclesiastes_qoheleth	QOH_04_01_05	sound	sound		
ecclesiastes_qoheleth	QOH_04_06_10	sound	sound		
ecclesiastes_qoheleth	QOH_05_01_05	sound	sound		
ecclesiastes_qoheleth	QOH_05_11_15	sound	sound		
ecclesiastes_qoheleth	QOH_05_16_19	sound	sound		
ecclesiastes_qoheleth	QOH_06_11_12	sound	sound		
ecclesiastes_qoheleth	QOH_07_01_05	sound	sound		
ecclesiastes_qoheleth	QOH_07_06_10	sound	sound		
ecclesiastes_qoheleth	QOH_07_16_20	sound	sound		
ecclesiastes_qoheleth	QOH_07_21_25	sound	sound		
ecclesiastes_qoheleth	QOH_07_26_29	sound	sound		
ecclesiastes_qoheleth	QOH_08_16_17	sound	sound		
ecclesiastes_qoheleth	QOH_09_06_10	sound	sound		
ecclesiastes_qoheleth	QOH_09_11_15	sound	sound		
ecclesiastes_qoheleth	QOH_09_16_18	sound	sound		
ecclesiastes_qoheleth	QOH_10_06_10	sound	sound		
ecclesiastes_qoheleth	QOH_10_11_15	sound	sound		
ecclesiastes_qoheleth	QOH_10_16_20	sound	sound		
ecclesiastes_qoheleth	QOH_11_06_10	sound	sound		
ecclesiastes_qoheleth	QOH_11_01_05	sound	sound		
epictetus_works	ENCH_04	sound	sound		
epictetus_works	ENCH_06	sound	sound		
epictetus_works	ENCH_07	sound	sound		
epictetus_works	ENCH_08	sound	sound		
epictetus_works	ENCH_10	sound	sound		
epictetus_works	ENCH_12	sound	sound		
epictetus_works	ENCH_14	sound	sound		
epictetus_works	ENCH_13	sound	sound		
epictetus_works	ENCH_15	sound	sound		
epictetus_works	ENCH_16	sound	sound		
epictetus_works	ENCH_18	sound	sound		
epictetus_works	ENCH_19	sound	sound		
epictetus_works	ENCH_20	sound	sound		
epictetus_works	ENCH_21	sound	sound		
epictetus_works	ENCH_23	sound	sound		
epictetus_works	ENCH_22	sound	sound		
epictetus_works	ENCH_24	sound	sound		
epictetus_works	ENCH_25	sound	sound		
epictetus_works	ENCH_27	sound	sound		
epictetus_works	ENCH_26	sound	sound		
epictetus_works	ENCH_28	sound	sound		
epictetus_works	ENCH_30	sound	sound		
epictetus_works	ENCH_31	sound	sound		
epictetus_works	ENCH_32	sound	sound		
epictetus_works	ENCH_34	sound	sound		
epictetus_works	ENCH_37	sound	sound		
epictetus_works	ENCH_38	sound	sound		
epictetus_works	ENCH_35	sound	sound		
epictetus_works	ENCH_39	sound	sound		
epictetus_works	ENCH_40	sound	sound		
epictetus_works	ENCH_41	sound	sound		
epictetus_works	ENCH_43	sound	sound		
epictetus_works	ENCH_42	sound	sound		
epictetus_works	ENCH_44	sound	sound		
epictetus_works	ENCH_50	sound	sound		
epictetus_works	ENCH_51	sound	sound		
epictetus_works	ENCH_49	sound	sound		
epictetus_works	ENCH_52	sound	sound		
epictetus_works	EPI_ENC_001	sound	sound		
epictetus_works	ENCH_53	sound	sound		
epictetus_works	EPI_ENC_002	sound	sound		
epictetus_works	EPI_ENC_003	sound	sound		
gospel_of_thomas	THOM_001	sound	sound		
gospel_of_thomas	THOM_005	sound	sound		
gospel_of_thomas	THOM_017	sound	sound		
gospel_of_thomas	THOM_020	sound	sound		
gospel_of_thomas	THOM_023	sound	sound		
gospel_of_thomas	THOM_026	sound	sound		
gospel_of_thomas	THOM_034	sound	sound		
gospel_of_thomas	THOM_035	sound	sound		
gospel_of_thomas	THOM_041	sound	sound		
gospel_of_thomas	THOM_044	sound	sound		
gospel_of_thomas	THOM_049	sound	sound		
gospel_of_thomas	THOM_039	sound	sound		
gospel_of_thomas	THOM_058	sound	sound		
gospel_of_thomas	THOM_059	sound	sound		
gospel_of_thomas	THOM_PROLOGUE	sound	sound		
heart_sutra	HS_002	sound	sound		
heart_sutra	HS_003	sound	sound		
heraclitus_fragments	HFR_P003	sound	sound		
heraclitus_fragments	HFR_P005	sound	sound		
heraclitus_fragments	HFR_P010	sound	sound		
heraclitus_fragments	HFR_P012	sound	sound		
heraclitus_fragments	HFR_P016	sound	sound		
heraclitus_fragments	HFR_P026	sound	sound		
heraclitus_fragments	HFR_P029	sound	sound		
heraclitus_fragments	HFR_P033	sound	sound		
heraclitus_fragments	HFR_P039	sound	sound		
heraclitus_fragments	HFR_P051	sound	sound		
heraclitus_fragments	HFR_P052	sound	sound		
heraclitus_fragments	HFR_P067	sound	sound		
heraclitus_fragments	HFR_P069	sound	sound		
heraclitus_fragments	HFR_P085	sound	sound		
heraclitus_fragments	HFR_P092	sound	sound		
heraclitus_fragments	HFR_P094	sound	sound		
heraclitus_fragments	HFR_P095	sound	sound		
heraclitus_fragments	HFR_P100	sound	sound		
heraclitus_fragments	HFR_P103	sound	sound		
heraclitus_fragments	HFR_P106	sound	sound		
heraclitus_fragments	HFR_P104	sound	sound		
heraclitus_fragments	HFR_P113	sound	sound		
heraclitus_fragments	HFR_P121	sound	sound		
heraclitus_fragments	HFR_P122	sound	sound		
isavasya_upanishad	ISA_001	sound	sound		
isavasya_upanishad	ISA_004	sound	sound		
isavasya_upanishad	ISA_007	sound	sound		
isavasya_upanishad	ISA_009	sound	sound		
isavasya_upanishad	ISA_012	sound	sound		
isavasya_upanishad	ISA_011	sound	sound		
isavasya_upanishad	ISA_017	sound	sound		
isavasya_upanishad	ISA_015	sound	sound		
isavasya_upanishad	ISA_018	sound	sound		
isavasya_upanishad	ISA_020	sound	sound		
isavasya_upanishad	IU_01	sound	sound		
isavasya_upanishad	IU_02	sound	sound		
isavasya_upanishad	IU_06	sound	sound		
isavasya_upanishad	IU_07	sound	sound		
isavasya_upanishad	IU_15	sound	sound		
katha_upanishad	KAU_01_GIFT	sound	sound		
katha_upanishad	KAU_04_TWO_PATHS	sound	sound		
know_yourself_ibn_arabi_balyani	KY_001	sound	sound		
know_yourself_ibn_arabi_balyani	KY_002	sound	sound		
know_yourself_ibn_arabi_balyani	KY_004	sound	sound		
know_yourself_ibn_arabi_balyani	KY_008	sound	sound		
mandukya_upanishad_and_gaudapada_karika	MK_01	sound	sound		
mandukya_upanishad_and_gaudapada_karika	MK_02_32	sound	sound		
mandukya_upanishad_and_gaudapada_karika	MUK_002	sound	sound		
mandukya_upanishad_and_gaudapada_karika	MUK_003	sound	sound		
mandukya_upanishad_and_gaudapada_karika	MUK_005	sound	sound		
mandukya_upanishad_and_gaudapada_karika	MUK_006	sound	sound		
mandukya_upanishad_and_gaudapada_karika	MUK_008	sound	sound		
mandukya_upanishad_and_gaudapada_karika	MUK_009	sound	sound		
mandukya_upanishad_and_gaudapada_karika	MUK_013	sound	sound		
mandukya_upanishad_and_gaudapada_karika	MUK_012	sound	sound		
mandukya_upanishad_and_gaudapada_karika	MUK_014	sound	sound		
marcus_aurelius_meditations	MA_04_23	sound	sound		
marcus_aurelius_meditations	MA_05_16	sound	sound		
marcus_aurelius_meditations	MA_06_30	sound	sound		
marcus_aurelius_meditations	MA_08_36	sound	sound		
marcus_aurelius_meditations	MA_09_06	sound	sound		
marcus_aurelius_meditations	MA_07_59	sound	sound		
marcus_aurelius_meditations	MED_007	sound	sound		
marcus_aurelius_meditations	MED_02_04	sound	sound		
marcus_aurelius_meditations	MED_02_05	sound	sound		
marcus_aurelius_meditations	MED_02_06	sound	sound		
marcus_aurelius_meditations	MED_02_08	sound	sound		
marcus_aurelius_meditations	MED_02_09	sound	sound		
marcus_aurelius_meditations	MED_02_10	sound	sound		
marcus_aurelius_meditations	MA_10_01	sound	sound		
marcus_aurelius_meditations	MED_02_13	sound	sound		
marcus_aurelius_meditations	MED_02_12	sound	sound		
marcus_aurelius_meditations	MED_02_14	sound	sound		
marcus_aurelius_meditations	MED_02_16	sound	sound		
marcus_aurelius_meditations	MED_02_17	sound	sound		
marcus_aurelius_meditations	MED_03_01	sound	sound		
marcus_aurelius_meditations	MED_03_02	sound	sound		
marcus_aurelius_meditations	MED_03_03	sound	sound		
marcus_aurelius_meditations	MED_03_04	sound	sound		
marcus_aurelius_meditations	MED_03_05	sound	sound		
marcus_aurelius_meditations	MED_03_09	sound	sound		
marcus_aurelius_meditations	MED_03_10	sound	sound		
marcus_aurelius_meditations	MED_03_11	sound	sound		
marcus_aurelius_meditations	MED_03_08	sound	sound		
marcus_aurelius_meditations	MED_03_12	sound	sound		
marcus_aurelius_meditations	MED_03_13	sound	sound		
marcus_aurelius_meditations	MED_03_14	sound	sound		
marcus_aurelius_meditations	MED_03_15	sound	sound		
marcus_aurelius_meditations	MED_03_07	sound	sound		
marcus_aurelius_meditations	MED_03_16	sound	sound		
marcus_aurelius_meditations	MED_04_01	sound	sound		
marcus_aurelius_meditations	MED_04_05	sound	sound		
marcus_aurelius_meditations	MED_04_04	sound	sound		
marcus_aurelius_meditations	MED_04_02	sound	sound		
marcus_aurelius_meditations	MED_04_06	sound	sound		
marcus_aurelius_meditations	MED_04_07	sound	sound		
marcus_aurelius_meditations	MED_04_08	sound	sound		
marcus_aurelius_meditations	MED_04_10	sound	sound		
marcus_aurelius_meditations	MED_04_11	sound	sound		
marcus_aurelius_meditations	MED_04_12	sound	sound		
marcus_aurelius_meditations	MED_04_14	sound	sound		
marcus_aurelius_meditations	MED_04_13	sound	sound		
marcus_aurelius_meditations	MED_04_15	sound	sound		
marcus_aurelius_meditations	MED_04_16	sound	sound		
marcus_aurelius_meditations	MED_04_17	sound	sound		
marcus_aurelius_meditations	MED_04_20	sound	sound		
marcus_aurelius_meditations	MED_04_21	sound	sound		
marcus_aurelius_meditations	MED_04_22	sound	sound		
marcus_aurelius_meditations	MED_04_25	sound	sound		
marcus_aurelius_meditations	MED_04_26	sound	sound		
marcus_aurelius_meditations	MED_04_27	sound	sound		
marcus_aurelius_meditations	MED_04_24	sound	sound		
marcus_aurelius_meditations	MED_04_31	sound	sound		
marcus_aurelius_meditations	MED_04_33	sound	sound		
marcus_aurelius_meditations	MED_04_32	sound	sound		
marcus_aurelius_meditations	MED_04_35	sound	sound		
marcus_aurelius_meditations	MED_04_36	sound	sound		
marcus_aurelius_meditations	MED_04_37	sound	sound		
marcus_aurelius_meditations	MED_04_39	sound	sound		
marcus_aurelius_meditations	MED_04_40	sound	sound		
marcus_aurelius_meditations	MED_04_41	sound	sound		
marcus_aurelius_meditations	MED_04_42	sound	sound		
marcus_aurelius_meditations	MED_04_44	sound	sound		
marcus_aurelius_meditations	MED_04_45	sound	sound		
marcus_aurelius_meditations	MED_04_47	sound	sound		
marcus_aurelius_meditations	MED_04_50	sound	sound		
marcus_aurelius_meditations	MED_04_51	sound	sound		
marcus_aurelius_meditations	MED_05_02	sound	sound		
marcus_aurelius_meditations	MED_05_03	sound	sound		
marcus_aurelius_meditations	MED_05_05	sound	sound		
marcus_aurelius_meditations	MED_05_07	sound	sound		
marcus_aurelius_meditations	MED_05_08	sound	sound		
marcus_aurelius_meditations	MED_05_10	sound	sound		
marcus_aurelius_meditations	MED_05_11	sound	sound		
marcus_aurelius_meditations	MED_05_13	sound	sound		
marcus_aurelius_meditations	MED_05_14	sound	sound		
marcus_aurelius_meditations	MED_05_15	sound	sound		
marcus_aurelius_meditations	MED_05_17	sound	sound		
marcus_aurelius_meditations	MED_05_21	sound	sound		
marcus_aurelius_meditations	MED_05_22	sound	sound		
marcus_aurelius_meditations	MED_05_23	sound	sound		
marcus_aurelius_meditations	MED_05_24	sound	sound		
marcus_aurelius_meditations	MED_05_26	sound	sound		
marcus_aurelius_meditations	MED_05_29	sound	sound		
marcus_aurelius_meditations	MED_05_30	sound	sound		
marcus_aurelius_meditations	MED_05_33	sound	sound		
marcus_aurelius_meditations	MED_05_32	sound	sound		
marcus_aurelius_meditations	MED_05_34	sound	sound		
marcus_aurelius_meditations	MED_05_35	sound	sound		
marcus_aurelius_meditations	MED_05_27	sound	sound		
marcus_aurelius_meditations	MED_06_01	sound	sound		
marcus_aurelius_meditations	MED_06_02	sound	sound		
marcus_aurelius_meditations	MED_06_03	sound	sound		
marcus_aurelius_meditations	MED_06_04	sound	sound		
marcus_aurelius_meditations	MED_06_05	sound	sound		
marcus_aurelius_meditations	MED_06_07	sound	sound		
marcus_aurelius_meditations	MED_06_06	sound	sound		
marcus_aurelius_meditations	MED_06_08	sound	sound		
marcus_aurelius_meditations	MED_06_10	sound	sound		
marcus_aurelius_meditations	MED_06_09	sound	sound		
marcus_aurelius_meditations	MED_06_11	sound	sound		
marcus_aurelius_meditations	MED_06_12	sound	sound		
marcus_aurelius_meditations	MED_06_13	sound	sound		
marcus_aurelius_meditations	MED_06_14	sound	sound		
marcus_aurelius_meditations	MED_06_16	sound	sound		
marcus_aurelius_meditations	MED_06_17	sound	sound		
marcus_aurelius_meditations	MED_06_18	sound	sound		
marcus_aurelius_meditations	MED_06_19	sound	sound		
marcus_aurelius_meditations	MED_06_20	sound	sound		
marcus_aurelius_meditations	MED_06_21	sound	sound		
marcus_aurelius_meditations	MED_06_22	sound	sound		
marcus_aurelius_meditations	MED_06_24	sound	sound		
marcus_aurelius_meditations	MED_06_23	sound	sound		
marcus_aurelius_meditations	MED_06_25	sound	sound		
marcus_aurelius_meditations	MED_06_26	sound	sound		
marcus_aurelius_meditations	MED_06_28	sound	sound		
marcus_aurelius_meditations	MED_06_27	sound	sound		
marcus_aurelius_meditations	MED_06_29	sound	sound		
marcus_aurelius_meditations	MED_06_32	sound	sound		
marcus_aurelius_meditations	MED_06_33	sound	sound		
marcus_aurelius_meditations	MED_06_34	sound	sound		
marcus_aurelius_meditations	MED_06_35	sound	sound		
marcus_aurelius_meditations	MED_06_37	sound	sound		
marcus_aurelius_meditations	MED_06_39	sound	sound		
marcus_aurelius_meditations	MED_06_41	sound	sound		
marcus_aurelius_meditations	MED_06_42	sound	sound		
marcus_aurelius_meditations	MED_06_43	sound	sound		
marcus_aurelius_meditations	MED_06_44	sound	sound		
marcus_aurelius_meditations	MED_06_46	sound	sound		
marcus_aurelius_meditations	MED_06_48	sound	sound		
marcus_aurelius_meditations	MED_06_49	sound	sound		
marcus_aurelius_meditations	MED_06_51	sound	sound		
marcus_aurelius_meditations	MED_06_52	sound	sound		
marcus_aurelius_meditations	MED_06_53	sound	sound		
marcus_aurelius_meditations	MED_06_54	sound	sound		
marcus_aurelius_meditations	MED_06_55	sound	sound		
marcus_aurelius_meditations	MED_06_56	sound	sound		
marcus_aurelius_meditations	MED_06_58	sound	sound		
marcus_aurelius_meditations	MED_06_59	sound	sound		
marcus_aurelius_meditations	MED_07_02	sound	sound		
marcus_aurelius_meditations	MED_07_01	sound	sound		
marcus_aurelius_meditations	MED_07_03	sound	sound		
marcus_aurelius_meditations	MED_07_04	sound	sound		
marcus_aurelius_meditations	MED_07_05	sound	sound		
marcus_aurelius_meditations	MED_07_06	sound	sound		
marcus_aurelius_meditations	MED_07_07	sound	sound		
marcus_aurelius_meditations	MED_07_08	sound	sound		
marcus_aurelius_meditations	MED_07_09	sound	sound		
marcus_aurelius_meditations	MED_07_10	sound	sound		
marcus_aurelius_meditations	MED_07_12	sound	sound		
marcus_aurelius_meditations	MED_07_14	sound	sound		
marcus_aurelius_meditations	MED_07_11	sound	sound		
marcus_aurelius_meditations	MED_07_15	sound	sound		
marcus_aurelius_meditations	MED_07_16	sound	sound		
marcus_aurelius_meditations	MED_07_17	sound	sound		
marcus_aurelius_meditations	MED_07_18	sound	sound		
marcus_aurelius_meditations	MED_07_19	sound	sound		
marcus_aurelius_meditations	MED_07_21	sound	sound		
marcus_aurelius_meditations	MED_07_20	sound	sound		
marcus_aurelius_meditations	MED_07_22	sound	sound		
marcus_aurelius_meditations	MED_07_24	sound	sound		
marcus_aurelius_meditations	MED_07_25	sound	sound		
marcus_aurelius_meditations	MED_07_26	sound	sound		
marcus_aurelius_meditations	MED_07_27	sound	sound		
marcus_aurelius_meditations	MED_07_28	sound	sound		
marcus_aurelius_meditations	MED_07_29	sound	sound		
marcus_aurelius_meditations	MED_07_32	sound	sound		
marcus_aurelius_meditations	MED_07_33	sound	sound		
marcus_aurelius_meditations	MED_07_34	sound	sound		
marcus_aurelius_meditations	MED_07_35	sound	sound		
marcus_aurelius_meditations	MED_07_36	sound	sound		
marcus_aurelius_meditations	MED_07_37	sound	sound		
marcus_aurelius_meditations	MED_07_38	sound	sound		
marcus_aurelius_meditations	MED_07_39	sound	sound		
marcus_aurelius_meditations	MED_07_41	sound	sound		
marcus_aurelius_meditations	MED_07_42	sound	sound		
marcus_aurelius_meditations	MED_07_44	sound	sound		
marcus_aurelius_meditations	MED_07_47	sound	sound		
marcus_aurelius_meditations	MED_07_48	sound	sound		
marcus_aurelius_meditations	MED_07_49	sound	sound		
marcus_aurelius_meditations	MED_07_50	sound	sound		
marcus_aurelius_meditations	MED_07_52	sound	sound		
marcus_aurelius_meditations	MED_07_53	sound	sound		
marcus_aurelius_meditations	MED_07_54	sound	sound		
marcus_aurelius_meditations	MED_07_56	sound	sound		
marcus_aurelius_meditations	MED_07_55	sound	sound		
marcus_aurelius_meditations	MED_07_57	sound	sound		
marcus_aurelius_meditations	MED_07_60	sound	sound		
marcus_aurelius_meditations	MED_07_62	sound	sound		
marcus_aurelius_meditations	MED_07_61	sound	sound		
marcus_aurelius_meditations	MED_07_63	sound	sound		
marcus_aurelius_meditations	MED_07_64	sound	sound		
marcus_aurelius_meditations	MED_07_66	sound	sound		
marcus_aurelius_meditations	MED_07_65	sound	sound		
marcus_aurelius_meditations	MED_07_67	sound	sound		
marcus_aurelius_meditations	MED_07_68	sound	sound		
marcus_aurelius_meditations	MED_07_69	sound	sound		
marcus_aurelius_meditations	MED_07_71	sound	sound		
marcus_aurelius_meditations	MED_07_70	sound	sound		
marcus_aurelius_meditations	MED_07_72	sound	sound		
marcus_aurelius_meditations	MED_07_73	sound	sound		
marcus_aurelius_meditations	MED_07_75	sound	sound		
marcus_aurelius_meditations	MED_08_01	sound	sound		
marcus_aurelius_meditations	MED_08_04	sound	sound		
marcus_aurelius_meditations	MED_08_03	sound	sound		
marcus_aurelius_meditations	MED_08_05	sound	sound		
marcus_aurelius_meditations	MED_08_06	sound	sound		
marcus_aurelius_meditations	MED_08_07	sound	sound		
marcus_aurelius_meditations	MED_08_09	sound	sound		
marcus_aurelius_meditations	MED_08_08	sound	sound		
marcus_aurelius_meditations	MED_08_12	sound	sound		
marcus_aurelius_meditations	MED_08_11	sound	sound		
marcus_aurelius_meditations	MED_08_15	sound	sound		
marcus_aurelius_meditations	MED_08_16	sound	sound		
marcus_aurelius_meditations	MED_08_18	sound	sound		
marcus_aurelius_meditations	MED_08_21	sound	sound		
marcus_aurelius_meditations	MED_08_19	sound	sound		
marcus_aurelius_meditations	MED_08_23	sound	sound		
marcus_aurelius_meditations	MED_08_24	sound	sound		
marcus_aurelius_meditations	MED_08_25	sound	sound		
marcus_aurelius_meditations	MED_08_26	sound	sound		
marcus_aurelius_meditations	MED_08_27	sound	sound		
marcus_aurelius_meditations	MED_08_29	sound	sound		
marcus_aurelius_meditations	MED_08_33	sound	sound		
marcus_aurelius_meditations	MED_08_34	sound	sound		
marcus_aurelius_meditations	MED_08_35	sound	sound		
marcus_aurelius_meditations	MED_08_39	sound	sound		
marcus_aurelius_meditations	MED_08_42	sound	sound		
marcus_aurelius_meditations	MED_08_43	sound	sound		
marcus_aurelius_meditations	MED_08_44	sound	sound		
marcus_aurelius_meditations	MED_08_45	sound	sound		
marcus_aurelius_meditations	MED_08_48	sound	sound		
marcus_aurelius_meditations	MED_08_50	sound	sound		
marcus_aurelius_meditations	MED_08_51	sound	sound		
marcus_aurelius_meditations	MED_08_53	sound	sound		
marcus_aurelius_meditations	MED_08_54	sound	sound		
marcus_aurelius_meditations	MED_08_52	sound	sound		
marcus_aurelius_meditations	MED_08_56	sound	sound		
marcus_aurelius_meditations	MED_08_57	sound	sound		
marcus_aurelius_meditations	MED_08_58	sound	sound		
marcus_aurelius_meditations	MED_08_59	sound	sound		
marcus_aurelius_meditations	MED_09_01	sound	sound		
marcus_aurelius_meditations	MED_08_60	sound	sound		
marcus_aurelius_meditations	MED_09_02	sound	sound		
marcus_aurelius_meditations	MED_09_05	sound	sound		
marcus_aurelius_meditations	MED_09_07	sound	sound		
marcus_aurelius_meditations	MED_09_04	sound	sound		
marcus_aurelius_meditations	MED_09_10	sound	sound		
marcus_aurelius_meditations	MED_09_11	sound	sound		
marcus_aurelius_meditations	MED_09_12	sound	sound		
marcus_aurelius_meditations	MED_09_14	sound	sound		
marcus_aurelius_meditations	MED_09_13	sound	sound		
marcus_aurelius_meditations	MED_09_15	sound	sound		
marcus_aurelius_meditations	MED_09_17	sound	sound		
marcus_aurelius_meditations	MED_09_18	sound	sound		
marcus_aurelius_meditations	MED_09_19	sound	sound		
marcus_aurelius_meditations	MED_09_20	sound	sound		
marcus_aurelius_meditations	MED_09_21	sound	sound		
marcus_aurelius_meditations	MED_09_22	sound	sound		
marcus_aurelius_meditations	MED_09_23	sound	sound		
marcus_aurelius_meditations	MED_09_25	sound	sound		
marcus_aurelius_meditations	MED_09_24	sound	sound		
marcus_aurelius_meditations	MED_09_26	sound	sound		
marcus_aurelius_meditations	MED_09_30	sound	sound		
marcus_aurelius_meditations	MED_09_31	sound	sound		
marcus_aurelius_meditations	MED_09_33	sound	sound		
marcus_aurelius_meditations	MED_09_32	sound	sound		
marcus_aurelius_meditations	MED_09_35	sound	sound		
marcus_aurelius_meditations	MED_09_38	sound	sound		
marcus_aurelius_meditations	MED_09_40	sound	sound		
marcus_aurelius_meditations	MED_09_42	sound	sound		
marcus_aurelius_meditations	MED_10_04	sound	sound		
marcus_aurelius_meditations	MED_10_05	sound	sound		
marcus_aurelius_meditations	MED_10_06	sound	sound		
marcus_aurelius_meditations	MED_10_07	sound	sound		
marcus_aurelius_meditations	MED_10_08	sound	sound		
marcus_aurelius_meditations	MED_10_09	sound	sound		
marcus_aurelius_meditations	MED_10_10	sound	sound		
marcus_aurelius_meditations	MED_10_11	sound	sound		
marcus_aurelius_meditations	MED_10_14	sound	sound		
marcus_aurelius_meditations	MED_10_18	sound	sound		
marcus_aurelius_meditations	MED_10_17	sound	sound		
marcus_aurelius_meditations	MED_10_20	sound	sound		
marcus_aurelius_meditations	MED_10_21	sound	sound		
marcus_aurelius_meditations	MED_10_22	sound	sound		
marcus_aurelius_meditations	MED_10_24	sound	sound		
marcus_aurelius_meditations	MED_10_25	sound	sound		
marcus_aurelius_meditations	MED_10_26	sound	sound		
marcus_aurelius_meditations	MED_10_29	sound	sound		
marcus_aurelius_meditations	MED_10_31	sound	sound		
marcus_aurelius_meditations	MED_10_33	sound	sound		
marcus_aurelius_meditations	MED_10_35	sound	sound		
marcus_aurelius_meditations	MED_10_36	sound	sound		
marcus_aurelius_meditations	MED_10_38	sound	sound		
marcus_aurelius_meditations	MED_10_37	sound	sound		
marcus_aurelius_meditations	MED_11_01	sound	sound		
marcus_aurelius_meditations	MED_11_02	sound	sound		
marcus_aurelius_meditations	MED_11_03	sound	sound		
marcus_aurelius_meditations	MED_11_04	sound	sound		
marcus_aurelius_meditations	MED_11_05	sound	sound		
marcus_aurelius_meditations	MED_11_07	sound	sound		
marcus_aurelius_meditations	MED_11_06	sound	sound		
marcus_aurelius_meditations	MED_11_09	sound	sound		
marcus_aurelius_meditations	MED_11_11	sound	sound		
marcus_aurelius_meditations	MED_11_12	sound	sound		
marcus_aurelius_meditations	MED_11_13	sound	sound		
marcus_aurelius_meditations	MED_11_14	sound	sound		
marcus_aurelius_meditations	MED_11_21	sound	sound		
marcus_aurelius_meditations	MED_11_22	sound	sound		
marcus_aurelius_meditations	MED_11_23	sound	sound		
marcus_aurelius_meditations	MED_11_25	sound	sound		
marcus_aurelius_meditations	MED_11_24	sound	sound		
marcus_aurelius_meditations	MED_11_26	sound	sound		
marcus_aurelius_meditations	MED_11_27	sound	sound		
marcus_aurelius_meditations	MED_11_28	sound	sound		
marcus_aurelius_meditations	MED_11_29	sound	sound		
marcus_aurelius_meditations	MED_11_30	sound	sound		
marcus_aurelius_meditations	MED_11_31	sound	sound		
marcus_aurelius_meditations	MED_11_33	sound	sound		
marcus_aurelius_meditations	MED_11_34	sound	sound		
marcus_aurelius_meditations	MED_11_32	sound	sound		
marcus_aurelius_meditations	MED_11_37	sound	sound		
marcus_aurelius_meditations	MED_11_36	sound	sound		
marcus_aurelius_meditations	MED_11_35	sound	sound		
marcus_aurelius_meditations	MED_11_38	sound	sound		
marcus_aurelius_meditations	MED_12_01	sound	sound		
marcus_aurelius_meditations	MED_12_02	sound	sound		
marcus_aurelius_meditations	MED_12_04	sound	sound		
marcus_aurelius_meditations	MED_12_05	sound	sound		
marcus_aurelius_meditations	MED_12_06	sound	sound		
marcus_aurelius_meditations	MED_12_07	sound	sound		
marcus_aurelius_meditations	MED_12_08	sound	sound		
marcus_aurelius_meditations	MED_12_09	sound	sound		
marcus_aurelius_meditations	MED_12_10	sound	sound		
marcus_aurelius_meditations	MED_12_11	sound	sound		
marcus_aurelius_meditations	MED_12_13	sound	sound		
marcus_aurelius_meditations	MED_12_15	sound	sound		
marcus_aurelius_meditations	MED_12_17	sound	sound		
marcus_aurelius_meditations	MED_12_18	sound	sound		
marcus_aurelius_meditations	MED_12_19	sound	sound		
marcus_aurelius_meditations	MED_12_20	sound	sound		
marcus_aurelius_meditations	MED_12_21	sound	sound		
marcus_aurelius_meditations	MED_12_22	sound	sound		
marcus_aurelius_meditations	MED_12_14	sound	sound		
marcus_aurelius_meditations	MED_12_25	sound	sound		
marcus_aurelius_meditations	MED_12_26	sound	sound		
marcus_aurelius_meditations	MED_12_28	sound	sound		
marcus_aurelius_meditations	MED_12_30	sound	sound		
marcus_aurelius_meditations	MED_12_34	sound	sound		
marcus_aurelius_meditations	MED_12_33	sound	sound		
marcus_aurelius_meditations	MED_12_35	sound	sound		
meister_eckhart	ECK_004	sound	sound		
milarepa_songs	MIL_010	sound	sound		
milarepa_songs	MIL_COMFORTS_005	sound	sound		
milarepa_songs	MIL_SATIS_009	sound	sound		
milarepa_songs	MIL_WISDOM_003	sound	sound		
mundaka_upanishad	MU_01_02_12	sound	sound		
mundaka_upanishad	MU_02_01_10	sound	sound		
mundaka_upanishad	MU_02_02_05	sound	sound		
mundaka_upanishad	MU_02_02_09	sound	sound		
mundaka_upanishad	MU_03_01_01	sound	sound		
mundaka_upanishad	MU_03_01_03	sound	sound		
mundaka_upanishad	MU_03_02_03	sound	sound		
mundaka_upanishad	MUK_01_04	sound	sound		
mundaka_upanishad	MUK_02_BIRDS	sound	sound		
mundaka_upanishad	MUK_04_KNOT	sound	sound		
nagarjuna_mulamadhyamakakarika	MMK_01_01	sound	sound		
nagarjuna_mulamadhyamakakarika	MMK_01_02_06	sound	sound		
nagarjuna_mulamadhyamakakarika	MMK_01_12_14	sound	sound		
nagarjuna_mulamadhyamakakarika	MMK_02_01	sound	sound		
nagarjuna_mulamadhyamakakarika	MMK_02_12_16	sound	sound		
nagarjuna_mulamadhyamakakarika	MMK_03_01	sound	sound		
nagarjuna_mulamadhyamakakarika	MMK_02_22_25	sound	sound		
nagarjuna_mulamadhyamakakarika	MMK_03_07_09	sound	sound		
nagarjuna_mulamadhyamakakarika	MMK_04_01_05	sound	sound		
nagarjuna_mulamadhyamakakarika	MMK_04_06_09	sound	sound		
nagarjuna_mulamadhyamakakarika	MMK_05_01_05	sound	sound		
nagarjuna_mulamadhyamakakarika	MMK_06_07_10	sound	sound		
nagarjuna_mulamadhyamakakarika	MMK_07_06_10	sound	sound		
nagarjuna_mulamadhyamakakarika	MMK_07_11_15	sound	sound		
nagarjuna_mulamadhyamakakarika	MMK_07_16_20	sound	sound		
nagarjuna_mulamadhyamakakarika	MMK_15_02	sound	sound		
nagarjuna_mulamadhyamakakarika	MMK_18_06	sound	sound		
nagarjuna_mulamadhyamakakarika	MMK_20_20	sound	sound		
nagarjuna_mulamadhyamakakarika	MMK_22_15	sound	sound		
nagarjuna_mulamadhyamakakarika	MMK_21_01	sound	sound		
nagarjuna_mulamadhyamakakarika	MMK_23_02	sound	sound		
nagarjuna_mulamadhyamakakarika	MMK_24_08	sound	sound		
nagarjuna_mulamadhyamakakarika	MMK_24_09	sound	sound		
nagarjuna_mulamadhyamakakarika	MMK_24_10	sound	sound		
nagarjuna_mulamadhyamakakarika	MMK_24_14	sound	sound		
nagarjuna_mulamadhyamakakarika	MMK_24_18	sound	sound		
nagarjuna_mulamadhyamakakarika	MMK_25_19	sound	sound		
nagarjuna_mulamadhyamakakarika	MMK_26_01	sound	sound		
nagarjuna_mulamadhyamakakarika	MMK_25_24	sound	sound		
nagarjuna_mulamadhyamakakarika	MMK_27_30	sound	sound		
parmenides_fragments	PARM_01	sound	sound		
parmenides_fragments	PARM_03	sound	sound		
parmenides_fragments	PARM_04	sound	sound		
patañjali_yoga_sūtras	YS_1_01_04	sound	sound		
patañjali_yoga_sūtras	YS_1_12_16	sound	sound		
patañjali_yoga_sūtras	YS_1_23_29	sound	sound		
patañjali_yoga_sūtras	YS_1_30_32	sound	sound		
patañjali_yoga_sūtras	YS_2_01_02	sound	sound		
patañjali_yoga_sūtras	YS_2_03_09	sound	sound		
patañjali_yoga_sūtras	YS_2_10_11	sound	sound		
patañjali_yoga_sūtras	YS_2_12_14	sound	sound		
patañjali_yoga_sūtras	YS_2_15_17	sound	sound		
patañjali_yoga_sūtras	YS_2_28_29	sound	sound		
patañjali_yoga_sūtras	YS_2_46_48	sound	sound		
patañjali_yoga_sūtras	YS_2_49_53	sound	sound		
patañjali_yoga_sūtras	YS_2_54_55	sound	sound		
patañjali_yoga_sūtras	YS_3_01_03	sound	sound		
patañjali_yoga_sūtras	YS_3_07_08	sound	sound		
patañjali_yoga_sūtras	YS_3_04_06	sound	sound		
patañjali_yoga_sūtras	YS_3_23_29	sound	sound		
patañjali_yoga_sūtras	YS_3_38_43	sound	sound		
patañjali_yoga_sūtras	YS_4_18_21	sound	sound		
patañjali_yoga_sūtras	YS_4_27_30	sound	sound		
phaedo_plato	PHAEDO_MD_001	sound	sound		
patañjali_yoga_sūtras	YS_4_31_34	sound	sound		
phaedo_plato	PHAEDO_MD_004	sound	sound		
phaedo_plato	PHAEDO_MD_003	sound	sound		
phaedo_plato	PHAEDO_MD_005	sound	sound		
phaedo_plato	PHAEDO_MD_006	sound	sound		
phaedo_plato	PHAEDO_MD_008	sound	sound		
phaedo_plato	PHAEDO_MD_009	sound	sound		
phaedo_plato	PHAEDO_MD_002	sound	sound		
phaedo_plato	PHAEDO_MD_011	sound	sound		
phaedo_plato	PHAEDO_MD_010	sound	sound		
plotinus_enneads	ENN_001	sound	sound		
phaedo_plato	PHD_001	sound	sound		
plotinus_enneads	ENN_008	sound	sound		
plotinus_enneads	ENN_I_6_01	sound	sound		
plotinus_enneads	ENN_I_6_07	sound	sound		
plotinus_enneads	ENN_I_6_08	sound	sound		
plotinus_enneads	ENN_I_6_09	sound	sound		
plotinus_enneads	ENN_V_1_04	sound	sound		
plotinus_enneads	ENN_V_1_11	sound	sound		
plotinus_enneads	ENN_VI_9_06	sound	sound		
plotinus_enneads	ENN_VI_9_09	sound	sound		
pratyabhijnahrdayam	PHR_002	sound	sound		
pratyabhijnahrdayam	PHR_004	sound	sound		
pratyabhijnahrdayam	PHR_003	sound	sound		
plotinus_enneads	ENN_V_1_10	sound	sound		
pratyabhijnahrdayam	PHR_007	sound	sound		
pratyabhijnahrdayam	PHR_009	sound	sound		
pratyabhijnahrdayam	PHR_014	sound	sound		
pratyabhijnahrdayam	PHR_015	sound	sound		
pratyabhijnahrdayam	PHR_017	sound	sound		
pseudo_dionysius	PD_DN_03	sound	sound		
pseudo_dionysius	PD_DN_05	sound	sound		
pseudo_dionysius	PD_DN_06	sound	sound		
pseudo_dionysius	PD_DN_12	sound	sound		
pseudo_dionysius	PD_MT_02	sound	sound		
rumi_mathnawi	MTH_011	sound	sound		
rūmī_mathnawī_yi_maʿnawī	RUM_001	sound	sound		
rūmī_mathnawī_yi_maʿnawī	RUM_003	sound	sound		
rūmī_mathnawī_yi_maʿnawī	RUM_002	sound	sound		
rūmī_mathnawī_yi_maʿnawī	RUM_004	sound	sound		
rūmī_mathnawī_yi_maʿnawī	RUM_005	sound	sound		
rūmī_mathnawī_yi_maʿnawī	RUM_006	sound	sound		
rūmī_mathnawī_yi_maʿnawī	RUM_008	sound	sound		
rūmī_mathnawī_yi_maʿnawī	RUM_009	sound	sound		
rūmī_mathnawī_yi_maʿnawī	RUM_010	sound	sound		
rūmī_mathnawī_yi_maʿnawī	RUM_013	sound	sound		
rūmī_mathnawī_yi_maʿnawī	RUM_014	sound	sound		
rūmī_mathnawī_yi_maʿnawī	RUM_020	sound	sound		
shantideva_bodhicaryavatara	BCA_01_01	sound	sound		
shantideva_bodhicaryavatara	BCA_01_15	sound	sound		
shantideva_bodhicaryavatara	BCA_02_01	sound	sound		
shantideva_bodhicaryavatara	BCA_02_22	sound	sound		
shantideva_bodhicaryavatara	BCA_03_06	sound	sound		
shantideva_bodhicaryavatara	BCA_04_01	sound	sound		
shantideva_bodhicaryavatara	BCA_05_01	sound	sound		
shantideva_bodhicaryavatara	BCA_05_101	sound	sound		
shantideva_bodhicaryavatara	BCA_06_01	sound	sound		
shantideva_bodhicaryavatara	BCA_06_23	sound	sound		
shantideva_bodhicaryavatara	BCA_08_01	sound	sound		
shantideva_bodhicaryavatara	BCA_07_01	sound	sound		
shantideva_bodhicaryavatara	BCA_08_120	sound	sound		
shantideva_bodhicaryavatara	BCA_08_BODY	sound	sound		
shantideva_bodhicaryavatara	BCA_08_EQUAL	sound	sound		
shantideva_bodhicaryavatara	BCA_09_01	sound	sound		
shantideva_bodhicaryavatara	BCA_09_140	sound	sound		
shantideva_bodhicaryavatara	BCA_10_55	sound	sound		
shantideva_bodhicaryavatara	BCA_10_01	sound	sound		
siva_sutra	SS_I.1	sound	sound		
siva_sutra	SS_I.10	sound	sound		
rūmī_mathnawī_yi_maʿnawī	RUM_022	sound	sound		
siva_sutra	SS_I.12	sound	sound		
siva_sutra	SS_I.13	sound	sound		
siva_sutra	SS_I.14	sound	sound		
siva_sutra	SS_I.19	sound	sound		
siva_sutra	SS_I.2	sound	sound		
siva_sutra	SS_I.21	sound	sound		
siva_sutra	SS_I.22	sound	sound		
siva_sutra	SS_I.4	sound	sound		
siva_sutra	SS_I.5	sound	sound		
siva_sutra	SS_I.6	sound	sound		
siva_sutra	SS_I.7	sound	sound		
siva_sutra	SS_I.9	sound	sound		
siva_sutra	SS_II.10	sound	sound		
siva_sutra	SS_II.12	sound	sound		
siva_sutra	SS_II.3	sound	sound		
siva_sutra	SS_II.6	sound	sound		
siva_sutra	SS_II.8	sound	sound		
siva_sutra	SS_II.7	sound	sound		
siva_sutra	SS_II.9	sound	sound		
siva_sutra	SS_III.12	sound	sound		
siva_sutra	SS_III.2	sound	sound		
siva_sutra	SS_III.3	sound	sound		
siva_sutra	SS_III.4	sound	sound		
siva_sutra	SS_III.6	sound	sound		
siva_sutra	SS_III.9	sound	sound		
siva_sutra	SS_III.8	sound	sound		
svetasvatara_upanishad	SU_03_08	sound	sound		
svetasvatara_upanishad	SU_03_19	sound	sound		
svetasvatara_upanishad	SU_04_03	sound	sound		
svetasvatara_upanishad	SU_04_10	sound	sound		
svetasvatara_upanishad	SU_06_11	sound	sound		
svetasvatara_upanishad	SU_06_23	sound	sound		
svetasvatara_upanishad	SVE_02_15_17	sound	sound		
svetasvatara_upanishad	SVE_03_03_07	sound	sound		
svetasvatara_upanishad	SVE_04_04_05	sound	sound		
svetasvatara_upanishad	SVE_04_08	sound	sound		
svetasvatara_upanishad	SVE_04_20_22	sound	sound		
svetasvatara_upanishad	SVE_05_12_14	sound	sound		
svetasvatara_upanishad	SVE_06_05_07	sound	sound		
svetasvatara_upanishad	SVE_06_20_22	sound	sound		
svetasvatara_upanishad	SVU_004	sound	sound		
svetasvatara_upanishad	SVU_006	sound	sound		
svetasvatara_upanishad	SVU_011	sound	sound		
svetasvatara_upanishad	SVU_013	sound	sound		
svetasvatara_upanishad	SVU_014	sound	sound		
svetasvatara_upanishad	SVU_015	sound	sound		
svetasvatara_upanishad	SVU_021	sound	sound		
svetasvatara_upanishad	SVU_022	sound	sound		
tantrasara	ts_001	sound	sound		
tantrasara	ts_002	sound	sound		
tantrasara	ts_003	sound	sound		
tantrasara	ts_010	sound	sound		
tantrasara	ts_012	sound	sound		
tantrasara	ts_014	sound	sound		
tantrasara	ts_016	sound	sound		
tantrasara	ts_018	sound	sound		
tantrasara	TS_AH_07_02	sound	sound		
tantrasara	TS_AH_09_01	sound	sound		
tantrasara	TS_AH_08_01	sound	sound		
tantrasara	TS_AH_10_01	sound	sound		
tantrasara	TS_AH_11_01	sound	sound		
tantrasara	TS_AH_12_01	sound	sound		
tantrasara	TS_AH_13_01	sound	sound		
tantrasara	TS_AH_16_01	sound	sound		
tao_te_ching	TTC_MD_001	sound	sound		
tao_te_ching	TTC_MD_003	sound	sound		
tao_te_ching	TTC_MD_002	sound	sound		
tao_te_ching	TTC_MD_004	sound	sound		
tao_te_ching	TTC_MD_005	sound	sound		
tao_te_ching	TTC_MD_008	sound	sound		
tao_te_ching	TTC_MD_009	sound	sound		
tao_te_ching	TTC_MD_011	sound	sound		
tao_te_ching	TTC_MD_014	sound	sound		
tao_te_ching	TTC_MD_015	sound	sound		
tao_te_ching	TTC_MD_016	sound	sound		
tao_te_ching	TTC_MD_019	sound	sound		
tao_te_ching	TTC_MD_028	sound	sound		
tao_te_ching	TTC_MD_034	sound	sound		
tao_te_ching	TTC_MD_040	sound	sound		
tao_te_ching	TTC_MD_042	sound	sound		
tao_te_ching	TTC_MD_050	sound	sound		
tao_te_ching	TTC_MD_051	sound	sound		
tao_te_ching	TTC_MD_062	sound	sound		
tao_te_ching	TTC_MD_069	sound	sound		
tao_te_ching	TTC_MD_072	sound	sound		
tao_te_ching	TTC_MD_078	sound	sound		
tao_te_ching	TTC_MD_079	sound	sound		
the_book_of_chuang_tzu	ctz_001	sound	sound		
the_book_of_chuang_tzu	ctz_002	sound	sound		
the_book_of_chuang_tzu	ctz_003	sound	sound		
the_book_of_chuang_tzu	ctz_004	sound	sound		
the_book_of_chuang_tzu	ctz_005	sound	sound		
the_book_of_chuang_tzu	ctz_007	sound	sound		
the_book_of_chuang_tzu	ctz_008	sound	sound		
the_book_of_chuang_tzu	ctz_009	sound	sound		
the_book_of_chuang_tzu	ctz_010	sound	sound		
the_book_of_chuang_tzu	ctz_013	sound	sound		
the_book_of_chuang_tzu	ctz_015	sound	sound		
the_book_of_chuang_tzu	ctz_025	sound	sound		
the_book_of_chuang_tzu	ZHUANGZI_MD_001	sound	sound		
the_book_of_chuang_tzu	ZHUANGZI_MD_002	sound	sound		
the_book_of_chuang_tzu	ZHUANGZI_MD_003	sound	sound		
the_book_of_chuang_tzu	ZHUANGZI_MD_005	sound	sound		
the_book_of_chuang_tzu	ZHUANGZI_MD_006	sound	sound		
the_book_of_chuang_tzu	ZHUANGZI_MD_007	sound	sound		
the_book_of_chuang_tzu	ZHUANGZI_MD_008	sound	sound		
the_book_of_chuang_tzu	ZHUANGZI_MD_009	sound	sound		
the_book_of_chuang_tzu	ZHUANGZI_MD_010	sound	sound		
the_book_of_chuang_tzu	ZHUANGZI_MD_013	sound	sound		
the_book_of_chuang_tzu	ZHUANGZI_MD_015	sound	sound		
the_book_of_chuang_tzu	ctz_030	sound	sound		
the_book_of_chuang_tzu	ZHUANGZI_MD_028	sound	sound		
the_book_of_chuang_tzu	ZHUANGZI_MD_016	sound	sound		
the_book_of_chuang_tzu	ZZ_001	sound	sound		
the_book_of_chuang_tzu	ZZ_003	sound	sound		
the_book_of_chuang_tzu	ZZ_009	sound	sound		
the_cloud_of_unknowing	CLOUD_01	sound	sound		
the_cloud_of_unknowing	CLOUD_02	sound	sound		
the_cloud_of_unknowing	CLOUD_04	sound	sound		
the_cloud_of_unknowing	CLOUD_05	sound	sound		
tilopa_mahamudra	TIL_001	sound	sound		
tilopa_mahamudra	TIL_002	sound	sound		
tilopa_mahamudra	TIL_003	sound	sound		
vajracchedika_diamond_sutra	VAJ_001	sound	sound		
vajracchedika_diamond_sutra	VAJ_003	sound	sound		
vajracchedika_diamond_sutra	VAJ_004	sound	sound		
vajracchedika_diamond_sutra	VAJ_002	sound	sound		
vajracchedika_diamond_sutra	VAJ_006	sound	sound		
vajracchedika_diamond_sutra	VAJ_011	sound	sound		
vajracchedika_diamond_sutra	VAJ_010	sound	sound		
vajracchedika_diamond_sutra	VAJ_012	sound	sound		
vajracchedika_diamond_sutra	VAJ_007	sound	sound		
vajracchedika_diamond_sutra	VAJ_018	sound	sound		
vajracchedika_diamond_sutra	VAJ_019	sound	sound		
vajracchedika_diamond_sutra	VAJ_021	sound	sound		
vajracchedika_diamond_sutra	VAJ_022	sound	sound		
vajracchedika_diamond_sutra	VAJ_023	sound	sound		
vajracchedika_diamond_sutra	VAJ_024	sound	sound		
vajracchedika_diamond_sutra	VAJ_025	sound	sound		
vajracchedika_diamond_sutra	VAJ_027	sound	sound		
vajracchedika_diamond_sutra	VAJ_029	sound	sound		
vajracchedika_diamond_sutra	VAJ_031	sound	sound		
vajracchedika_diamond_sutra	VAJ_032	sound	sound		
vijnana_bhairava	yukti_002	sound	sound		
vijnana_bhairava	yukti_003	sound	sound		
vijnana_bhairava	yukti_004	sound	sound		
vijnana_bhairava	yukti_007	sound	sound		
vijnana_bhairava	yukti_008	sound	sound		
vijnana_bhairava	yukti_009	sound	sound		
vijnana_bhairava	yukti_010	sound	sound		
vijnana_bhairava	yukti_013	sound	sound		
vijnana_bhairava	yukti_014	sound	sound		
vijnana_bhairava	yukti_015	sound	sound		
vijnana_bhairava	yukti_018	sound	sound		
vijnana_bhairava	yukti_017	sound	sound		
vijnana_bhairava	yukti_019	sound	sound		
vijnana_bhairava	yukti_021	sound	sound		
vijnana_bhairava	yukti_022	sound	sound		
vijnana_bhairava	yukti_023	sound	sound		
vijnana_bhairava	yukti_025	sound	sound		
vijnana_bhairava	yukti_027	sound	sound		
vijnana_bhairava	yukti_026	sound	sound		
vijnana_bhairava	yukti_029	sound	sound		
vijnana_bhairava	yukti_030	sound	sound		
vijnana_bhairava	yukti_031	sound	sound		
vijnana_bhairava	yukti_033	sound	sound		
vijnana_bhairava	yukti_034	sound	sound		
vijnana_bhairava	yukti_035	sound	sound		
vijnana_bhairava	yukti_037	sound	sound		
vijnana_bhairava	yukti_038	sound	sound		
vijnana_bhairava	yukti_036	sound	sound		
vijnana_bhairava	yukti_040	sound	sound		
vijnana_bhairava	yukti_043	sound	sound		
vijnana_bhairava	yukti_041	sound	sound		
vijnana_bhairava	yukti_044	sound	sound		
vijnana_bhairava	yukti_046	sound	sound		
vijnana_bhairava	yukti_047	sound	sound		
vijnana_bhairava	yukti_048	sound	sound		
vijnana_bhairava	yukti_050	sound	sound		
vijnana_bhairava	yukti_053	sound	sound		
vijnana_bhairava	yukti_054	sound	sound		
vijnana_bhairava	yukti_055	sound	sound		
vijnana_bhairava	yukti_056	sound	sound		
vijnana_bhairava	yukti_051	sound	sound		
vijnana_bhairava	yukti_061	sound	sound		
vijnana_bhairava	yukti_063	sound	sound		
vijnana_bhairava	yukti_064	sound	sound		
vijnana_bhairava	yukti_065	sound	sound		
vijnana_bhairava	yukti_068	sound	sound		
vijnana_bhairava	yukti_069	sound	sound		
vijnana_bhairava	yukti_070	sound	sound		
vijnana_bhairava	yukti_072	sound	sound		
vijnana_bhairava	yukti_073	sound	sound		
vijnana_bhairava	yukti_074	sound	sound		
vijnana_bhairava	yukti_075	sound	sound		
vijnana_bhairava	yukti_076	sound	sound		
vijnana_bhairava	yukti_078	sound	sound		
vijnana_bhairava	yukti_079	sound	sound		
vijnana_bhairava	yukti_080	sound	sound		
vijnana_bhairava	yukti_081	sound	sound		
vijnana_bhairava	yukti_083	sound	sound		
vijnana_bhairava	yukti_082	sound	sound		
vijnana_bhairava	yukti_085	sound	sound		
vijnana_bhairava	yukti_086	sound	sound		
vijnana_bhairava	yukti_088	sound	sound		
vijnana_bhairava	yukti_092	sound	sound		
vijnana_bhairava	yukti_095	sound	sound		
vijnana_bhairava	yukti_097	sound	sound		
vijnana_bhairava	yukti_096	sound	sound		
vijnana_bhairava	yukti_098	sound	sound		
vijnana_bhairava	yukti_099	sound	sound		
vijnana_bhairava	yukti_100	sound	sound		
vijnana_bhairava	yukti_101	sound	sound		
vijnana_bhairava	yukti_104	sound	sound		
vijnana_bhairava	yukti_107	sound	sound		
vijnana_bhairava	yukti_106	sound	sound		
vijnana_bhairava	yukti_105	sound	sound		
vijnana_bhairava	yukti_108	sound	sound		
vijnana_bhairava	yukti_110	sound	sound		
vijnana_bhairava	yukti_112	sound	sound		
yoga_spandakarika	SP_01	sound	sound		
yoga_spandakarika	SP_02	sound	sound		
yoga_spandakarika	SP_05	sound	sound		
yoga_spandakarika	SP_04	sound	sound		
yoga_spandakarika	SP_09	sound	sound		
yoga_spandakarika	SP_11	sound	sound		
yoga_spandakarika	SP_15	sound	sound		
yoga_spandakarika	SP_16	sound	sound		
yoga_spandakarika	SP_18	sound	sound		
yoga_spandakarika	SP_21	sound	sound		
yoga_spandakarika	SP_22	sound	sound		
yoga_spandakarika	SP_30	sound	sound		
yoga_spandakarika	SP_31	sound	sound		
yoga_spandakarika	SP_32	sound	sound		
yoga_spandakarika	SP_36	sound	sound		
yoga_spandakarika	SP_37	sound	sound		
yoga_spandakarika	SP_41	sound	sound		
yoga_spandakarika	SP_43	sound	sound		
yoga_spandakarika	SP_44	sound	sound		
yoga_spandakarika	SP_45	sound	sound		
yoga_spandakarika	SP_47	sound	sound		
yoga_spandakarika	SP_48	sound	sound		
yoga_spandakarika	SP_52	sound	sound		
yoginihrdaya	YH_001	sound	sound		
yoginihrdaya	YH_004	sound	sound		
yoginihrdaya	YH_006	sound	sound		
yoginihrdaya	YH_003	sound	sound		
zhongyong	ZY_002	sound	sound		
zhongyong	ZY_004	sound	sound		
zhongyong	ZY_005	sound	sound		
zhongyong	ZY_006	sound	sound		
zhongyong	ZY_009	sound	sound		
zhongyong	ZY_02	sound	sound		
zhongyong	ZY_01	sound	sound		
zhongyong	ZY_03	sound	sound		
zhongyong	ZY_08	sound	sound		
zhongyong	ZY_11	sound	sound		
zhongyong	ZY_12	sound	sound		
astavakra_gita	ASG_15_11	minor	minor	The phrase 'na te vṛddhi na vā kṣatiḥ' (there is no increase or decrease for you) is omitted from the translation, which is a significant part of the verse's meaning	In you, the infinite great ocean, the wave of the universe arises and subsides by its own nature. There is neither increase nor decrease for you.
astavakra_gita	ASG_1_11	minor	minor	Omits the crucial final clause 'yā matiḥ sā gatir bhavet' which states the principle that one's mental conviction determines one's actual state - this is the philosophical punchline that validates the paradox	One who considers oneself liberated is indeed liberated; one who considers oneself bound is indeed bound. This popular saying is true here: as one's conviction,
bhagavad_gita	BG_01_05_07	sound	sound	The new translation incorrectly translates 'saṃjñārthaṃ tānbravīmi te' as 'I name the leaders of my army so you may recognize them.' The original Sanskrit means 'I tell them to you for the purpose of information/knowledge' or 'I tell them to you by name/for your information,' referring to the list of distinguished warriors, not the act of naming itself as the purpose.; The new translation omits th	Dhṛṣṭaketu, Cekitāna, and the mighty king of Kāśi; Purujit, Kuntibhoja, and Śaibya, the best of men; Yudhāmanyu the valiant and Uttamaujas the powerful; the son
bhagavad_gita	BG_01_17_19	sound	sound	The new translation incorrectly attributes the blowing of conches to 'the sons of Draupadī on every side' and 'the mighty-armed son of Subhadrā' as the sole subjects, whereas the original Sanskrit clearly indicates that all the previously listed warriors (Kāśya, Śikhaṇḍī, Dhṛṣṭadyumna, Virāṭa, Sātyaki, Drupada, Draupadeyāḥ, and Saubhadra) blew their conches separately. The new translation's phrasi	Kāśya, the great archer, and Śikhaṇḍī, the great chariot-warrior; Dhṛṣṭadyumna, Virāṭa, and the unconquered Sātyaki; Drupada, and all the sons of Draupadī, O lo
bhagavad_gita	BG_01_26_28	sound	sound	The new translation omits a significant portion of Arjuna's speech, specifically the beginning of his lament.	There Pārtha saw standing fathers, then grandfathers, teachers, maternal uncles, brothers, sons, grandsons, and companions; fathers-in-law and dear friends as w
bhagavad_gita	BG_02_34_36	sound	sound	"The phrase ""you will come to lightness"" is an incorrect rendering of ""yāsyasi lāghavam"". 'Lāghavam' here means 'lightness' in the sense of 'insignificance' or 'disregard', not a physical state.; The phrase ""unsayable words"" for ""avācyavādāṃśca bahūn"" is too literal and misses the nuance. 'Avācya' means 'unfit to be spoken' or 'reproachful', implying abusive or derogatory words, not merely words th"	And beings will speak of your everlasting dishonor; for one who is esteemed, dishonor is worse than death. The great chariot-warriors will think you retreated f
bhagavad_gita	BG_02_17_19	sound	sound	The translation of 'nityasyoktāḥ śarīriṇaḥ' as 'of the eternal embodied one' is incorrect. 'Śarīriṇaḥ' is genitive plural, referring to the embodied souls, not a single embodied one. The phrase means 'of the eternal embodied (souls)'.; The phrase 'anāśino'prameyasya' is incorrectly placed and attributed. It modifies 'śarīriṇaḥ' (the embodied souls), not 'dehā' (bodies). It should be 'of the indest	Know that to be indestructible by which all this is pervaded. No one is able to bring about the destruction of this imperishable. These bodies are said to have 
bhagavad_gita	BG_02_14_15	sound	sound	The phrase 'Contacts of measure — sense and object' is an interpretive addition and not a direct translation of 'mātrāsparśāstu'. 'Mātrāsparśāḥ' refers to the contacts of the senses with their objects, but 'of measure' is not explicitly present in the Sanskrit.; The translation 'give cold and heat, pleasure and pain' for 'śītoṣṇasukhaduḥkhadāḥ' is acceptable, but 'dāḥ' more literally means 'givers	O son of Kunti, the contacts of the senses with their objects are producers of cold and heat, pleasure and pain. They come and go, they are impermanent; therefo
bhagavad_gita	BG_02_40_42	sound	sound	The new translation misinterprets 'vedavādaratāḥ' as 'devoted to Veda-debate'. The term 'vedavāda' refers to the literalistic or ritualistic interpretations of the Vedas, and 'ratāḥ' means 'delighting in' or 'attached to'. It's not about 'debate' but about adherence to a particular, limited understanding of the Vedas.; The new translation renders 'nānyadastīti vādinaḥ' as 'claiming nothing else ex	Here there is no loss of effort begun, nor is there any adverse consequence. Even a little of this dharma delivers one from great fear. The intellect characteri
bhagavad_gita	BG_02_51_53	sound	sound	The translation of 'śrutivipratipannā' as 'torn by conflicting revelations' is inaccurate. It refers to an understanding that is bewildered or confused by various Vedic statements, not necessarily conflicting revelations.; The phrase 'samādhāvacalā buddhiḥ' is translated as 'unshaken in samādhi', which is a plausible interpretation, but 'samādhau acalā buddhiḥ' more literally means 'intellect unmo	For the wise, indeed, yoked to understanding, having abandoned the fruit born of action, freed from the bondage of birth, they go to the untainted state. When y
bhagavad_gita	BG_02_46	sound	sound	The new translation inverts the meaning of the analogy. The original states that the utility of the Vedas for a knowing Brahmin is *as limited as* the utility of a small well when there is a flood everywhere, implying that the Vedas are superseded by direct knowledge, not that they are as useful as a reservoir in a flood.	As much utility as a well has when water is flooded everywhere, so much utility do all the Vedas have for a Brahmin who truly knows.
bhagavad_gita	BG_02_49	sound	sound	The phrase 'make themselves causes of fruit' is an inaccurate rendering of 'phalahetavaḥ'. The original means 'those whose motive is the fruit' or 'those who are motivated by results'.	Action is indeed far inferior to the yoga of understanding, Dhanañjaya. Seek refuge in understanding; pitiable are those whose motive is the fruit of their acti
bhagavad_gita	BG_02_70	sound	sound	The translation misinterprets the subject of 'being filled from every side' and 'standing in unmoved firmness'. These phrases refer to the ocean, not the waters entering it.; The phrase 'being filled from every side' is an inaccurate rendering of 'āpūryamāṇam' which means 'being filled' or 'being replenished', implying a continuous process, not necessarily 'from every side'.; The phrase 'standing 	Just as waters enter the ocean, which is ever being filled yet remains unmoving in its foundation, so too the person into whom all desires enter attains peace, 
bhagavad_gita	BG_03_26	sound	sound	The new translation misinterprets 'joṣayet sarvakarmāṇi' as 'delighting them in all actions'. The verb 'joṣayet' here means 'should encourage' or 'should cause to perform', referring to the wise person encouraging the ignorant to perform their duties, not delighting the ignorant in their actions.; The phrase 'samācaran' is translated as 'should perform them', which is grammatically ambiguous in En	One who is wise and integrated should not create a division of understanding among the ignorant who are attached to action. Rather, performing all actions onese
bhagavad_gita	BG_05_18	sound	sound	The term 'śvapāke' is translated as 'dog-cooker', which is an incorrect interpretation. 'Śvapāka' refers to an outcaste, specifically one who eats dog meat, often translated as 'outcaste' or 'chandala'.	The wise see with an equal eye a brahmin endowed with learning and humility, a cow, an elephant, a dog, and an outcaste.
bhagavad_gita	BG_09_26	minor	minor	'striving self' (prayatātmanaḥ) should be 'pure-hearted/pure-minded one' - refers to the devotee's inner purity, not striving effort	Whoever offers Me with devotion a leaf, a flower, a fruit, or water, that devotional offering I accept from the pure-hearted one.
bhagavad_gita	BG_08_06_08	sound	sound	The translation of 'sadā tadbhāvabhāvitaḥ' as 'always cultivated into that state' is a misinterpretation. It refers to being constantly absorbed or imbued with that particular state or being throughout one's life, not just at the moment of death.; The phrase 'yāti pārthānucintayan' is translated as 'contemplating, one reaches the supreme divine Person, O Pārtha'. The word 'anucintayan' is a presen	Whatever state of being one remembers when casting off the body at the end, to that very one he goes, O son of Kunti, having been constantly absorbed in that st
bhagavad_gita	BG_10_39_40	minor	minor	'this has been declared as an illustration of My extent' slightly misrepresents 'eṣa tu uddeśataḥ proktaḥ vibhūteḥ vistaraḥ mayā' - the phrase means 'this extent/elaboration of [My] vibhūti has been declared by Me by way of example/in brief', not 'as an illustration of My extent'	And whatever is the seed of all beings, that I am, O Arjuna; there is no being, moving or unmoving, that can exist without Me. There is no end to My divine mani
bhagavad_gita	BG_10_36_38	sound	sound	The new translation includes a line that is not present in the provided Sanskrit original: 'Among Sāman chants I am Bṛhat-Sāman; among meters, Gāyatrī; among months, Mārgaśīrṣa; among seasons, spring.' This line belongs to the preceding verse (10.35) and is not part of the given passage (10.36-38).; The translation of 'sattvaṃ sattvavatāmaham' as 'the sattva of the sattvic' is a tautology and miss	I am the gambling of the deceitful; I am the splendor of the splendid. I am victory, I am determination, I am the inherent strength of the strong. Among the Vṛṣ
bhagavad_gita	BG_11_19_21	sound	sound	The new translation omits the entire third stanza of the original passage.; The new translation incorrectly translates 'dīptahutāśavaktram' as 'blazing fire-mouth'. While 'dīpta' means blazing and 'hutāśa' means fire, 'vaktram' refers to a face or mouth, but in this context, it's more accurately 'blazing sacrificial fire as a face' or 'face like a blazing sacrificial fire', emphasizing the intensi	You are without beginning, middle, or end, of infinite power, with endless arms, the moon and sun as Your eyes; I see You with a face like a blazing sacrificial
bhagavad_gita	BG_10_42	sound	sound	The first line of the new translation, 'But what is this extensive knowledge to you, O Arjuna?', misinterprets the interrogative 'kim' and the instrumental 'bahunaitena'. It should convey 'what is the use of much knowledge' or 'what is the need for much knowledge' rather than 'what is this knowledge'. The original implies that extensive knowledge is unnecessary for Arjuna to grasp the core truth b	Or, what is the use of much knowledge for you, O Arjuna? Having pervaded this entire universe with a single fraction, I remain.
bhagavad_gita	BG_11_34_36	sound	sound	The new translation omits a crucial clause in Sanjaya's narration: 'namaskṛtvā bhūya evāha kṛṣṇaṃ' which means 'having bowed, he spoke again to Krishna'. The new translation only says 'bowing, spoke again stammering', which misses the direct object 'Krishna' and the repetition implied by 'bhūya eva' (again indeed).	Drona, Bhishma, Jayadratha, Karna, and other warrior-heroes — them, already slain by Me, you must kill; do not be distressed; fight; you will conquer your adver
bhagavad_gita	BG_13_22_24	sound	sound	The new translation incorrectly places 'paramātmeti cāpyukto' as part of the list of epithets for 'puruṣaḥ paraḥ'. In the original, 'paramātmeti cāpyukto' is a separate clause stating that the supreme Purusha is also called the Paramatma.; The new translation omits the crucial 'dehe'smin' (in this body) from the clause 'paramātmeti cāpyukto dehe'smin puruṣaḥ paraḥ', which specifies where the supre	Indeed, the individual residing in nature experiences the qualities born of nature. Attachment to these qualities is the cause of his birth in good and evil wom
bhagavad_gita	BG_11_37_39	sound	sound	The translation of 'sadasattatparaṃ yat' as 'being and non-being, and what is beyond' is inaccurate. 'Sat' and 'asat' here refer to manifest and unmanifest reality, and 'tatparaṃ yat' means 'that which is beyond them'.; The translation omits a significant portion of the third stanza, specifically 'vāyuryamo'gnirvaruṇaḥ śaśāṅkaḥ prajāpatistvaṃ prapitāmahaśca|' which lists various deities and relati	And why should they not bow to You, O Great Soul, who are greater even than Brahma, the primal creator? O Infinite, Lord of gods, Abode of the world — You are t
bhagavad_gita	BG_12_04_06	sound	sound	The new translation omits the verb for the last clause, making it grammatically incomplete and semantically unclear. The original Sanskrit clearly states that 'they worship Me'.	"Having fully restrained the multitude of senses, with an equal mind everywhere, delighting in the welfare of all beings—they also attain Me alone.

Greater is t"
bhagavad_gita	BG_13_34_35	sound	sound	The new translation misinterprets 'bhūtaprakṛtimokṣaṃ ca' as 'and the liberation of beings from nature'. The original Sanskrit refers to the liberation (mokṣa) from the material nature (prakṛti) of beings (bhūta), not 'liberation of beings from nature' as a general concept. It's about the specific liberation from the material nature that constitutes beings.; The new translation omits the crucial '	Just as the one sun illuminates this entire world, so too does the knower of the field illuminate the entire field, O Bhārata. Those who thus perceive, with the
bhagavad_gita	BG_17_16_18	sound	sound	The new translation incorrectly combines the second and third verses into a single sentence, leading to a misattribution of 'this threefold austerity' to the 'austerity of the mind' mentioned in the first verse. The original Sanskrit clearly separates these concepts.; The new translation omits the phrase 'tapas tat trividhaṃ naraiḥ' (this threefold austerity by men) from the second verse, which re	Serenity of mind, gentleness, silence, self-control, and purity of disposition—this is called mental austerity. This threefold austerity, practiced by men with 
bhagavad_gita	BG_13_19_21	minor	minor	'kārya-kāraṇa-kartṛtve' refers to effect-cause-agency (the mechanism of action), not specifically 'production of the body and the senses' - this is an interpretive narrowing rather than direct translation	Thus the field, knowledge, and the knowable have been declared in brief. My devotee, understanding this, becomes fit for My state of being. Know that both Prakr
bhagavad_gita	BG_11_32	sound	sound	The phrase 'will cease to be' for 'na bhaviṣyanti' is too weak; it implies a natural cessation rather than a forceful destruction or non-existence. The original implies they will not exist or survive, specifically in the context of being killed in battle.; The translation 'will cease to be' for 'na bhaviṣyanti' misses the active negation of their future existence, which is crucial in the context o	The Blessed Lord said: I am Time, grown mighty, the destroyer of worlds, engaged here in annihilating these worlds. Even without you, all the warriors arrayed i
bhagavad_gita	BG_18_25_27	sound	sound	The phrase 'who does not speak as I' is a mistranslation of 'anahaṃvādī'. The correct meaning is 'one who is not boastful' or 'one who does not claim 'I did it''.	Action undertaken from delusion, without regard to consequence, loss, harm, or one's own capacity—that is called tamasic. The agent who is free from attachment,
chāndogya_upaniṣad	CHU_III_14	sound	sound	The new translation conflates multiple distinct passages from Chandogya Upanishad III.14, presenting them as a single continuous thought, which is not the case in the original.; The new translation introduces concepts and phrases not present in the original passage, such as 'One should meditate on the visible world as the beginning, end, and essence of [Brahman]', 'whose body is [spirit], form is 	All this, indeed, is Brahman. The Self (ātman) is described as smaller than a grain of rice, yet greater than the earth, sky, and heaven.
chāndogya_upaniṣad	CHU_08_03_01	minor	minor	The phrase 'yo yo hy asyetaḥ praiti' is rendered as 'whoever belonging to him departs from here' which is awkward and unclear; standard translations render this as 'whoever of his (relatives/dear ones) dies' or 'whichever of his (people) departs'; The phrase 'na tam iha darśanāya labhate' meaning 'one does not get/obtain him here for seeing' could be clearer as 'one cannot see him here' or 'one do	These true desires are covered by untruth. Though they are true and existent, untruth is their covering. For whoever of these (desires) departs from here, one d
chāndogya_upaniṣad	CHU_VI_01	minor	minor	The phrase 'hear the inaudible' is not present in the original VI.1 passage - the standard formulation is 'hear the unheard, think the unthought, know the unknown'; The term 'nail-scissors' (nakhanikṛntana) is an overly specific rendering; the original refers to a generic iron/metal cutting instrument; The phrase 'unity of all existence' adds interpretive weight not explicitly in the text itself, 	By that instruction, that knowledge, by which what was unheard becomes heard, what was unthought becomes thought, what was unknown becomes known. Just as, my de
chāndogya_upaniṣad	CHU_VI_10	sound	sound	The new translation misinterprets the key phrase 'yad vai tat sukṣmaṃ tat satyam'. It translates 'tat satyam' as 'This [True]' and then links it to 'ātman' and 'tat tvam asi' in a way that loses the direct meaning of the original phrase. The original states that the subtle essence *is* the True, and that all that exists has its self *in* that subtle essence. The new translation breaks this connect	That which is that subtle essence, that is the True. That is the Self. That thou art, O Śvetaketu.
chāndogya_upaniṣad	CHU_VI_11	sound	sound	The new translation introduces the concept of 'living Self' pervading the tree and absorbing nourishment, which is not present in the original. The original states that the tree 'lives' (jīvati) and 'rejoices' (modate) when it is 'pervaded by the living' (jīvenānuprabhūtam). The 'living' here refers to the life principle itself, not a 'living Self' as a distinct entity that pervades and absorbs.; 	This tree, my dear, when life has left one of its branches, that branch dries up. When life has left a second, that branch dries up. When life has left a third,
confucius_analects	AN_01_08	sound	sound	The translation of '學' (xué) as 'learning' in '學不固' (xué bù gù) is a common but inaccurate rendering. In this context, '學' refers to the 'way' or 'doctrine' that the scholar is committed to, not merely 'learning' in a general sense. The phrase '學不固' means that the 'way' or 'doctrine' he holds will not be firm or solid.; The phrase '主忠信' (zhǔ zhōng xìn) is translated as 'Hold faithfulness and since	The Master said, 'If a gentleman is not grave, he will not inspire awe, and the Way he holds will not be firm. Prioritize faithfulness and sincerity. Do not bef
confucius_analects	AN_06_28	sound	sound	The new translation misinterprets '恕' (shù) as 'the art of virtue'. While 'virtue' is related, '恕' specifically refers to 'reciprocity' or 'empathy' – treating others as one would wish to be treated, or judging others by oneself. It's a specific ethical principle, not a general 'art of virtue'.	Zigong said, 'If there were a man who extensively conferred benefits upon the people and was able to help everyone, what would you say of him? Could he be calle
confucius_analects	AN_01_02	sound	sound	The translation of '君子務本' as 'The superior man bends his attention to what is radical' is an interpretive choice that misses the more direct and common understanding of '務本' as 'to apply oneself to the root/fundamentals' or 'to prioritize the essentials'.; The translation of '本立而道生' as 'That being established, all practical courses naturally grow up' is a reasonable interpretation, but '道' here re	Master You said, 'It is rare for someone who is filial and fraternal to be inclined to defy their superiors. It has never happened that someone who is not incli
confucius_analects	AN_02_04	sound	sound	The phrase 'my ear was an obedient organ for the reception of truth' for '六十而耳順' (liù shí ér ěr shùn) is an interpretive expansion rather than a direct translation. 'Ear順' (ěr shùn) means that one's ear is compliant or receptive, implying that one can hear and understand without resistance or difficulty, or that one's understanding aligns with what is heard. The new translation adds an interpretiv	The Master said, 'At fifteen, I set my mind on learning. At thirty, I stood firm. At forty, I had no perplexities. At fifty, I knew the Mandate of Heaven. At si
confucius_analects	AN_04_15	sound	sound	The new translation incorrectly translates '吾道一以貫之' as 'my doctrine is that of an all-pervading unity.' While 'all-pervading unity' captures a common interpretation of '一以貫之', it is not a direct translation of the phrase itself, which literally means 'my Way is threaded through by one (principle)' or 'my Way is unified by one (principle)'. The new translation's rendering is an interpretation rathe	The Master said, 'Shen, my Way is threaded through by one principle.' Zengzi replied, 'Yes.' The Master went out, and the other disciples asked, 'What did he me
dhammapada	DHP_103_106	sound	sound	In verse 103, 'a thousand times over' is an invention; the original means 'a thousand men with a thousand (men)', implying a large number or a thousand times a thousand, but not 'a thousand times over' as a multiplier of the defeat itself.; In verse 104, 'all these other people' is an over-interpretation of 'itarā pajā', which simply means 'other people' or 'the other populace', contrasting with o	"Though one might conquer a thousand men with a thousand in battle, whoever conquers just oneself is indeed the supreme victor in battle.
Better indeed is the co"
confucius_analects	AN_12_02	sound	sound	The new translation omits a crucial clause at the end of the Master's response, which is present in the original text and is essential for understanding the full scope of 'perfect virtue' as described here.	Zhonggong asked about perfect virtue. The Master said, 'When you go out, treat everyone as if you were receiving a great guest. When you employ the people, trea
dhammapada	DHP_087_089	sound	sound	The translation of 'viveke yattha dūramaṃ' as 'the seclusion in which delight is difficult to find' is an inversion of the intended meaning. 'Dūramaṃ' here means 'hard to delight in' or 'difficult to enjoy', referring to the nature of seclusion itself, not that delight is hard to find within it. The wise person is to cultivate seclusion, even if it is difficult to find delight in it, as opposed to	The wise one, having abandoned the dark state, should cultivate the bright. Having gone from home to homelessness, they should cultivate seclusion, which is har
dhammapada	DHP_140_142	sound	sound	The new translation omits the first two lines of the original passage (Dhammapada 140), which describe the consequences of evil deeds in this life and the next. The provided translation starts with the second half of verse 140.; The new translation incorrectly numbers the verses. It labels the second half of 140 as 140, then 141, 142, 143a, and 143b. The original passage provided includes verses 1	If one does evil, one suffers here and hereafter; the evil-doer suffers in both realms. Or a blazing fire may burn one’s houses; when the body breaks apart, the
dhammapada	DHP_190_193	sound	sound	The new translation incorrectly translates the last verse (Dhp 193). It interprets 'dullabho purisājañño na so sabbattha jāyati, yattha so jāyatī dhīro taṃ kulaṃ sukham edhati' as referring to a 'person of noble stature' whose birth brings happiness to their family. However, in the context of the preceding verses (190-192) which speak of taking refuge in the Triple Gem and understanding the Four N	One who has gone for refuge to the Buddha, the Dhamma, and the Saṅgha, sees with right wisdom the four noble truths: suffering, the origin of suffering, the tra
dhammapada	DHP_280_283	sound	sound	In verse 283, 'nibbanā hotha' is translated as 'become free from bondage'. While 'nibbanā' is related to 'nibbāna', in this context, it means 'become free from the forest' or 'become unfettered' in a more literal sense, referring to the 'forest' of desires. 'Bondage' is a reasonable interpretation of the underlying meaning, but 'free from the forest' is more direct and aligns with the metaphor.	280. One who does not exert themselves when it is time to exert, though young and strong, overcome by laziness, with a mind full of slack intentions, indolent—s
dhammapada	DHP_337_340	sound	sound	In verse 339, 'duddiṭṭhaṃ' is mistranslated as 'whose view is mistaken'. It refers to something 'hard to see' or 'difficult to perceive', not a mistaken view.; In verse 339, 'vāhā vahanti' is translated as 'carry one away', but the subject of 'vahanti' is 'saṃkappā rāganissitā' (thoughts bound to passion), not the streams themselves carrying 'one away'. The thoughts are the ones carrying the strea	This I say to you—may you be well, all who are gathered here: dig out the root of craving, as one seeking usīra digs up bīraṇa grass. Do not let Māra break you 
dhammapada	DHP_136_139	minor	minor	Verse 138: 'loss' (jāniṃ) should be 'bodily injury/harm' - the term refers to physical harm/injury to the body, not general loss; Verse 138: 'bodily injury' (bhedanaṃ) should be 'breaking/fracture of the body' - more specifically refers to breaking/fracturing of limbs or body parts; Verse 139: 'breaking apart of possessions' is acceptable but 'destruction of wealth/property' would be more precise 	"136. When a fool performs harmful deeds, he does not recognize them; the dull-minded person is tormented by those very deeds, as though scorched by fire.

137. "
dhammapada	DHP_323_326	sound	sound	The translation of 323 misinterprets 'danto dantena gacchati' as 'one who is tamed goes there by oneself, through a self well trained.' The original means 'a tamed one goes with a tamed one' or 'a tamed one goes by means of a tamed one,' referring to the tamed self or mind as the vehicle.; In 326, 'hatthippabhinnaṃ viya aṃkusaggaho' is translated as 'as an elephant-driver holds a rutting elephant 	"Not by these vehicles can one reach the untrodden destination; rather, a tamed one goes by means of a tamed one.

The elephant named Dhanapālaka, fierce in rut "
dhammapada	DHP_353_356	sound	sound	The new translation of verse 355 incorrectly states that 'the fool destroys others—and himself as well' due to craving for possessions. The original text indicates that the fool destroys himself through craving for possessions, and also destroys others (or others are destroyed by him), but the primary agent of self-destruction is the fool himself due to his craving.	I am one who has overcome all, who knows all; among all things I am unstained. Having abandoned all, I am liberated through the destruction of craving. Having k
dhammapada	DHP_357_359	sound	sound	The translation of 'dosadosā' as 'spoiled by hatred' is incorrect. 'Dosa' in this context refers to a general fault or blemish, not specifically hatred (which is 'dosa' as one of the three roots of unwholesome action, but here it's a general term for 'fault'). The parallel structure with 'tiṇadosāni' (spoiled by weeds) and 'mohadosā' (spoiled by delusion) and 'icchādosā' (spoiled by craving) indic	"Fields are spoiled by weeds; this populace is spoiled by faults. Therefore, what is given to those free from faults bears great fruit.
Fields are spoiled by wee"
dhammapada	DHP_349_352	sound	sound	In verse 351, 'bhavasallāni' (arrows of becoming) is mistranslated as 'arrows of becoming' when it should be 'darts of existence' or 'darts of rebirth'. The term 'bhava' refers to existence or rebirth, and 'salla' refers to a dart or arrow, often implying a painful or piercing element.; In verse 352, 'niruttipadakovido akkharānaṃ sannipātaṃ jaññā pubbāparāni ca' is mistranslated as 'skilled in exp	349. For a person agitated by thoughts, intensely passionate, and observing what is pleasing, craving grows even more. Indeed, such a one makes the bond strong.
dhammapada	DHP_375_378	sound	sound	In verse 377, 'jasmine plant' is an incorrect translation of 'vassikā'. 'Vassikā' refers to a flower that blooms in the rainy season, often identified as Jasminum sambac, but the key is 'faded flowers' (maddavāni pamuñcati), which implies shedding or dropping, not necessarily 'faded' in the sense of discolored, but rather soft/withered and ready to fall. The translation 'faded flowers' is a reason	375. This is the beginning for a discerning monk here: guarding the senses, contentment, and restraint according to the Pātimokkha. Associate with good friends,
dhammapada	DHP_406_409	sound	sound	The translation of 'nibbutaṃ' as 'quenched' in verse 406 is a mistranslation. In this context, it refers to being 'calm' or 'peaceful', not 'extinguished' or 'quenched' in a literal sense.; The translation of 'viññāpaniṃ' as 'clear' in verse 408 is inaccurate. It means 'instructive' or 'intelligible', referring to words that convey understanding.	Among the hostile, one who is not hostile; among those wielding weapons, one who is peaceful; among the grasping, one who is not grasping—that one I call a brah
dhammapada	DHP_386_389	sound	sound	In verse 387, 'jhāyī tapati brāhmaṇo' is translated as 'the meditating brahmin shines in contemplation.' The term 'jhāyī' refers to the meditator, and 'tapati' means 'shines' or 'burns.' The phrase 'in contemplation' is an interpretive addition not directly present in the original, which simply states that the meditator shines.; In verse 388, 'samacaryā samaṇo ti vuccati' is translated as 'Because	"I call him a brahmin who meditates, is stainless and seated, whose task is done, who is free from defilements, and who has attained the highest goal.
By day the"
dhammapada	DHP_422_423	sound	sound	The new translation incorrectly includes the chapter colophon and verse enumeration as part of the translation of verses 422-423. These are not part of the verses themselves but rather editorial notes or a summary of the entire Dhammapada.; The new translation omits the final 'tam ahaṃ brūmi brāhmaṇaṃ' (him I call a brahmin) from verse 422, which is crucial for the structure and meaning of the ver	"The one who is a bull, preeminent, heroic, a great seer, victorious, unshaken, bathed, awakened—him I call a brahmin.
The one who knows his former abodes, who s"
dhammapada	DHP_CH02	sound	sound	In verse 22, 'ariyānaṁ gocare ratā' is translated as 'rejoice in the knowledge of the Ariyas (the elect)'. 'Gocara' means 'sphere' or 'domain', not 'knowledge'. The phrase refers to delighting in the sphere or domain of the noble ones, which implies their practices or teachings, not their knowledge itself.; In verse 23, 'yogakkhemaṁ anuttaraṁ' is translated as 'the highest happiness'. While Nibban	"Earnestness is the path to the deathless, heedlessness the path to death. The earnest do not die; the heedless are as if dead.
Having understood this distinctio"
dhammapada	DHP_CH04	sound	sound	In verse 44 and 45, 'pacessati' is translated as 'find out' which is incorrect. It means 'will gather' or 'will choose'.; In verse 46, 'papupphakāni' is translated as 'flower-pointed arrow' which is an interpretation rather than a direct translation. It refers to the 'flower-arrows' or 'flower-darts' of Mara, which are his temptations or snares.	Who will conquer this earth, and this world with its gods, and the realm of Yama? Who will gather the well-taught path of Dhamma, just as a skilled person gathe
dhammapada	DHP_CH11	minor	minor	Verse 147: 'covered with wounds' (arukāyaṁ) is slightly imprecise - the term means 'a mass of sores/wounds' not merely 'covered with'; 'which has no strength, no hold' misses the emphasis on impermanence (dhuvaṁ ṭhiti = stable/permanent standing/state)	"What laughter, what joy, when there is constant burning? Shrouded in darkness, why do you not seek a lamp?
Look at this painted image, a body built up of wounds"
dōgen_shōbōgenzō	DOG_005	sound	sound	The translation of '生は一期の位なり死も一期の位なり' as 'Birth is a temporary position; death is a temporary position' is inaccurate. '一期の位' refers to a 'stage of existence' or 'a full phase of life,' not merely 'temporary.'; The final sentence 'Do not think winter becomes spring, or say spring becomes summer' is an invention; the original text does not contain this clause. The original text ends with '冬は春とならず春は	Firewood becomes ash, and it does not return to being firewood again. However, you should not think that ash is its future and firewood its past. You should kno
dhammapada	DHP_CH18	sound	sound	The translation of 'ariyabhūmiṁ' as 'heavenly world of the elect (Ariya)' in verse 236 is a significant misinterpretation. 'Ariyabhūmi' refers to the noble state or the state of the noble ones (those who have attained stages of enlightenment), not a 'heavenly world' in the conventional sense. It denotes a spiritual attainment, not a celestial realm.; The translation of 'Dibbaṁ ariyabhūmiṁ upehisi'	You are now like a withered leaf; the messengers of Death have drawn near to you. You stand at the threshold of your departure, and you have no provisions for y
dhammapada	DHP_CH20	minor	minor	Verse 273: 'four words' is imprecise for 'caturo padā' which means 'four foundations/bases' referring to the Four Noble Truths, not 'four words'; Verse 273: 'virtues' (dhammānaṁ) should be 'teachings/qualities/things' not specifically 'virtues'; Verse 273: 'men' (dvipadānañca) literally means 'two-footed beings/bipeds' which is broader than just 'men'; Verse 275: 'thorns (in the flesh)' adds '(in 	"Of paths, the Eightfold is the best; of truths, the Four Noble Truths; of states, dispassion is the best; of bipeds, the one with vision.
This is the path, ther"
dōgen_shōbōgenzō	DOG_002	sound	sound	The translation of '諸法盡きて' as 'the myriad dharmas come forth' is incorrect; it should be 'the myriad dharmas advance to' or 'the myriad dharmas come to'.	To carry the self forward and practice the myriad dharmas is delusion. That the myriad dharmas advance to and practice the self is awakening. Those who greatly 
dōgen_shōbōgenzō	DOG_006	sound	sound	The original text does not mention 'Sanskrit (IAST)' for Dōgen's Shōbōgenzō, which is written in Japanese.; The translation 'Realization is like the moon reflected in water' is an interpretation; the original states 'The moon reflected in water' as a direct subject.; The phrase 'The moon does not get wet; the water is not broken' is an inversion of the original's 'The moon does not get wet, the wa	The moon reflected in water: the moon does not get wet, the water is not broken. Although its light is vast and great, it dwells in a small amount of water. The
dōgen_shōbōgenzō	DOG_009	sound	sound	The phrase 'time already is being' (時節はすなわちこれ時である) is an inversion of the original '時節はすなはちこれ時なり' which means 'being is time' or 'time is being'. The new translation implies that time is a subset of being, rather than being itself being time.; The phrase 'it has time's adornment and radiance' (時節の荘厳光明なり) is an inversion. The original means 'it is the adornment and radiance of time', not that it po	So-called being-time means that being is precisely time, and all being is time. The sixteen-foot golden body is time; because it is time, it is the adornment an
dōgen_shōbōgenzō	DOG_004	sound	sound	The original text does not contain the phrase 'Sanskrit (IAST)'.; The original text is in Japanese, not Sanskrit.; The translation 'When you first seek the dharma, you are far from its environs' misinterprets the nuance of '法を求めし時、身をはなれて法にあらず'. It's not about being 'far from its environs' but rather that when one seeks the Dharma, one is not the Dharma itself, separate from one's own body.; The tr	When you seek the Dharma, you are not the Dharma, separate from your body. When the Dharma is correctly transmitted to the body, you immediately become a person
dōgen_shōbōgenzō	DOG_010	sound	sound	The translation misinterprets '諸法' (all dharmas/things) as 'the whole world' in the first sentence, which is a significant oversimplification and misdirection of Dōgen's philosophical scope.; The phrase '諸法は互いに障礙せず' (all dharmas do not hinder each other) is rendered as 'Things do not hinder one another', which is acceptable, but the subsequent 'just as times do not hinder one another' is an invers	We arrange the self and make all dharmas into the entire world. We see each dharma of the entire world as time. All dharmas do not hinder each other, and likewi
dōgen_shōbōgenzō	DOG_007	sound	sound	The translation misinterprets the phrase '水は際限なし' (mizu wa saigen nashi) and '空は際限なし' (sora wa saigen nashi) as 'the water has no end' and 'the sky has no end' respectively. While literally 'no end', in this context, it refers to the boundlessness or limitlessness of the medium, not its literal termination.; The translation omits a crucial clause 'しかあれども、鳥は空をはなれず、魚は水をはなれず' (shika aredomo, tori wa 	When fish swim in water, however far they go, the water is boundless. When birds fly in the sky, however far they fly, the sky is boundless. Nevertheless, birds
dōgen_shōbōgenzō	DOG_001	sound	sound	The new translation misinterprets the phrase '諸法無我' (shohō muga) as 'When the myriad dharmas are without self'. While '無我' (muga) does mean 'without self' or 'no-self', in this context, it refers to the Buddhist doctrine of anātman (no-self) as applied to all phenomena. The original text is stating that when all dharmas are seen as 'no-self' (i.e., understood through the lens of anātman), then cer	When all dharmas are the Buddha-dharma, then there are delusion and realization, practice, birth and death, buddhas and sentient beings. When all dharmas are no
dōgen_shōbōgenzō	DOG_012	sound	sound	"The translation misinterprets '時節' (jijie) as 'time's only capacity' instead of 'the season/occasion of flying away' or 'the flying away itself as time'.; The translation misinterprets '間隙' (kangeki) as 'gaps would appear' instead of 'there would be a gap' or 'it would be a gap'.; The translation misinterprets '只管' (shikan) as 'only' in 'studying only ""it has passed""' instead of 'just' or 'simply'"	Do not understand time as merely flying away. Do not study flying away as being-time. If time were only flying away, there would be a gap. Not hearing the Way o
ecclesiastes_qoheleth	QOH_03_16_20	sound	sound	The translation of 'כִּי־עֵ֣ת לְכָל־חֵ֔פֶץ וְעַ֥ל כָּל־הַֽמַּעֲשֶׂ֖ה שָֽׁם' as 'for there is a time there for every purpose and for every deed' in verse 17 is a plausible but less common interpretation. Most scholarly translations understand 'שָׁם' (there) to refer to God's judgment, meaning 'for there is a time for every purpose and for every deed *there* (i.e., in God's judgment)'. The new trans	
ecclesiastes_qoheleth	QOH_02_06_10	sound	sound	The translation of 'וּבְנֵי־בַ֖יִת' as 'household-born servants' is too narrow; it refers to those born into one's household, but also more generally to one's household staff or family members, often including those acquired.; The translation of 'שִׁדָּ֥ה וְשִׁדּֽוֹת' as 'a woman, and women' is a significant mistranslation. This phrase refers to concubines or female companions, not just 'women' in	"I made for myself pools of water, to irrigate from them a forest of growing trees.
I acquired male and female slaves, and I had household staff. I also had abun"
dōgen_shōbōgenzō	DOG_011	sound	sound	The translation misinterprets '三頭八臂の時、黄金の時' as 'a time I was three heads and eight arms, a time I was the golden body' instead of 'the time of three heads and eight arms, the time of the golden body,' which refers to specific, distinct periods or states, not necessarily the 'I' being those forms.; The phrase '山河を越え来しがごとし' is translated as 'like crossing rivers and mountains,' but the '来し' (koshi) 	Ordinary people, hearing 'being-time,' think: the time of three heads and eight arms, the time of the golden body — it is like having come through mountains and
ecclesiastes_qoheleth	QOH_03_11_15	sound	sound	The translation of 'עֹלָם' as 'eternity' in 3:11 is a common but contested interpretation; 'world' or 'sense of time' is more accurate in context.; The phrase 'מִבְּלִ֞י אֲשֶׁ֧ר לֹא־יִמְצָ֣א הָאָדָ֗ם' in 3:11 is double-negative and means 'without man being able to find out' or 'so that man cannot find out', not 'yet so that no human being can discover'. The 'yet' introduces a contrast not present 	He has made everything beautiful in its time. He has also put the world in their hearts, yet without humanity being able to discover the work that God has done 
ecclesiastes_qoheleth	QOH_03_21_22	sound	sound	The new translation renders 'לִרְאוֹת' (to see) as 'to see what will be after them', which is an inversion of the original meaning. The original implies that no one can bring them back to see what happens after them, not that they can't see what will be after them.; The new translation renders 'יְבִיאֶנּוּ' (bring him) as 'bring them back', which adds 'back' and changes the nuance of the verb.	Who knows if the spirit of humans ascends upward, and the spirit of animals descends downward to the earth? So I saw that there is nothing better than for a per
ecclesiastes_qoheleth	QOH_06_01_05	sound	sound	The translation of 'הֶבֶל' as 'breath' in 6:2 is a mistranslation in this context; it should be 'futility' or 'vanity'.; The translation of 'נַחַת לָזֶה מִזֶּה' as 'it has more rest than that man' in 6:5 is an inversion of sense; it should be 'this one has more rest than that one' (referring to the stillborn having more rest than the man).	There is an evil I have seen under the sun, and it is great upon humankind: a man to whom God gives wealth, possessions, and honor, so that he lacks nothing for
ecclesiastes_qoheleth	QOH_04_16_17	sound	sound	The final clause 'כִּי־אֵינָם יוֹדְעִים לַעֲשׂוֹת רָע' is mistranslated. It does not mean 'for they do not know that they are doing evil' but rather 'for they do not know how to do evil' or 'they do not know that they are doing wrong/badly' in the sense of being ignorant of the consequences or impropriety of their actions, not that they are unaware of the evil nature of their actions. The nuance i	There is no end to all the people, to all who were before them; yet those who come later will not rejoice in him. For this too is futility and a chasing after w
ecclesiastes_qoheleth	QOH_06_06_10	sound	sound	The translation of 6:8b 'מַה־לֶּעָנִי יוֹדֵעַ לַהֲלֹךְ נֶגֶד הַחַיִּים' as 'What advantage has the poor person who knows how to conduct himself before the living?' is a common but debated interpretation. Many scholars understand 'יוֹדֵעַ לַהֲלֹךְ נֶגֶד הַחַיִּים' as referring to the poor person knowing how to live or survive, rather than 'conduct himself'. The new translation's rendering leans tow	
ecclesiastes_qoheleth	QOH_07_11_15	sound	sound	The translation of 7:14b, 'so that no one may discover anything that comes after him,' misinterprets the Hebrew phrase 'עַל־דִּבְרַת שֶׁלֹּא יִמְצָא הָאָדָם אַחֲרָיו מְאוּמָה'. This phrase means 'in order that humankind may not find anything after him/it' (i.e., after God or after the divine work/plan), implying that humans cannot fully comprehend or predict God's ways or what will come next. The 	Wisdom is good with an inheritance, and it is more beneficial for those who see the sun. For in the shadow of wisdom there is a shadow, as there is in the shado
ecclesiastes_qoheleth	QOH_08_01_05	sound	sound	The translation of 'וְעֹז פָּנָיו יְשֻׁנֶּא' as 'and the hardness of that face is changed' is a plausible interpretation, but 'hardness' for 'עֹז' (strength/boldness) is less common than 'boldness' or 'sternness' in this context. The verb 'יְשֻׁנֶּא' (y'shunne') is a Niphal imperfect of 'שנה' (shanah), meaning 'to be changed' or 'to be altered'. Many translations render this as the boldness/sternn	
ecclesiastes_qoheleth	QOH_10_01_05	sound	sound	The translation of 10:1 misinterprets the grammatical structure, making 'folly' the subject that 'outweighs' wisdom and honor, rather than the 'dead flies' or the 'perfumer's oil' being 'more precious than' wisdom and honor due to a little folly.; The translation of 10:3 omits the word 'כשהסכל' (when the fool) which is present in the Masoretic Text, leading to a slightly less precise rendering of 	"Dead flies make the perfumer's oil foul and ferment; a little folly is more weighty than wisdom and honor.
The heart of the wise is to his right, but the heart "
ecclesiastes_qoheleth	QOH_12_11_14	minor	minor	Verse 12:11: 'masters of gathered sayings' (ba'alei asuppot) is awkward; the phrase more likely refers to 'collected sayings' or 'anthologies' themselves being like firmly planted nails, not their 'masters'; Verse 12:13: 'the whole calling of humankind' adds interpretive weight to 'kol ha-adam' which typically means 'the whole duty/obligation of man' or 'this applies to all humanity' rather than s	
ecclesiastes_qoheleth	QOH_12_01_05	minor	minor	Verse 5: 'the almond tree is despised' (וְיָנֵאץ הַשָּׁקֵד) - the verb נאץ typically means 'blossoms/blooms' in this context, not 'is despised'; this is a well-known crux but the botanical interpretation (almond blossoms = white hair) is standard; Verse 5: 'the caper berry fails' (וְתָפֵר הָאֲבִיּוֹנָה) - פרר means 'fails/is ineffective' which is acceptable, though 'breaks/bursts' is also possible	Remember your Creator in the days of your youth, before the evil days come and the years arrive when you say, 'I have no pleasure in them'; before the sun and t
ecclesiastes_qoheleth	QOH_12_06_10	sound	sound	The new translation renders 'עַד אֲשֶׁר לֹא־ירחק' as 'Before the silver cord is drawn away'. While 'before' is a common rendering, the Hebrew 'עַד אֲשֶׁר לֹא' more literally means 'until not' or 'until it is not removed/far off'. In this context, it implies 'before it is removed' or 'while it is not yet removed'. The new translation's 'drawn away' is a plausible interpretation of 'ירחק' (be far/re	
epictetus_works	ENCH_02	sound	sound	"The translation of ""τὰ παρὰ φύσιν τῶν ἐπὶ σοί"" as ""those objects only which are contrary to the natural use of your faculties, which you have in your own control"" is an inversion of meaning. The original refers to things 'contrary to nature *among* those things that are up to you', not things 'contrary to nature *of* your faculties'.; The phrase ""τῶν ἐφʼ ἡμῖν, ὅσων ὀρέγεσθαι καλὸν ἄν, οὐδὲν οὐδέπω"	Remember that the promise of desire is attainment of what you desire, and the promise of aversion is not to fall into that which you avoid. And he who fails in 
epictetus_works	ENCH_36	sound	sound	The new translation misinterprets the second part of the analogy. The original Greek states that choosing the larger portion has 'no value' (ἀπαξίαν ἔχει) 'towards' (πρὸς δὲ) 'preserving the social aspect at a dinner, as it should be' (τὸ τὸ κοινωνικὸν ἐν ἑστιάσει, οἷον δεῖ, φυλάξαι). The new translation's 'yet has no value when the question is how to preserve the social propriety required at a di	Just as 'it is day' and 'it is night' have great worth when disjoined, but no worth when conjoined, so too choosing the larger portion may have worth for the bo
epictetus_works	ENCH_45	sound	sound	The translation of 'φαντασίας καταληπτικὰς' as 'clear impressions' is an oversimplification and misses the technical Stoic meaning of 'kataleptike phantasia' (apprehensive impression), which implies a grasp of reality. The original emphasizes that one should not form an opinion about the 'badness' of an action without understanding the underlying 'dogma' (guiding conviction/principle). The final c	Someone bathes quickly: do not say, 'He bathes badly,' but only, 'He bathes quickly.' Someone drinks much wine: do not say, 'He drinks badly,' but only, 'He dri
epictetus_works	ENCH_11	sound	sound	The final clause 'ὡς τοῦ πανδοχείου οἱ παριόντες' is mistranslated. It means 'as those passing through a hotel' or 'as travelers (care for) a hotel', not 'just as travelers view a hotel'. The nuance is about the *manner of care* or *relationship to the possession*, not merely the 'viewing' of it. The original implies a temporary, detached care, like a guest in a hotel, not an owner.	Never say of anything, 'I have lost it,' but rather, 'I have given it back.' Has your child died? It has been given back. Has your wife died? She has been given
epictetus_works	ENCH_09	sound	sound	The phrase 'unless that is your choice' incorrectly translates 'ἐὰν μὴ αὐτὴ θέλῃ', which means 'unless it (the prohairesis itself) wills it'. This is a crucial distinction in Epictetus's philosophy, as it emphasizes that only one's own faculty of choice can hinder itself, not external events.; The final clause 'σὸν δὲ οὔ' is translated as 'but not to yourself', which is ambiguous. Given the contex	Sickness is an impediment to the body, but not to the faculty of choice, unless the faculty of choice itself wills it. Lameness is an impediment to the leg, but
gospel_of_thomas	THOM_002	sound	sound	The new translation omits the final clause of the logion, which is crucial for its meaning. The original text clearly states that the one who finds will be astonished, and having been astonished, will reign over the All.	"Jesus said, ""Let the one who seeks not cease seeking until he finds. When he finds, he will be troubled. And when he is troubled, he will be astonished, and he "
epictetus_works	ENCH_33	sound	sound	"The translation of ""οἰκετίαν"" as ""family"" is incorrect; it refers to household servants or slaves.; The translation of ""τὰς ἔξω καὶ ἰδιωτικὰς διακρούου"" as ""Avoid public and vulgar entertainments"" misses the nuance of 'outside and private feasts/banquets', which are distinct from public spectacles. 'Entertainments' is too broad.; The translation of ""ἐν ἀλλοφύλοις ἀποληφθεὶς τύχοις"" as ""if you happ"	Immediately prescribe for yourself a certain character and pattern, which you will maintain both when you are alone and when you associate with others. Let sile
epictetus_works	ENCH_47	sound	sound	"The phrase ""μὴ καλλωπίζου ἐπὶ τούτῳ"" is mistranslated. It means 'do not pride yourself on this' or 'do not boast about this', not 'do not make an ornament of it'. The latter implies a physical adornment, while the original refers to boasting about one's simple living.; The phrase ""κἂν ἀσκῆσαί ποτε πρὸς πόνον θέλῃς. σεαυτῷ καὶ μὴ τοῖς ἔξω"" is mistranslated. The original means 'if you ever wish to t"	When your body is accustomed to a simple way of life, do not pride yourself on this, nor, if you drink water, say at every opportunity that you drink water. And
gospel_of_thomas	THOM_010	sound	sound	The phrase 'until it blazes' is an interpretive addition that is not present in the original Coptic. The Coptic 'šante-f-jero' means 'until it burns' or 'until it is kindled/ablaze', but the 'blazes' in the new translation implies a continuous or intense burning, whereas the Coptic simply indicates the initiation or state of burning. The original is more neutral regarding the intensity or duration	"Jesus said, ""I have cast fire upon the world, and behold, I am guarding it until it is kindled."""
epictetus_works	ENCH_48	minor	minor	The phrase 'vulgar person' for ἰδιώτου is somewhat pejorative; ἰδιώτης means 'layperson' or 'ordinary person' rather than 'vulgar'; The phrase 'sick or injured people' adds 'injured' which is not in the Greek ἄρρωστοι (sick/infirm); The phrase 'thwart the proper use of our own faculty of choice' significantly expands τῶν ἐφʼ ἡμῖν (things within our power/control)	The characteristic and disposition of an uninstructed person is that he never expects benefit or harm from himself, but from external things. The characteristic
epictetus_works	ENCH_46	sound	sound	The translation of 'κἀκεῖνος ἀπῆγεν αὐτούς' as 'and he would take them to others' is incorrect. The verb ἀπάγω means 'to lead away' or 'to turn away', not 'to take to others'. In this context, it means Socrates would turn them away from the idea of being introduced to philosophers, or perhaps from himself as a philosopher.; The phrase 'ἀπʼ αὐτῶν πεφθέντων τὰ ἔργα' is translated as 'the deeds that 	Never call yourself a philosopher, nor speak at length among ordinary people about theoretical principles, but rather act according to those principles. For exa
gospel_of_thomas	THOM_015	sound	sound	The new translation adds 'throw yourselves facedown and worship him' which is not present in the original Coptic text. This is an invented clause.; The new translation omits the phrase 'he is your Father' from the first part of the sentence, placing it only at the end, which changes the emphasis and structure of the original.	"Jesus said, ""When you see the one not born of a woman, he is your Father. You should worship him."""
gospel_of_thomas	THOM_008	sound	sound	The new translation adds the adjective 'wise' to describe the fisherman, which is not present in the original Coptic text.; The new translation renders 'one large fish' as 'one large, fine fish', adding 'fine' which is not in the original.; The new translation states 'The fisherman threw all the small fish back into the sea', whereas the original Coptic states that he 'cast out' or 'threw out' all	And he said: A person is like a fisherman who cast his net into the sea. He drew it up from the sea, full of small fish. Among them he found one large fish. He 
gospel_of_thomas	THOM_012	sound	sound	The phrase 'Wherever you have come from' is a mistranslation of 'the place where you came from' or 'the place to which you came'. The original Coptic refers to the disciples' origin or current location, not a general 'wherever'.; The phrase 'for heaven and earth came to be because of him' is a mistranslation. The Coptic 'ⲡⲁⲉⲓ ⲛ̄ⲧⲁⲧⲡⲉ ⲙⲛ̄ⲡⲕⲁϩ ϣⲱⲡⲉ ⲉⲧⲃⲏⲧϥ̅' means 'for whose sake heaven and earth cam	"The disciples said to Jesus, ""We know that you are going to depart from us. Who will be great over us?"" Jesus said to them, ""From the place to which you have co"
gospel_of_thomas	THOM_018	sound	sound	The new translation omits a crucial negation in the final clause, changing 'will not taste death' to 'will taste death' in the original Coptic.	"The disciples said to Jesus, ""Tell us, what will be our end?"" Jesus said, ""Have you discovered the beginning, that you are now seeking the end? For where the be"
gospel_of_thomas	THOM_016	sound	sound	The new translation omits the final clause of the logion, which is crucial for understanding the full meaning of the passage.	"Jesus said, ""Perhaps people think that I have come to cast peace upon the world, and they do not know that I have come to cast divisions upon the earth: fire, s"
gospel_of_thomas	THOM_025	sound	sound	The new translation omits a crucial negative particle, changing the meaning from 'do not love your brother as your soul' to 'love your brother as your soul'.; The new translation omits a crucial negative particle, changing the meaning from 'do not guard him as the pupil of your eye' to 'guard him as the pupil of your eye'.	"Jesus said, ""Do not love your brother as your soul, and do not guard him as the pupil of your eye."""
gospel_of_thomas	THOM_028	sound	sound	The phrase 'I found none among them thirsty' is an inversion of the original meaning. The original states that Jesus found them all drunk and that he did not find them thirsty, implying a lack of spiritual thirst, not that no one was thirsty.; The phrase 'My soul ached for the children of humankind' is an invented clause. The original text states 'I grieved over them' or 'I was distressed over the	"Jesus said, ""I stood in the midst of the world, and I appeared to them in flesh. I found them all drunk, and I did not find any among them thirsty. My soul was "
gospel_of_thomas	THOM_014	sound	sound	The translation of the first clause 'ⲉⲧⲉⲧⲛ̄ϣⲁⲛ ⲧⲉⲧⲛⲁϫⲡⲟ ⲛⲏⲧⲛ̄ ⲛ̄ⲛⲟⲩⲛⲟⲃⲉ' as 'If you fast, you will bring sin upon yourselves' is a significant mistranslation. The Coptic verb 'ϫⲡⲟ' (djpo) means 'to find' or 'to discover', not 'to bring upon'. The phrase 'ⲛ̄ⲛⲟⲩⲛⲟⲃⲉ' (n-nounobe) means 'a sin' or 'sins'. The standard understanding of this passage is that fasting *finds* or *reveals* sin, not that it 	"Jesus said to them, ""If you fast, you will find sin for yourselves; and if you pray, you will die; and if you give alms, you will do evil to your spirits. When "
gospel_of_thomas	THOM_037	sound	sound	The new translation omits the final clause of the logion, which is a significant part of Jesus's response.	His disciples said, “On what day will you appear to us, and on what day will we see you?” Jesus said, “When you strip yourselves naked without shame, and take y
gospel_of_thomas	THOM_038	sound	sound	The new translation omits a crucial phrase at the end of the first sentence, changing the meaning of the longing expressed by the disciples.; The new translation renders 'ⲟⲩⲛ̄ϩⲟ ⲟⲩ' (ounho ou) as 'Days are coming', which is an incorrect interpretation of this Coptic idiom. It should be 'There will be days' or 'There will come a time'.	"Jesus said, ""Many times you have longed to hear these words that I am speaking to you, and you have no one else from whom to hear them. There will be days when "
gospel_of_thomas	THOM_022	minor	minor	The disciples' question 'Then shall we enter as little children?' does not accurately capture the Coptic 'ⲉⲉⲓⲉⲛⲟ ⲛ̄ⲕⲟⲩⲉⲓ ⲧⲛ̄ⲛⲁⲃⲱⲕ⳿ ⲉϩⲟⲩⲛ ⲉⲧ' which means 'When we are little children, will we enter the kingdom?' - the conditional/temporal sense is lost; The phrase 'and the upper like the lower' translates 'ⲡⲥⲁ ⲛⲧⲡⲉ ⲛ̄ⲑⲉ ⲙ̄ⲡⲥⲁ ⲙⲡⲓⲧⲛ̄' but 'ⲧⲡⲉ' means 'above/heaven' and 'ⲡⲓⲧⲛ̄' means 'earth/below', s	Jesus saw some little children being nursed. He said to his disciples, “These little children who are being nursed are like those who enter the kingdom.” They s
gospel_of_thomas	THOM_032	sound	sound	The new translation adds a negation 'cannot fall' which is not present in the original Coptic. The original states that the city 'is established' (ⲉⲥⲧⲁϫⲣⲏⲩ) and 'has strength' (ⲙⲛ̄ϭⲟⲙ ⲛ̄ⲥϩⲉ), but does not explicitly say it 'cannot fall'. The 'cannot fall' is an interpretive addition, not a direct translation of the Coptic.; The new translation renders 'ⲙⲛ̄ϭⲟⲙ ⲛ̄ⲥϩⲉ' as 'firmly established', which 	"Jesus said, ""A city built on a high mountain, established and having the power to hide, will not be able to be hidden."""
gospel_of_thomas	THOM_052	sound	sound	The number 'twenty-four' is an invention; the original Coptic simply says 'the prophets'.; The phrase 'before you' is an invention; the original Coptic does not include this spatial or temporal qualifier for 'the one who is alive'.	"His disciples said to him, ""The prophets spoke in Israel, and all of them spoke about you."" He said to them, ""You have forsaken the living one who is in your pr"
gospel_of_thomas	THOM_042	sound	sound	The new translation omits the direct object of the verb 'pass through', which is 'the world' (or 'it', referring to the world). The original Coptic is 'ϣⲱⲡⲉ ⲉⲧⲉⲧⲛ̄ⲣ̄ ⲡⲁⲣⲁⲅⲉ', where 'ⲡⲁⲣⲁⲅⲉ' (parage) is a verb meaning 'to pass by/through' and it is used transitively here, with the implied object being the world, as is common in such contexts in the Gospel of Thomas. The new translation renders it a	"Jesus said, ""Become those who pass through it."""
gospel_of_thomas	THOM_053	sound	sound	The new translation misinterprets the final clause. The original Coptic 'ⲁϥ ⲧⲏⲣϥ' (af tērf) means 'it is entirely' or 'it is complete/perfect', referring to the true circumcision itself, not that it 'has proved wholly beneficial'.	"His disciples said to him, ""Is circumcision beneficial or not?"" He said to them, ""If it were beneficial, their father would beget them from their mother already"
gospel_of_thomas	THOM_055	sound	sound	The phrase 'in my way' is an invention; the original text refers to 'his cross'.; The phrase 'cannot become worthy of me' is an inversion of the original, which states 'will not be worthy of me'.	"Jesus said, ""Whoever does not hate his father and his mother cannot be a disciple to me. And whoever does not hate his brothers and his sisters and does not tak"
gospel_of_thomas	THOM_056	sound	sound	The new translation inverts the meaning of the second clause. The original states that 'the world is not worthy of him' (the one who knows the world), not that 'the world is not worthy of that one' (the one who has found a corpse).	"Jesus said, ""Whoever has come to know the world has found a corpse, and the world is not worthy of him."""
gospel_of_thomas	THOM_057	sound	sound	The new translation omits a significant portion of the original text, specifically the part where the man's workers ask him if they should go and pull up the weeds, and his subsequent instruction to let both grow until the harvest.; The new translation incorrectly states that 'at the harvest the weeds will become visible' when the original implies they will be separated or revealed at that time, n	"Jesus said, ""The kingdom of the Father is like a man who had good seed. His enemy came by night and sowed weeds among the good seed. The man's workers came to h"
heart_sutra	HS_001	sound	sound	The translation adds a negation 'form is not something standing apart from emptiness' which is not present in the original Sanskrit.; The translation adds 'What we call emptiness simply is form' which is not present in the original Sanskrit.	Form is emptiness; emptiness itself is form. Emptiness is not separate from form; what is form, that is emptiness. Just so are feeling, perception, formations, 
gospel_of_thomas	THOM_060	sound	sound	The new translation misinterprets the disciples' second response. They are not saying 'Otherwise he cannot do it' in a general sense, but rather expressing a specific understanding of the Samaritan's actions in relation to the lamb's state.; The new translation omits the crucial phrase 'he will not eat it' from the disciples' second response, which is present in the original and clarifies their me	They saw a Samaritan carrying a lamb as he was going into Judea. He said to his disciples, “Why is that man carrying the lamb?” They said to him, “So that he ma
heraclitus_fragments	HFR_P008	sound	sound	The original Greek text is not in Sanskrit (IAST) as stated in the prompt, but in Greek. This is a significant factual error in the prompt's premise.; The new translation includes 'TX.—Debate.' which is not part of the original fragment and appears to be an extraneous editorial note or instruction.	Gold-seekers dig up much earth and find little.
heraclitus_fragments	HFR_P007	sound	sound	The new translation misinterprets the meaning of 'unhoped for' as 'unattainable and inaccessible'. The original implies that what is not hoped for will not be found, not that it is inherently impossible to attain.; The new translation adds a causal clause ('since it is unattainable and inaccessible') that is not present in the original Greek, altering the logical flow and meaning.	If you do not hope, you will not find the unhoped for, for it is not to be discovered and is impassable.
heraclitus_fragments	HFR_P006	sound	sound	The original Greek refers to 'those who have heard' and 'those who are able to speak', not a general 'they' who understand neither how to hear nor how to speak. The new translation inverts the sense of the original, which is about the *incapacity* of certain people to understand, even when they hear or speak, rather than a lack of understanding of the *process* of hearing or speaking itself.	They do not know how to listen, nor how to speak.
heraclitus_fragments	HFR_P013	sound	sound	The original Greek text is not Sanskrit (IAST).; The new translation omits the crucial first-person pronoun 'I' (ἐγὼ) from the original, which is essential for understanding the speaker's direct assertion.; The new translation omits the verb 'prefer' or 'choose' (αἱρέομαι) and replaces it with 'honor', which changes the nuance of Heraclitus's statement from a personal preference or choice to a mor	I choose above all else what can be seen, heard, and learned.
heraclitus_fragments	HFR_P017	sound	sound	The original Greek does not mention 'treatises' or 'bad art'.; The original Greek states that Pythagoras 'made a wisdom for himself' (ἐποιήσατο ἑαυτῷ σοφίην), not 'made a wisdom of his own'.; The original Greek states that Pythagoras 'chose out these writings' (ἐκλεξάμενος ταύτας τὰς συγγραφάς), not 'chosen out these treatises'.; The original Greek states that Pythagoras 'made a wisdom for himself	Pythagoras, son of Mnesarchus, practiced inquiry beyond all other men, and having selected these writings, he made for himself a wisdom, a polymathy, and a bad 
heraclitus_fragments	HFR_P023	sound	sound	The original Greek does not contain the phrase 'The harmony of the world is a harmony of oppositions'. This is an interpretive addition, not a direct translation of the fragment.; The fragment states that 'the attunement (harmonia) of the bow and the lyre' is 'back-stretched' or 'back-turning', referring to the tension of opposing forces. The new translation omits this crucial descriptive element 	The back-stretched attunement of the bow and the lyre.
heraclitus_fragments	HFR_P030	sound	sound	The original fragment is only two words: 'eternal fire'. The new translation adds significant interpretive content not present in the original fragment, including the entire clause about the cosmos, gods, humans, and the Logos.	eternal fire
heraclitus_fragments	HFR_P028	sound	sound	The original Greek refers to 'the thunderbolt' (κεραυνός), not 'lightning'. While related, 'thunderbolt' carries a stronger connotation of divine power and agency, which is central to Heraclitus's meaning here. 'Lightning' is a more general meteorological phenomenon.	The thunderbolt steers all things.
heraclitus_fragments	HFR_P035	sound	sound	The original Greek does not mention 'day and night' as being one. It states that Hesiod did not know 'day and night' because he did not know what they are, implying a lack of understanding of their fundamental nature or relationship, not their unity.; The phrase 'For they are one' is an invention not present in the original Greek.	Hesiod is a teacher of the many. They believe him to have the most knowledge, though he did not understand day and night; for they are one.
heraclitus_fragments	HFR_P038	sound	sound	The original Greek refers to a 'dry soul' (ψυχὴ αὐή), not 'dry land'. The new translation misinterprets the subject of dryness.	The dry soul is wisest and best.
heraclitus_fragments	HFR_P042	sound	sound	The original Greek fragment (B125) speaks of the 'kykeon' (κυκεών), a specific mixture, not 'a mixture' in general. More importantly, it states that the kykeon 'separates if not stirred' (διαχωρεῖ μὴ κινούμενος), implying that stirring prevents separation, not that it separates when not kept in motion (which is true, but misses the specific nuance of the original).	The kykeon separates if it is not stirred.
heraclitus_fragments	HFR_P047	sound	sound	The original Greek text is not Sanskrit (IAST).; The fragment number '2248' is not a standard Heraclitus fragment number; the standard numbering for this fragment is B54 (Diels-Kranz).	Hidden attunement is stronger than manifest.
heraclitus_fragments	HFR_P049	sound	sound	The original Greek does not state that philosophers 'must be learned' but rather that 'men who are lovers of wisdom must be inquirers into very many things'.	Men who are lovers of wisdom must be inquirers into very many things.
heraclitus_fragments	HFR_P050	sound	sound	The original Greek refers to 'fullers' (γναφέων), not 'woolcarders'. Fullers were involved in cleaning and thickening cloth, a different process from carding wool.	The straight and crooked way of the fullers is one and the same.
heraclitus_fragments	HFR_P054	sound	sound	The new translation misinterprets the Greek word 'γναφείῳ' (gnapheio) as 'carder's shop' and 'screw', leading to an incorrect explanation of the 'straight and crooked' path. The original refers to the process of fulling or carding wool, not a mechanical screw.; The new translation introduces an extraneous explanation about a 'screw' and its movement, which is not present in the original fragment o	They delight in mud. And crooked, he says, are the same: 'The way of the wool-carders is straight and crooked.' 'It is one and the the same,' he says.
heraclitus_fragments	HFR_P055	sound	sound	The original Greek refers to 'every animal' being driven to pasture by a blow, not 'driven by blows' in a general sense. The new translation omits the crucial 'to pasture' (νομῇ) and misinterprets the singular 'blow' (πληγῇ) as plural 'blows', altering the specific action and its object.	Every animal is driven to pasture by a blow.
heraclitus_fragments	HFR_P059	sound	sound	The original Greek does not contain a command to 'unite' these opposites; rather, it describes their co-existence and the resulting unity.; The phrase 'all comes one, and from one all' is an inversion of the original's 'from all one and from one all'.	From all things one, and from one all things; whole and not whole, convergent divergent, consonant dissonant.
heraclitus_fragments	HFR_P066	sound	sound	The original text is Greek, not Sanskrit. The provided transliteration is for Greek terms, but the language is misidentified.	The bow's name is life, but its work is death.
heraclitus_fragments	HFR_P068	sound	sound	The new translation reverses the order of transformation in the second part of the fragment. The original states that water comes from earth, and soul from water, not the other way around.	For souls, it is death to become water; for water, it is death to become earth. From earth comes water, and from water, soul.
heraclitus_fragments	HFR_P073	sound	sound	The original Greek does not state that passion 'buys with its life' what it craves. Instead, it states that passion 'buys at the cost of the soul' or 'at the expense of the soul' what it desires. The new translation misrepresents the nature of the cost.	It is hard to fight against desire, for whatever it wishes, it buys at the cost of the soul.
heraclitus_fragments	HFR_P072	sound	sound	The original Greek fragment (B125) speaks of the 'kykeon' (κυκεών), a specific mixture, not 'a mixture' in general. More importantly, it states that the kykeon 'separates if not stirred' (διαχωρεῖ μὴ κινούμενος), implying that stirring prevents separation, not that it separates when not kept in motion (which is true, but misses the specific nuance of the original).	The kykeon separates if it is not stirred.
heraclitus_fragments	HFR_P084	sound	sound	The original Greek fragment (B125) speaks of the 'kykeon' (κυκεών), a specific mixture, not 'a mixture' in general. More importantly, it states that the kykeon 'separates if not stirred' (διαχωρεῖ μὴ κινούμενος), implying that stirring prevents separation, not that it separates when not kept in motion (which is true, but misses the specific nuance of the original).	The kykeon separates if it is not stirred.
heraclitus_fragments	HFR_P093	sound	sound	The original Greek refers to 'that with which they are in most continual association' as the Logos, which is not explicitly stated in the new translation, leading to a loss of specific meaning and context.; The new translation implies a general 'variance' rather than the specific 'strife' or 'discord' that is central to Heraclitus's philosophy regarding the Logos.	They are at variance with the Logos, with which they are in most continual association.
heraclitus_fragments	HFR_P096	sound	sound	The new translation includes extensive interpretive commentary and additional clauses not present in the original fragment, such as 'thus statedly shown that we do and think everything by participation in the divine reason, he (Heraclitus), after some previous exposition, adds:', 'But this is nothing else than an explanation of the mode of the universal disposition.', and 'As far, therefore, as we	Human nature has no understanding, but the divine has. It is necessary to follow the common. For although reason is common, the majority of people live as thoug
heraclitus_fragments	HFR_P101	sound	sound	The original Greek fragment (B 25) states that 'greater deaths gain greater portions/fates,' referring to the afterlife or destiny after death, not 'rewards' in a general sense. The new translation misses the specific reference to 'deaths' and 'portions/fates' in the context of the afterlife.	Greater deaths gain greater destinies.
heraclitus_fragments	HFR_P105	sound	sound	The original Greek does not state that passion 'buys with its life' what it craves. Instead, it states that passion 'buys at the cost of the soul' or 'at the expense of the soul' what it desires. The new translation misrepresents the nature of the cost.	It is hard to fight against desire, for whatever it wishes, it buys at the cost of the soul.
heraclitus_fragments	HFR_P108	sound	sound	The original Greek does not mention 'relaxation' or 'wine'. The passage refers to 'play' or 'amusement' (παιδιῇ) and 'drunkenness' (οἴνῳ).	It is better to conceal ignorance, but it is difficult to do so in play and in drunkenness.
heraclitus_fragments	HFR_P110	sound	sound	The original Greek refers to 'the will of one' as 'the will of the one' (τοῦ ἑνός), implying a universal principle or the divine, not just any single individual's will. The new translation misses this crucial definite article and its philosophical implication.	It is also law to obey the will of the One.
heraclitus_fragments	HFR_P112	sound	sound	The original Greek states that Bias of Priene was 'of greater logos' than others, which refers to his wisdom or understanding, not the monetary 'worth' of his word.	In Priene there lived Bias, son of Teutamus, whose understanding was greater than that of others.
heraclitus_fragments	HFR_P111	sound	sound	The new translation omits a significant clause from the original Greek, specifically the phrase 'what is the mind or understanding of them?' (τίς γὰρ αὐτοῖς νόος ἢ φρήν;). The provided translation only includes 'For what sense or understanding have they', which is an incomplete rendering of the original question.; The new translation incorrectly renders 'οἵτινες ἀοιδοῖς λαοῖσι πείθονται' as 'They 	For what mind or understanding do they possess? They are persuaded by popular songs, not knowing that the many are bad and the few good. For the best choose one
heraclitus_fragments	HFR_P126	sound	sound	The original Greek does not contain 'knowing nothing of gods or heroes, who they are'. This clause is an invention, adding a specific reason for the 'prattling' that is not present in Heraclitus's text.	And to these images they pray, as if one were to converse with houses.
heraclitus_fragments	HFR_P125	sound	sound	The original Greek refers to 'mysteries' as sacred rites or initiations, not merely 'things considered mysteries'.; The original Greek verb 'μυοῦνται' means 'they are initiated into' or 'they perform the rites of', not 'they celebrate sacrilegiously'. The 'sacrilegiously' part is an invention and a misinterpretation of the verb's meaning in this context.	For the mysteries among humans, they are initiated into impiously.
heraclitus_fragments	HFR_P130	sound	sound	The original Greek text is not Sanskrit (IAST).; The new translation omits a crucial clause about the nature of the defilement and the blood used for purification, specifically that the blood is 'of other blood' or 'of other men's blood', implying human sacrifice or a similar ritual, which is central to Heraclitus's critique.; The new translation's 'CXXTX' and 'Iamblichus, de Mys. i. 11' are sourc	They purify themselves by defiling themselves with blood, just as if someone who had stepped into mud were to wash himself with mud. For any human being who wou
isavasya_upanishad	ISA_002	minor	minor	Verse 1: 'what belongs to another' is interpretive; the original 'kasya svid dhanam' asks 'whose wealth indeed?' - a rhetorical question about ownership rather than a direct statement about 'another's' property; Verse 2: 'action cease to bind' misses the direct address and emphasis; original states 'thus for you, not otherwise than this, does action not cling to a person' - the double negative and	"All this, whatever moves in the moving world, is to be indwelt by the Lord. Enjoy through renunciation; do not covet - whose wealth is it, really?

Performing a"
isavasya_upanishad	ISA_013	minor	minor	The translation omits the important first clause 'yasmin sarvani bhutany atmaivabhud vijanatah' which establishes the cognitive realization that all beings have become the Self itself for the knower; The phrase 'for one who sees unity' captures 'ekatvam anupasyatah' but loses the fuller context that this unity-vision follows from the realization described in the first half	For one who knows that all beings have become the Self itself, what delusion and what sorrow can there be for one who perceives this oneness?
isavasya_upanishad	ISA_024	minor	minor	Missing the purpose clause 'rāye' (for wealth/prosperity); Omits 'bhūyiṣṭhām' (most abundant/repeated); Loses the specific reference to 'nama-uktim' (words of salutation/praise) in favor of generic 'reverence'	O Fire, lead us by the good path to prosperity, O God who knows all our ways. Remove from us the crooked sin. May we offer to you the most abundant words of sal
isavasya_upanishad	ISA_021	minor	minor	'satyadharmaya' means 'for one whose dharma is truth' or 'for the truthful one', not specifically 'for the seer devoted to truth' - the word 'drstaye' means 'for seeing/vision', so the phrase means 'for the vision of one whose dharma is truth' or 'for seeing by the truthful one'	The face of truth is covered by a golden vessel; O Nourisher (Pushan), uncover it for the vision of one whose dharma is truth.
isavasya_upanishad	ISA_023	minor	minor	The term 'krato' is vocative of 'kratu' meaning 'will/resolve/purpose' not 'mind' - while functionally similar in context, this is a specific technical term; The repetition 'krato smara krtam smara' (appearing twice) is reduced to single occurrence, losing the emphatic liturgical structure	May the breath merge with the immortal wind; may this body end in ashes. O Will, remember! Remember what was done! O Will, remember! Remember what was done!
isavasya_upanishad	IU_04	sound	sound	The translation of 'apo mātariśvā dadhāti' as 'Mātariśvan, the cosmic Wind, sets the waters in motion' is a significant misinterpretation. 'Apaḥ' (waters) in this context, especially within the Upanishadic framework, often refers to actions or functions, and 'dadhāti' means 'holds' or 'sustains', not 'sets in motion'. Mātariśvan (Prana/cosmic breath) is understood to sustain or arrange the cosmic 	Unmoving, one, swifter than the mind. The devas did not reach It, for It moved ahead. Standing still, It outruns others who run. In That, Mātariśvan sustains th
katha_upanishad	KAU_08_ONE_RULER	sound	sound	The translation of 'bahiś ca' in the first two verses as 'and is also outside' is a misinterpretation. It should refer to the Self being outside the forms it takes, not simply existing externally.; In verse 5.11, 'bāhyaḥ' is translated as 'being external', which is a misinterpretation. It should refer to the Self being outside the suffering of the world, not its location.; In verse 5.12, 'tam ātma	Just as fire, though one, having entered the world, takes a form corresponding to every form, so too the one Self within all beings takes a form corresponding t
katha_upanishad	KAU_09_IMMORTAL	sound	sound	The translation of 'yogo hi prabhavāpyayau' as 'yoga is subject to arising and passing away' is a significant mistranslation. The phrase means that yoga is the source of both origin and dissolution, or that it is the cause of both creation and destruction, referring to its profound power, not its impermanence.; The phrase 'tattvabhāvena cobhayoḥ' is translated as 'and in the true nature of both'. 	When the five sense-knowledges, along with the mind, come to rest, and the intellect does not stir—that, they say, is the highest state. This firm control of th
katha_upanishad	KAT_02_07_11	minor	minor	Verse 8: 'When taught by another, there is no access to it here' misses the crucial qualifier 'ananya-prokte' meaning 'when taught by one OTHER than [a qualified teacher]' - the sense is inverted; it should mean there IS no path when taught by someone unqualified, not just 'another'; Verse 9: 'when taught by another [who has realized it]' - the addition in brackets is interpretive but acceptable; 	Even to hear of this, many do not obtain the chance; and though many hear, they do not understand it. Wonderful is the one who can speak of it; rare is the one 
katha_upanishad	KAU_06_CHARIOT	sound	sound	The translation of 'ṛtaṃ pibantau' as 'Two who drink the truth' is a common but contested interpretation. Many scholars understand 'ṛtaṃ' here as referring to the fruits or consequences of actions, not 'truth' in an abstract sense, especially when paired with 'sukṛtasya' (of good deeds). The dual 'pibantau' (drinking) refers to the individual soul (jīva) and the supreme Self (Brahman) or intellect	The two, drinking the fruit of their good deeds in the world, having entered the cave in the highest abode — those who know Brahman call them light and shadow, 
mandukya_upanishad_and_gaudapada_karika	MUK_015	sound	sound	The new translation misinterprets 'saṃviśaty ātmanātmānaṃ' as 'merges the Self into the Self by the Self'. The correct meaning is that the Self enters the Self, or realizes its true nature as the Self, not a merging process facilitated by the Self.; The phrase 'ya evaṃ veda' is translated as 'One who knows this merges the Self into the Self by the Self', which incorrectly attributes the action of 	The fourth is without measure, beyond all transactions, the cessation of the phenomenal world, auspicious, non-dual. Thus, Om is indeed the Self. One who knows 
marcus_aurelius_meditations	MA_02_01	sound	sound	The original Greek lists these negative traits as belonging to 'men' (ἀνθρώπους), not specifically 'the meddlesome person' as a singular entity. The new translation implies a single individual embodying all these traits, which is not what Marcus states. He expects to encounter 'men' who are meddlesome, ungrateful, etc.	Begin the morning by saying to yourself: I shall meet with meddlesome men, with ungrateful, arrogant, deceitful, envious, and unsocial men.
marcus_aurelius_meditations	MA_04_03	sound	sound	The original Greek does not mention 'Sanskrit (IAST)' or 'Leopold/Perseus tradition' in relation to Marcus Aurelius's Meditations. This is an extraneous and incorrect detail.; The new translation omits a crucial part of the original sentence, which states that the desire for retreats is 'most characteristic of those who are utterly unphilosophical' (μάλιστα τῶν ἀφιλοσοφωτάτων). The translation onl	People seek retreats for themselves in the country, by the sea, and in the mountains. You too are accustomed to longing for such things. But all this is most ch
marcus_aurelius_meditations	MA_12_36	sound	sound	The new translation misinterprets the final clause. The original Greek states that the one who dismisses you is 'satisfied' (ἀπολύων εὐγνωμονεῖ), implying a just or reasonable dismissal, not that the dismisser is 'also satisfied' in the same way the departing person is. The 'also' is an unwarranted addition that changes the nuance.	You have lived as a citizen in this great city. Whether for five years or a hundred, what difference does it make? For what is in accordance with the laws is eq
marcus_aurelius_meditations	MED_02_03	sound	sound	"The translation incorrectly renders the phrase ""ὥσπερ αἱ τῶν στοιχείων, οὕτως καὶ αἱ τῶν συγκριμάτων μεταβολαί"" as ""The changes of the elements preserve the world, just as do the changes of compounded bodies."" The original Greek means that the changes of the elements preserve the world, and *similarly* the changes of compounded bodies also preserve the world. The new translation implies that the c"	The things of the gods are full of providence. The things of chance are not without nature, nor without the weaving and interlacing of what is governed by provi
marcus_aurelius_meditations	MED_02_02	sound	sound	The new translation misinterprets 'οὐ δέδοται' (it has not been granted) in context. The phrase refers to the books/pulling, meaning that one is not granted the luxury of being distracted by them, or that one's time for them is not granted. The new translation makes it a standalone, somewhat cryptic statement.; The new translation omits 'κροκύφαντος' (a fibrous web/shreds of fiber) from the descri	Whatever this 'I' is, it is flesh, a little breath, and the ruling faculty. Put away your books; do not be pulled along any longer. You are not granted that lux
marcus_aurelius_meditations	MED_04_19	sound	sound	The new translation misinterprets 'οἰκονομίαν τινά' as 'some practical ordering' instead of 'some dispensation' or 'some management/arrangement' (in the sense of a divine or natural order).; The new translation misinterprets 'πάρες γὰρ νῦν ἀκαίρως τὴν φυσικὴν δόσιν ἄλλου τινὸς ἐχομένην λόγου λοιπόν' as 'For now you are untimely setting aside nature’s gift, which has its own further reason.' The or	The one agitated about posthumous fame does not imagine that each of those who remember him will also very soon die; then, in turn, the one who succeeded that p
marcus_aurelius_meditations	MED_02_15	sound	sound	The new translation renders 'νόστιμον' as 'piquant point', which is a stylistic choice but misses the core meaning of 'palatable' or 'agreeable' in the context of accepting a saying. The phrase 'μέχρι τοῦ ἀληθοῦς δέχηται' means 'accepts it up to the point of truth' or 'accepts it insofar as it is true', not 'only as far as truth allows', which implies a limitation on truth rather than on acceptanc	That everything is opinion. For what is said concerning Monimus the Cynic is clear; and the usefulness of the saying is also clear, if one accepts its agreeable
marcus_aurelius_meditations	MED_04_18	sound	sound	"The phrase ""ἢ † κατὰ τὸν ἀγαθὸν"" is mistranslated. The dagger symbol (obelus) indicates a textual problem or corruption in the original Greek, and the translator has correctly noted this. However, the translation 'and [as the text uncertainly adds] in keeping with the good' implies that this phrase is an addition to the preceding 'δίκαιον ᾖ καὶ ὅσιον' (may be just and reverent). In fact, the 'ἢ' ("	How much leisure is gained by the one who does not observe what his neighbor has said or done or thought, but only what he himself does, so that this very act m
marcus_aurelius_meditations	MED_04_29	sound	sound	"The translation of ""ἀπόσχισμα πόλεως ὁ τὴν ἰδίαν ψυχὴν τῆς τῶν λογικῶν ἀποσχίζων, μιᾶς οὔσης"" as ""A severed piece of the city is one who cuts his own soul away from the soul of rational beings, though that soul is one"" misinterprets 'μιᾶς οὔσης'. It refers to the unity of the 'rational beings' (τῶν λογικῶν), not to 'that soul' (meaning the soul of rational beings). The phrase 'μιᾶς οὔσης' modifies"	If one who does not know the things in the world is a stranger to it, no less a stranger is one who does not know the things that come to pass. An exile is one 
marcus_aurelius_meditations	MED_04_43	sound	sound	The new translation misinterprets the subject of the first clause. The original states that 'the things that come to be' (τῶν γινομένων) are a river, not that 'everything that comes to be' is a river. The river is a metaphor for the flow of events, not for individual things themselves.; The new translation incorrectly translates 'ὁ αἰών' as 'time' in the second clause. While 'αἰών' can mean 'time'	The things that come to be are a kind of river, and the age is a violent current. For as soon as each thing has appeared, it has already been carried past, and 
marcus_aurelius_meditations	MED_04_38	sound	sound	The new translation misinterprets 'τοὺς φρονίμους' as 'even those of the wise', implying that the 'governing minds' being observed are sometimes wise. However, the Greek 'τοὺς φρονίμους' here functions as an adjective modifying 'τὰ ἡγεμονικὰ' (governing minds), meaning 'the governing minds of the wise' or 'the wise governing minds'. The original text is asking the reader to observe the governing m	Observe their governing minds, those of the wise, and see what they flee from and what they pursue.
marcus_aurelius_meditations	MED_04_48	sound	sound	The new translation renders 'μαθηματικοί' as 'astrologers'. While 'μαθηματικοί' could sometimes refer to astrologers in ancient Greek, in the context of Meditations and the broader philosophical tradition, it more commonly refers to mathematicians or those skilled in mathematical sciences. The contrast with 'predicting others' deaths' might suggest astrology, but the primary meaning is broader. Gi	Keep in mind continually how many doctors have died, though they so often knitted their brows over the sick; how many mathematicians, after grandly predicting t
marcus_aurelius_meditations	MED_04_49	sound	sound	"The translation of ""ἀπότευγμα δὲ τῆς φύσεως τοῦ ἀνθρώπου εἶναι δοκεῖ σοι, ὃ μὴ παρὰ τὸ βούλημα τῆς φύσεως αὐτοῦ ἐστι;"" as ""Does what is contrary to the purpose of that nature seem to you an outcome of it?"" is an inversion of meaning. The original Greek asks if something *not contrary* to nature's will seems like a failure of nature, implying that only things *contrary* to nature's will are failure"	Be like a headland, against which the waves continually crash; it stands firm, and around it the swollen waters are lulled to sleep. “How unfortunate I am, that
marcus_aurelius_meditations	MED_05_09	sound	sound	The translation renders 'εὐγνωμοσύνη' as 'sound-mindedness', which is an incorrect meaning. 'Εὐγνωμοσύνη' means gratitude or thankfulness.; The translation renders 'ὁσιότης' as 'reverence', which is too narrow. 'Ὁσιότης' refers to piety, holiness, or a sense of duty towards the gods or sacred things, encompassing more than just reverence.; The translation renders 'φρονήσεως' as 'prudence', which i	Do not be disgusted, discouraged, or disheartened if you do not manage to perform every action from sound principles without interruption. Instead, when you hav
marcus_aurelius_meditations	MED_05_04	sound	sound	The new translation misinterprets the referent of 'τούτῳ' in the first clause. The original Greek 'ἐναποπνεύσας μὲν τούτῳ, ἐξ οὖ καθ̓ ἡμέραν ἀναπνέω' refers to breathing out into the *air* (or breath/spirit), not 'that from which I draw breath each day' which could be interpreted as the general environment or even food/water. The contrast is between the 'breath' (πνεῦμα) and the 'earth' (γῆ) as th	I journey through what is in accordance with nature, until I fall and rest: breathing out into this from which I draw breath each day, and falling upon this fro
marcus_aurelius_meditations	MED_05_06	sound	sound	"The translation of ""παρεκδέχῃ"" as ""taking the present statement in the wrong sense"" is an overinterpretation. The Greek implies a misinterpretation or a taking of something in a different sense, but not necessarily a 'wrong' sense in a moralistic way. It's more about a misunderstanding of the specific point being made.; The translation of ""παράγονται"" as ""led astray"" is too strong. While it can im"	One person, when he has done something good for someone, is quick to reckon the favor owed to him. Another is not quick about this, yet privately he thinks of t
marcus_aurelius_meditations	MED_05_01	sound	sound	"The translation of ""ἐν δὲ ταῖς πράξεσιν οὐκέτι, ἀλλ̓ ἐντὸς τοῦ δυνατοῦ"" as ""But in your actions you stop short—not merely short of excess, but within what you are capable of"" is an inversion of sense. The original implies that in actions, one does not go beyond what is possible, but rather stays within it, which is presented as a fault in contrast to exceeding measures in eating/drinking. The new "	At dawn, when you are reluctant to get up, let this thought be at hand: I am rising for a human task. Why then am I annoyed if I am going to do that for which I
marcus_aurelius_meditations	MED_05_28	sound	sound	"The final sentence is a common misinterpretation. The Greek ""Οὔτε τραγῳδὸς οὔτε πόρνη"" is not a command or advice to the reader, but rather a continuation of the hypothetical person's argument, implying that the person you're trying to correct is not a 'tragic actor' (who might be expected to understand subtle cues) nor a 'prostitute' (who might be expected to be hardened to moral appeals), thus s"	Are you angry with someone who smells rank? Or with someone whose breath smells? What harm can he do to you? He has such a mouth, he has such armpits; from such
marcus_aurelius_meditations	MED_05_12	sound	sound	"The new translation misinterprets the phrase ""οὐκ ἔχειν ὅποι χέσᾐ"" (ouk echein hopoi chesai). It translates it as ""has nowhere to shit,"" which is a literal but incorrect interpretation of the idiomatic expression in this context. The phrase is a vulgar but common Greek idiom meaning to be so overwhelmed by abundance or good fortune that one doesn't know what to do with it, or to be in a state of e"	You can also learn from this what sort of things the many consider good. For if someone were to conceive of things that are truly good, such as practical wisdom
marcus_aurelius_meditations	MED_05_19	sound	sound	The new translation misinterprets 'τὰ προσυφεστῶτα' as 'the circumstances standing alongside it'. In this context, it refers to the things or events that are presented to the soul, the external realities it encounters, not circumstances it creates for itself. The soul's judgments shape its *experience* of these things, not the things themselves.; The phrase 'τοιαῦτα ἑαυτῇ ποιεῖ τὰ προσυφεστῶτα' is	Things themselves do not touch the soul in any way at all, nor do they have entry to the soul, nor can they turn or move the soul. But the soul alone turns and 
marcus_aurelius_meditations	MED_05_36	sound	sound	The new translation misinterprets 'ἐπεί τοι γίνῃ καλῶν ἐπὶ τῶν ἐμβόλων' as 'For when you are making fine speeches from the public platforms', which is a significant departure from the original meaning. The phrase is an interjection, likely a rhetorical question or a warning, not a description of making speeches.; The new translation omits the crucial phrase 'τὸ δὲ εὔμοιρος, ἀγαθὴν μοῖραν σεαυτῷ ἀπ	Do not be entirely carried away by an impression, but help as far as you can and as is fitting, and even if your resources in indifferent matters are diminished
marcus_aurelius_meditations	MED_05_18	sound	sound	The phrase 'ἀρέσκειαν' is translated as 'the desire to impress', which is a plausible but not the most direct or common meaning in this context. A more accurate translation would be 'complacency' or 'self-satisfaction', especially when contrasted with 'ignorance' and 'wisdom'. The original Greek implies a state of being rather than an active desire.; The final sentence's meaning is inverted. The o	Nothing happens to anyone that they are not naturally able to bear. The same things happen to another, and either not knowing that they have happened, or displa
marcus_aurelius_meditations	MED_05_25	sound	sound	The phrase 'ὄψεται' is mistranslated as 'He will see to it'. In this context, it means 'he will see (the consequences)' or 'he will look out (for himself)', implying that the wrongdoer will face the repercussions or that it's their concern, not the speaker's. The new translation implies the wrongdoer will *address* the wrong, which is not the meaning.; The phrase 'ἐγὼ νῦν ἔχω, ὅ με θέλει νῦν ἔχειν	Has someone else wronged me? He will see to it; he has his own character, his own action. As for me, I am now in the state that the common nature wants me to be
marcus_aurelius_meditations	MED_06_15	sound	sound	"The translation of ""τὸν ἄπειρον αἰῶνα ἡ τοῦ χρόνου ἀδιάλειπτος φορὰ νέον ἀεὶ παρέχεται"" as ""time’s unceasing course forever presents the infinite age as fresh"" is an inversion of the original meaning. The Greek states that the unceasing flow of time provides the *infinite age* (or eternity) with constant newness, not that it presents the infinite age *as* fresh. The 'infinite age' is the recipient"	Some things hasten to come into being, others hasten to have already come into being, and even from what is now coming into being, something has already faded a
marcus_aurelius_meditations	MED_05_31	sound	sound	The translation of 'ἔνδοξα παρεῖδες' as 'how many honors you have let go by' is inaccurate. 'ἔνδοξα' refers to glorious or renowned things, and 'παρεῖδες' means to overlook or disregard, not necessarily to 'let go by' in the sense of declining honors. It implies overlooking things that might be considered glorious or prestigious, perhaps in favor of more virtuous pursuits.; The translation of 'εὐγ	How have you conducted yourself until now toward gods, parents, brothers, wife, children, teachers, caregivers, friends, intimates, and household servants? If, 
marcus_aurelius_meditations	MED_06_47	sound	sound	The new translation misinterprets the final clause. The original Greek 'ἓν ὧδε πολλοῦ ἄξιον, τὸ μετ̓ ἀληθείας καὶ δικαιοσύνης εὐμενῆ τοῖς ψεύσταις καὶ ἀδίκοις διαβιοῦν' means that it is of great worth to live one's own life with truth and justice, while being benevolent towards liars and the unjust. The new translation 'to live among liars and the unjust with goodwill, joined to truth and justice'	Continually bear in mind all sorts of people, of all sorts of pursuits, and of all sorts of nations, who have died, so that this thought descends even to Philis
marcus_aurelius_meditations	MED_06_50	sound	sound	"The phrase ""τῆς τοιᾶσδέ τινος ὁρμῆς"" is translated as ""For an impulse of this particular kind,"" which is a plausible but not the most precise rendering. A more accurate translation would be ""of this kind of impulse"" or ""of such an impulse,"" emphasizing the *nature* of the impulse rather than a specific instance.; The final clause ""ἐφ̓ οἷς προήχθημεν, ταῦτα γίνεται"" is translated as ""the things for"	Try to persuade them, but act even against their will, whenever the argument of justice so leads you. If, however, someone resists by using force, turn to what 
marcus_aurelius_meditations	MED_06_31	sound	sound	The new translation inverts the meaning of the final clause. The original Greek instructs the reader to view 'these present things' (ταῦτα) with the same critical awareness they would apply to 'those things' (ἐκεῖνα) which were the distressing dreams, implying a recognition of their illusory nature. The new translation suggests viewing 'these present things' *as* one looked upon the dreams, which 	Sober up and call yourself back. Once more awakened, and having realized that dreams were troubling you, look upon these present things, now that you are awake,
marcus_aurelius_meditations	MED_06_40	sound	sound	"The translation of ""ἔχειν σοι πάντα κατὰ νοῦν"" as ""everything will go as your mind would have it"" is a significant mistranslation. It implies that one's personal desires will be fulfilled, whereas the original Greek means that everything will be in accordance with the divine or natural mind/reason, which is the 'will' of nature itself, not the individual's subjective mind. It's about alignment wit"	Every instrument, tool, and implement is in good condition if it does what it was constructed for, even though its maker is absent. But in things held together 
marcus_aurelius_meditations	MED_06_36	sound	sound	The translation of 'πᾶν πέλαγος σταγὼν τοῦ κόσμου' as 'every sea, a drop of the world' is a mistranslation. 'Κόσμος' here refers to the universe, not the world (earth). The sea is a drop in the universe, not a drop of the world.; The translation of 'Ἄθως βωλάριον τοῦ κόσμου' as 'Athos, a clod of the world' is a mistranslation. Again, 'κόσμος' refers to the universe, not the world (earth). Athos is	Asia and Europe are corners of the universe; every sea, a drop in the universe; Athos, a clod in the universe; every present moment of time, a point in the aeon
marcus_aurelius_meditations	MED_06_45	sound	sound	"The phrase ""κοινότερον δὲ νῦν τὸ συμφέρον ἐπὶ τῶν μέσων λαμβανέσθω"" is mistranslated. The new translation renders ""κοινότερον"" as ""broader sense"" and ""ἐπὶ τῶν μέσων"" as ""in relation to indifferent things."" The original means that the benefit (τὸ συμφέρον) should be understood as more common (κοινότερον) among indifferent things (ἐπὶ τῶν μέσων), implying that what is beneficial to one person is als"	Whatever happens to each individual benefits the whole; this would be enough. But you will generally observe this further: whatever happens to a human being als
marcus_aurelius_meditations	MED_06_57	sound	sound	The new translation misinterprets 'τὸ διεψευσμένον' as 'what has misled a person'. In this context, it refers to the state of being deceived or having a false perception, not an external agent that misleads. The comparison is between the power of a false perception and the power of physical ailments.; The new translation omits the crucial 'ἢ' (or) before 'τὸ χόλιον', which is essential for the par	To those with jaundice, honey seems bitter; to those bitten by a mad dog, water is terrifying; and to children, a ball is beautiful. Why then am I angry? Or do 
marcus_aurelius_meditations	MED_07_13	sound	sound	The new translation misinterprets 'διὰ τοῦ ῥῶ στοιχείου μέρος εἶναι ἑαυτὸν λέγῃς' (if you say you are a 'part' by means of the letter 'rho') as 'if, by inserting the letter rho, you call yourself a mere part'. The original Greek is a wordplay on 'μέλος' (member) and 'μέρος' (part), where 'μέρος' is formed by adding 'rho' to 'μέλος' (or rather, changing 'λ' to 'ρ'). The new translation misses this 	What the limbs are in a body that is united, that same relation do rational beings hold, though separated, having been fashioned for a certain common cooperatio
marcus_aurelius_meditations	MED_07_30	sound	sound	The new translation misinterprets 'καὶ ποιοῦντα' as 'and into those who are doing them'. In this context, 'ποιοῦντα' refers to the causes or agents of the 'γινόμενα' (things happening), not necessarily 'those who are doing them' in a personal sense. It's about understanding the underlying forces or principles at play, not just the actors.	Let your understanding extend alongside what is being said. Let your mind penetrate into the things that are happening and their causes.
marcus_aurelius_meditations	MED_07_23	sound	sound	The new translation renders 'κιβωτίῳ' (kibōtiō) as 'little box', which is an incorrect translation in this context. The term refers to the 'body' or 'frame' of a living being, especially in the context of dissolution and formation, not a literal box.; The new translation renders 'συγχέασα δὲ τοῦτο εἰς δενδρύφιον συνεχρήσατο τῇ ὕλῃ αὐτοῦ' as 'Then, melting it down, it made use of its material for a	The nature of the whole, from the whole substance, fashioned a little horse, as if from wax. Then, having melted it down, it used its material for a little tree
marcus_aurelius_meditations	MED_07_40	sound	sound	The new translation misinterprets 'τὸν μὲν εἶναι, τὸν δὲ μή' as referring to different people ('one person is here, another is not'), when it refers to the ear of grain itself, implying that some ears are harvested (exist) and some are not (do not exist, or are gone).	To harvest life like a fruitful ear of grain: some are, some are not.
marcus_aurelius_meditations	MED_07_58	sound	sound	"The final clause, ""ὅτι καὶ διάφορον ἐφ̓ οὗ ἡ πρᾶξις,"" is mistranslated. It does not mean ""the object upon which action works is also different."" Instead, it refers to the difference in the *nature* of the action itself, or the *matter* of the action, which is distinct from the agent's disposition."	At every occurrence, keep before your eyes those to whom the same things happened, and who then were distressed, bewildered, and complained. Where are they now?
marcus_aurelius_meditations	MED_07_46	sound	sound	"The phrase ""πιστεύσαντα ταῖς γυναιξίν"" is mistranslated as ""taking the women at their word"". It should be understood as 'trusting the Fates' or 'trusting the goddesses of fate', referring to the Moirai, not women in general."	But, my blessed friend, see to it that what is noble and good is not something other than preserving and being preserved. For a truly manly man must not cling t
marcus_aurelius_meditations	MED_07_51	sound	sound	The new translation misinterprets 'οὖρον' (ouron) as 'wind' instead of 'urine' or 'excrement', which is the more common and fitting meaning in this context, referring to bodily waste that needs to be expelled. The phrase 'πνέοντ̓ οὖρον' (pneont' ouron) is better understood as 'expelling urine' or 'passing waste', not 'a wind blows'.; The new translation renders 'ἀνάγκη τλῆναι καμάτοις ἀνοδύρτοις' 	With food, drink, and charms they try to divert the channel so as not to die. But when the god sends forth urine, one must endure it with uncomplaining efforts.
marcus_aurelius_meditations	MED_08_17	sound	sound	The translation misinterprets 'τί αὐτὸ ποιεῖς;' (why are you doing it?) in the context of 'Εἰ μὲν ἐπὶ ·σοί' (If it is up to you). The original implies a question about *why* one is complaining or finding fault, not why one is 'doing it' in a general sense. The 'it' refers to the act of blaming or complaining.; The translation of 'διόρθωσον' as 'set the person right' and 'τὸ γε πρᾶγμα αὐτό' as 'set	If it is up to you, why are you doing it (i.e., complaining/blaming)? If it is up to another, whom do you blame? The atoms or the gods? Both are insane. No one 
marcus_aurelius_meditations	MED_07_74	sound	sound	The new translation misinterprets the final clause 'ἐν ᾧ ὠφελεῖς'. It translates it as 'while you are benefiting others', implying an external action of benefiting others. However, in the context of the preceding clauses, 'ὠφελεῖς' here refers to the subject benefiting themselves by acting according to nature. The phrase 'ἐν ᾧ ὠφελεῖς' should be understood as 'in that wherein you are benefiting yo	No one grows weary by being benefited, and action according to nature is a benefit. Therefore, do not grow weary in that by which you are benefited.
marcus_aurelius_meditations	MED_08_10	sound	sound	The new translation inverts the meaning of 'παρεικότος' (having let pass by) in the first sentence. The original states that regret is for having *failed* to do something useful, not for having let something useful pass by.; The new translation inverts the meaning of 'παρεικέναι' (having let pass by) in the third sentence. The original states that a good person would not regret having *failed* to 	Regret is a kind of self-reproach for having failed to do something useful. But what is useful must be something good, and it is the concern of the noble and go
marcus_aurelius_meditations	MED_08_14	sound	sound	The new translation omits a crucial negation, inverting the meaning of the clause 'οὐδὲν θαυμαστὸν· ἢ ξένον μοι δόξει, ἐὰν τάδε τινὰ ποιῇ'. The original states that if someone holds certain beliefs, it will be 'nothing wonderful or strange' if they act in certain ways. The new translation renders this as 'it will seem neither strange nor surprising to me if he acts in certain ways', which is a dou	Whenever you encounter someone, immediately say to yourself: 'What beliefs does this person hold about good and evil?' For if they hold certain beliefs about pl
marcus_aurelius_meditations	MED_08_20	sound	sound	The new translation misinterprets 'ἐστόχασται' as 'intended' in the sense of purpose or design, when in this context it means 'aimed at' or 'cared for' in terms of its natural process or outcome. The original emphasizes nature's consistent attention to all phases, not a teleological intention for the 'end' specifically.; The phrase 'τὰ ὅμοια δὲ καὶ ἐπὶ λύχνου' is translated as 'The same is true of	Nature has attended to each thing no less in its completion than in its beginning and its course, just as one who throws a ball. What good is it then for the ba
marcus_aurelius_meditations	MED_08_28	sound	sound	The phrase 'οὐδὲν ὧδε ἀναβαίνει' is mistranslated as 'nothing rises up here'. The Greek 'ὧδε' means 'hither' or 'to this place', referring to the soul, and 'ἀναβαίνει' means 'ascends' or 'comes up'. The sense is that nothing external comes up into the soul to disturb it, not that nothing rises up from within the soul itself.	Pain is either an evil for the body—in which case, let the body declare it so—or for the soul. But the soul has the power to maintain its own clear sky and tran
marcus_aurelius_meditations	MED_08_02	minor	minor	The phrase 'ἰσονόμου θεῷ' (isonomou theō) means 'subject to the same law as god' or 'sharing the same law/governance with god,' not 'equal under law with god.' The term 'isonomos' refers to equality of law/governance, not general equality. The translation slightly misrepresents the relationship as one of equal status rather than shared governance/law.	At each action, question yourself: How does this stand with me? Will I not regret it? Soon I am dead and all things are removed from the midst. What more do I s
marcus_aurelius_meditations	MED_08_46	sound	sound	The new translation inverts the meaning of the last clause concerning the stone. The original states 'what is not proper to a stone', implying that only things proper to a stone can happen to it, consistent with the preceding examples. The new translation says 'what belongs peculiarly to a stone', which, while seemingly similar, breaks the negative construction and implies that only things that *d	Nothing can happen to a human being that is not a human occurrence, nor to an ox what is not bovine, nor to a vine what is not viticultural, nor to a stone what
marcus_aurelius_meditations	MED_08_37	sound	sound	The new translation renders 'γραίας καὶ γέροντας' as 'old women and old men', which is a mistranslation. The original refers to the people who were sitting by the coffins (Panthia, Pergamos, Chabrias, Diotimus) becoming old, not to the deceased (Verus, Hadrian) becoming old women and old men. The phrase 'τούτους' clearly refers to the former group.	Are Pantheia or Pergamos now sitting beside Verus’s coffin? Or Chabrias or Diotimus beside Hadrian’s? Ridiculous. And if they were sitting there, would they be 
marcus_aurelius_meditations	MED_08_31	sound	sound	The translation of 'πρόγονοι' as 'ancestors' is incorrect in this context; it refers to descendants.; The translation of 'οἰκεῖοι' as 'household companions' is too narrow; it means 'members of the household' or 'family members'.; The phrase 'μὴ καθ̓ ἑνὸς ἀνθρώπου θάνατον' is mistranslated as 'not the death of one person at a time'; it means 'not the death of one man' or 'not the death of a single 	Augustus' court: wife, daughter, descendants, ancestors, sister, Agrippa, relatives, household members, friends, Areius, Maecenas, physicians, sacrificers—the d
marcus_aurelius_meditations	MED_08_40	sound	sound	The final clause 'ὑπολαβέτω αὐτὸ περὶ αὑτοῦ' is mistranslated. It does not mean 'let that part make its own judgment about itself' but rather 'let it assume this about itself' or 'let it take this upon itself'.	If you remove your judgment about what seems to cause you pain, you yourself stand in the safest place. 'Who is this 'yourself'?' 'Reason.' 'But I am not reason
marcus_aurelius_meditations	MED_08_49	sound	sound	The final clause 'μᾶλλον δὲ ἐπίλεγε ὡς γνωρίζων ἕκαστα τῶν ἐν τῷ κόσμῳ συμβαινόντων' is mistranslated. It does not mean 'Or rather, add this: that you understand each of the things that occur in the world.' Instead, it means 'or rather, add this as if you know each of the things that happen in the world,' which implies a false or presumptuous addition, contradicting the preceding instruction to ad	Say nothing more to yourself than what the primary impressions report. It has been reported that a certain person speaks ill of you. That has been reported; but
marcus_aurelius_meditations	MED_08_47	sound	sound	The final clause 'ἅμα ἵλεως τοῖς ἐνισταμένοις' is mistranslated. It means 'at the same time being gracious/reconciled to those who stand in the way/oppose you', referring to the obstacles or people preventing the action, not 'the things that oppose you' in a general sense, and certainly not 'the things that oppose you' in the context of the act of dying. The translation implies a general dispositi	If you are pained by something external, it is not that thing that troubles you, but your own judgment about it, and it is already within your power to erase th
marcus_aurelius_meditations	MED_08_32	sound	sound	The new translation misinterprets 'συντιθέναι τὸν βίον κατὰ μίαν πρᾶξιν' as 'Life must be put together one action at a time.' The Greek means that life should be composed or arranged according to a single principle or action, not that it's built up action by action.; The phrase 'εἰ ἑκάστη τὸ ἑαυτῆς παρέχει ὡς οἷόν τε, ἀρκεῖσθαι' is rendered as 'If each action yields what properly belongs to it, as	One must compose life according to a single principle, and if each action provides what is proper to it, as far as possible, one should be content. And no one c
marcus_aurelius_meditations	MED_08_55	sound	sound	"The phrase ""ᾧ ἐπιτέτραπται καὶ ἀπηλλάχθαι αὐτῆς"" is mistranslated. It does not mean ""in whose charge it lies—and that person may be free of it"". Instead, it refers to the one to whom it has been entrusted and from whom it has been removed/released.; The phrase ""ὁπόταν πρῶτον οὕτως θελήσῃ"" is mistranslated. It does not mean ""as soon as he first truly chooses to be so"". It means ""whenever he first w"	In general, vice does no harm to the universe, and in particular, it does no harm to another person. It is harmful only to the one to whom it has been entrusted
marcus_aurelius_meditations	MED_08_61	sound	sound	The new translation misinterprets 'παρέχειν δὲ καὶ ἑτέρῳ παντὶ εἰσιέναι εἰς τὸ ἑαυτοῦ ἡγεμονικόν'. It translates 'ἑαυτοῦ' as 'your own', implying that one should allow others into *one's own* governing center. However, 'ἑαυτοῦ' here refers back to 'ἑτέρῳ παντὶ', meaning 'his/her own'. The phrase means to allow every other person to enter into *their own* governing center, i.e., to respect their in	Enter into the governing principle of each person, and allow every other person to enter into their own governing principle.
marcus_aurelius_meditations	MED_09_28	sound	sound	The new translation misinterprets 'τί ἐντείνῃ' as 'why do you strain so hard?' when it should refer to the nature of the subsequent things, asking 'what is the tension/effort?' or 'what is the purpose/meaning?' in the context of things following by consequence.; The new translation renders 'τρόπον γάρ τινα ἄτομοι ἢ ἀμερῆ' as 'For things are, in a sense, atoms or indivisible portions.' This is a si	Such are the world's cycles: up and down, from eternity to eternity. And either the mind of the Whole moves toward each particular thing—if that is so, accept w
marcus_aurelius_meditations	MED_09_08	sound	sound	The new translation misinterprets the final clause 'ὅσα ὁρατικὰ καὶ ἔμψυχα' as modifying 'we' (humans), when it is a general statement about 'all things that see and are alive' (i.e., all living creatures with sight, including non-rational animals), applying to the shared light and air.	Among non-rational animals, one soul is distributed; among rational beings, one intelligent soul is apportioned—just as there is one earth for all things earthl
marcus_aurelius_meditations	MED_09_09	sound	sound	The translation of the final sentence in the new translation is an inversion of the original meaning. The original states that one would sooner find an earthy thing not attached to anything earthy than a human being cut off from another human being, implying that humans are *more* connected than earthy things. The new translation, by saying 'one would sooner find some earthy thing not attached to 	Everything that shares in some common kind hastens toward what is of its own stock. All that is earthy inclines to earth; all that is fluid runs together; and a
marcus_aurelius_meditations	MED_09_29	sound	sound	"The phrase ""τί ποτε;"" is translated as ""what is it you are doing?"" which is an interpretation rather than a direct translation of the original Greek, which means ""what are you, ever?"" or ""what are you, after all?"".; The phrase ""ἐὰν διδῶται"" is translated as ""if the chance is given"", which is a reasonable interpretation, but the original means ""if it is given"" or ""if it is granted"", referring to th"	The substance of the whole is a winter torrent: it sweeps everything along. How paltry, too, are these political concerns, these human affairs that fancy themse
marcus_aurelius_meditations	MED_09_34	sound	sound	The new translation misinterprets the final clause. 'ὅση οἴησις' (what conceit) refers to the conceit of 'these people' (τούτων) whose 'ruling minds' (τὰ ἡγεμονικὰ τούτων) are being examined, specifically their conceit in thinking their blame or praise has significant power. The new translation incorrectly attributes this conceit to the person being blamed or praised, implying 'what conceit there 	What are the guiding principles of these people, and what are they earnestly pursuing, and for what reasons do they love and honor? Imagine you are seeing their
marcus_aurelius_meditations	MED_09_36	minor	minor	πῶροι (pōroi) means 'callosities' or 'stone formations' not 'porous formation' - the word relates to hardened/stony deposits, not porosity; τριχία (trichia) means 'hairs' or 'made of hair' - 'clothing is hair' is acceptable but slightly compressed; ὑποστάθμαι (hypostathmai) means 'sediments/dregs' not just 'deposits' - implies settling/residue	The decaying matter underlying each thing: water, dust, tiny bones, grease. Or again: marbles are calluses of the earth, and gold and silver are dregs, and clot
marcus_aurelius_meditations	MED_09_39	sound	sound	The new translation misinterprets the final question. The original Greek is not asking if 'you would tell your ruling mind' these things, but rather presenting these as accusations or observations directed at the ruling mind, implying a state of being rather than a hypothetical statement to oneself.	Either all things come from one intelligent source and happen as to a single body, and the part ought not to complain about what is done for the sake of the who
marcus_aurelius_meditations	MED_09_41	sound	sound	"The new translation misinterprets the phrase ""πάσης αἱρέσεως κοινόν"" (common to every school) by applying it only to the preceding clause about not chattering with an uninstructed person. In the original, it refers to the entire preceding thought: 'not abandoning philosophy amid whatever befalls, and not chattering with an uninstructed person who knows nothing of nature' is common to every school."	Epicurus says: 'When I was ill, my conversations were not about the sufferings of my little body, nor, he says, did I speak of such things to those who came in.
marcus_aurelius_meditations	MED_09_37	sound	sound	"The phrase ""Ἴσον τὸ ἑκατὸν ἔτεσι καὶ τὸ τρισὶ ταῦτα ἱστορῆσαι"" is mistranslated. It does not mean 'Whether you examine these things for a hundred years or for three makes no difference.' Instead, it refers to the equality of experiencing these things for a hundred years or for three years, implying that the duration of suffering or observation does not change its fundamental nature or impact."	Enough of this miserable life, and grumbling, and ape-like imitation. Why are you troubled? What is new in any of this? What astounds you? The cause? Look at it
marcus_aurelius_meditations	MED_10_02	sound	sound	The new translation misinterprets 'εἰ μὴ χεῖρον μέλλει διατίθεσθαί σου ἡ ὡς ζῴου φύσις' as 'unless it is likely to leave your animal nature in a worse condition'. The original Greek refers to the nature of the individual as a whole, not specifically the 'animal nature' at this point. The 'animal nature' is introduced in the subsequent clause.; The new translation misinterprets 'εἰ μὴ χεῖρον μέλλει	Observe what your nature demands of you, as one governed solely by nature; then do it and accept it, unless your nature as a living being is likely to be put in
marcus_aurelius_meditations	MED_10_12	sound	sound	The new translation misinterprets 'ἀπόπτωσις ἀπὸ τούτου ἐστίν' (falling away from this) as 'every failure is a falling away from it'. The 'it' in the original refers to 'κατατυγχάνειν τούτου' (achieving this/it), meaning achieving what is just. The 'ἀπόπτωσις' is a falling away from this achievement, not that every failure is a falling away from it. It's a consequence of not achieving it, or a dev	What need is there for conjectures when you can examine what needs to be done? And if you discern it, proceed towards it with goodwill and without turning back.
marcus_aurelius_meditations	MED_10_19	sound	sound	"The phrase ""πρὸ ὀλίγου δὲ ἐδούλευον πόσοις καὶ δἰ οἷα"" is translated as ""Yet only a little while ago, how many masters they served, and for what sorts of things"", which implies a past state of servitude. However, the Greek 'ἐδούλευον' is imperfect, and in this context, it refers to a continuous or habitual action in the past, not necessarily a completed one. The sense is more about the *kind* of p"	Consider what they are like while eating, sleeping, coupling, relieving themselves, and doing the rest. Then consider what they are like when they lord it over 
marcus_aurelius_meditations	MED_10_23	minor	minor	The phrase 'country estate' (ἀγρός) is too specific; the Greek simply means 'countryside' or 'rural place' in general; The translation 'sending out bleatings' misses that βδάλλων means 'milking' (from βδάλλω), not making sounds; the reference is to shepherds milking sheep while enclosed in a mountain fold	Let it be clear always that such a thing is what the countryside is, and how all things here are the same as those on a mountain peak or by the seashore or wher
marcus_aurelius_meditations	MED_10_27	sound	sound	The translation of 'μόνον δἰ ἑτέρων' as 'only enacted through different people' is an interpretive addition. The Greek simply means 'only through different things/persons' or 'only by means of others', referring to the specific manifestations or agents, not necessarily 'enacted'.	Continuously reflect on how all things of this kind, which happen now, also happened before, and will happen again. And place before your eyes all similar drama
marcus_aurelius_meditations	MED_10_28	sound	sound	The new translation misinterprets 'τὴν ἔνδεσιν ἡμῶν' (our interweaving/connection) as a command to 'Consider our interweaving', when it is part of the object of the preceding thought, implying a consideration of our connection to the piglet/groaner.; The new translation omits the crucial conjunction 'καὶ' (and/also) before 'ὅτι μόνῳ τῷ λογικῷ ζῴῳ δέδοται τὸ ἑκουσίως ἕπεσθαι τοῖς γινομένοις', which	Always picture anyone distressed or displeased about anything as like a piglet being sacrificed, kicking and squealing; and the one groaning alone in silence on
marcus_aurelius_meditations	MED_11_10	sound	sound	"The translation of ""διαφερώμεθα πρὸς τὰ μέσα"" as ""absorbed by intermediate things"" is a significant misinterpretation. The Greek phrase implies being at odds or in conflict with indifferent things, not being absorbed by them.; The translation of ""προπτωτικοὶ καὶ μεταπτωτικοὶ"" as ""impulsively thrown off course, and changeable"" misses the nuance of 'falling forward' (prone to error/falling) and 'fal"	No nature is inferior to art, for arts themselves imitate natures. If this is true, then the nature that is most perfect and all-encompassing would not be defic
marcus_aurelius_meditations	MED_10_32	sound	sound	The new translation renders 'οὐδὲ γὰρ αἱρεῖ λόγος μὴ τοιοῦτον ὄντα' as 'for reason itself does not choose a life that is otherwise'. The Greek 'αἱρεῖ' (from αἱρέω) in this context means 'to choose' or 'to prefer', and 'λόγος' refers to reason or principle. The phrase 'μὴ τοιοῦτον ὄντα' refers to 'one who is not such a person' (i.e., not good and straightforward). The meaning is that reason does no	Let no one who speaks truthfully be able to say of you that you are not simple or that you are not good. Instead, let anyone who holds such an opinion about you
marcus_aurelius_meditations	MED_10_30	sound	sound	"The phrase ""συμπροσπίπτοντος τοῦ ὅτι βιάζεται"" is mistranslated. It does not mean ""once the further thought comes with it: he is being compelled."" Instead, it refers to the realization that the person you are angry at is acting under compulsion, which is a reason to forgive them, not a reason to forget your anger by focusing on your own faults. The Greek implies that the anger is forgotten because"	Whenever you take offense at someone's transgression, immediately turn your mind and consider what similar transgression you yourself commit: for example, judgi
marcus_aurelius_meditations	MED_11_19	sound	sound	"The phrase ""What you are about to say is not from yourself"" misinterprets the original Greek, which refers to speaking something that is not genuinely from one's own thoughts or convictions, rather than merely 'about to say'.; The phrase ""count speaking without drawing from yourself among the most absurd things"" is a slight misinterpretation of the original, which means to consider speaking someth"	Above all, continually guard against four distortions of the ruling faculty, and whenever you detect one, erase it by saying in each case: 'This impression is n
marcus_aurelius_meditations	MED_11_17	sound	sound	The new translation states 'it will suffer no evil', implying a future event. The original Greek 'ὡς οὐδὲν κακὸν πείσεται' means 'that it will suffer no evil' or 'that no evil will befall it', referring to the nature of change itself in a Stoic context, not a future prediction for a specific 'it'. The 'it' here refers to the thing undergoing change, and the point is that change itself is not inher	From where has each thing come, and from what underlying elements has each arisen, and into what does it change, and what will it be once changed, and that it w
marcus_aurelius_meditations	MED_11_20	sound	sound	The translation of the final clause 'μᾶλλον δὲ πρεσβύτερα τῶν δικαιοπραγημάτων' as 'or rather, they are older than acts of justice' is a mistranslation. The Greek 'πρεσβύτερα' here means 'more important' or 'prior' in value, not 'older' in a temporal sense. The context is about the hierarchy of virtues, not their chronological appearance.	Your little breath and all the fiery matter, as much as is mixed in, though by nature they tend upward, nevertheless, obeying the arrangement of the whole, are 
marcus_aurelius_meditations	MED_11_39	sound	sound	"The new translation misinterprets the phrase ""τί οὖν οὐ ζητεῖτε;"" (Why then do you not seek them?) and the response ""ὅτι ἔχομεν"" (Because we have them). The original implies a question about why they are not *striving for* or *cultivating* healthy rational souls, and the response is a mistaken belief that they already possess them in the desired state. The new translation's rendering of the questi"	Socrates used to say: 'What do you wish for? To have rational souls or irrational ones?' 'Rational.' 'What kind of rational souls? Healthy ones or corrupt ones?
marcus_aurelius_meditations	MED_12_24	sound	sound	The translation of the final sentence 'ἐπὶ τούτοις ὁ τῦφος' as 'Yet upon these things rests pride' is an inversion of meaning. The Greek implies that pride (τῦφος) is *based on* or *arises from* these observations, not that it *rests upon* the things themselves in a critical or dismissive sense. It's more about the folly of pride in light of these truths.	You should keep these three things readily available. First, concerning what you do: let it be neither haphazard nor in any way other than as Justice herself wo
marcus_aurelius_meditations	MED_12_27	sound	sound	"The phrase ""ὁ γὰρ ὑπὸ ἀτυφίᾳ τῦφος τυφόμενος πάντων χαλεπώτατος"" is mistranslated. The new translation renders it as ""For vanity that is inflated by its own lack of vanity is the most grievous kind of all."" This misinterprets 'ἀτυφίᾳ' (lack of arrogance/humility) and 'τῦφος' (arrogance/vanity). The original means something closer to 'the arrogance that is puffed up under the guise of humility/unpr"	Continuously recall those who were excessively indignant about something; those who flourished amidst great fame, or misfortunes, or enmities, or any kind of ci
marcus_aurelius_meditations	MED_12_29	sound	sound	"The phrase ""ἀπολαύειν τοῦ ζῆν συνάπτοντα ἄλλο ἐπ' ἄλλῳ ἀγαθόν"" is mistranslated. It does not mean 'fastening one good deed to another' but rather 'enjoying life by joining one good thing to another' or 'enjoying life by connecting one good thing after another'."	The preservation of life is for each person to see through and through what a thing is, what its material aspect is, and what its causal aspect is; to do what i
marcus_aurelius_meditations	MED_12_31	sound	sound	The phrase 'εἰ διὰ τοῦ τεθνηκέναι στερήσεταί τις αὐτῶν' is mistranslated. It means 'if someone will be deprived of them by dying', not 'that, through dying, one will be deprived of them'. The original implies a conditional statement about the consequence of death, not a statement of fact about being distressed by it.; The phrase 'τὸ τιμᾶν ταῦτα' is translated as 'to prize these things', which is a	What are you seeking? To breathe? To perceive? To be driven by impulse? To grow? To cease again? To use your voice? To think? Which of these seems to you worthy
meister_eckhart	ECK_001	sound	sound	The new translation misinterprets 'unum est necessarium' as 'whoever would be untroubled and pure must have one thing, and that is detachment.' This is an interpretive leap that is not present in the original text. Eckhart states that 'unum est necessarium' means 'one thing is necessary,' and then immediately clarifies that this 'one thing' is detachment. The new translation adds an extra layer of	I have read many writings—of the pagan masters and of the prophets, of the Old Covenant and the New—and I have sought with earnestness and whole diligence what 
meister_eckhart	ECK_011	sound	sound	The new translation misinterprets 'einförmic' as 'one-formed' rather than 'uniform' or 'of one form/nature', which is a significant theological distinction in Eckhart's thought.; The new translation omits a crucial clause regarding the soul's becoming 'nothing in itself' and 'nothing' in relation to God, which is central to Eckhart's apophatic theology.; The new translation misattributes the quote	I ask again: what is the prayer of the detached heart? Detached purity cannot pray in the ordinary sense, for whoever prays desires something from God to be giv
meister_eckhart	ECK_003	sound	sound	The translation incorrectly states that 'perfect detachment cannot stand without perfect humility' when the original implies the opposite: perfect humility cannot exist without perfect detachment.; The translation misinterprets 'ein niht werden' as 'an annihilation of oneself' in the context of humility, when it refers to becoming nothing in the sense of self-emptying or non-attachment.; The trans	The masters also praise humility above many other virtues. But I praise detachment above all humility, for humility can exist without detachment, but perfect hu
milarepa_songs	MIL_DEMON_008	sound	sound	The new translation misinterprets 'srog lcags' as 'iron hook of life/death' and then omits it from the translation. In this context, 'srog lcags' refers to a 'life-threatening iron hook' or 'iron hook of life', which is a weapon used to inflict harm, not a metaphorical concept.; The new translation omits the phrase 'chos' (dharma) from the first stanza, which is a key element in Milarepa's narrati	"Kind gracious father, compassionate to all—
Marpa the Translator, I bow at your feet!
Be kin to me, who am bereft of kin!

Aunt, do you recall all you have done"
marcus_aurelius_meditations	MED_12_23	sound	sound	The translation of 'ἀπροαίρετον καὶ οὐκ ἀκοινώνητον' as 'neither chosen by oneself nor severed from fellowship' is an inversion of meaning. The original implies that it is *not* a matter of choice and *not* antisocial, which makes it not shameful. The new translation implies it is *not* chosen by oneself and *not* severed from fellowship, which is a double negative that changes the sense. The orig	Any activity whatsoever, ceasing at its proper time, suffers no harm in that it has ceased; nor has the one who performed this action suffered anything bad in t
meister_eckhart	ECK_012	sound	sound	The original text is in Middle High German, not Sanskrit (IAST).; The translation incorrectly attributes the quote 'it is useful that I go from you; if I do not go, the Holy Spirit cannot come' to Christ's word, when Eckhart presents it as a direct quote from Christ in the Gospel of John.; The phrase 'you have set too much delight on my present image' is an interpretive addition; Eckhart's text st	Whoever would mark the nobility of perfect detachment, let him take Christ's word: 'It is expedient for you that I go away; for if I go not away, the Comforter 
milarepa_songs	MIL_INTER_010	sound	sound	The new translation misinterprets 'active meditation' (sgom pa) as 'zealous disciple's active meditation', which is not present in the original. The original refers to the meditation itself, not the disciple's zeal.; The new translation renders 'chos nyid' (Dharma-nature or Truth-nature) as 'Truth', which is a simplification. While 'Truth' can be a part of it, 'Dharma-nature' is more precise in th	Through the guru's grace and meditation, there is opportunity to uphold the Dharma-nature; of this, the essence is pure faith. Through consecration and earnest 
milarepa_songs	MIL_ILLNESS_014	sound	sound	The new translation misinterprets 'hands attain their natural posture' as a physical action, whereas it refers to the natural state of mind or being.; The new translation's 'Mahāmudrā places its seal upon them' is an inaccurate rendering of the original, which implies Mahāmudrā itself is the seal or the natural state.; The new translation's 'Thus there is in me a greatness of indifference' is a si	The cycle of birth and death and liberation are seen within the Clear Light; when the mind rests in its natural state, Mahāmudrā is the seal. Thus, I possess gr
milarepa_songs	MIL_RACE_007	sound	sound	The new translation misinterprets 'stream of consciousness' for 'drink when thirsty'. The original refers to the 'stream of *dharma*' or 'stream of *teachings*', not the psychological concept of consciousness.; The new translation renders 'wide communion' for 'drawn to the full span'. The original refers to 'drawing the bow to its full extent' or 'full power', not a social concept of communion.; T	"I bow at the feet of my gracious father Marpa!

Within the temple of the bodhi hill—my body—
Within my breast, where the altar stands,
Within the upper triangul"
milarepa_songs	MIL_REPROOF_004	sound	sound	The new translation misinterprets 'rdo rje 'chang' as a direct address to Milarepa, rather than an invocation of Vajradhara (Marpa).; The new translation misinterprets 'dug lnga' as 'five poisons of ignorance', when it refers to the five root poisons (desire, anger, ignorance, pride, jealousy) in general, not just ignorance.	"Vajradhara, in Marpa's form,
Grant that this mendicant may hold to solitude.

O strange fellow Milarepa—
To you I sing this song of self-counsel.

You stand apa"
milarepa_songs	MIL_SISTER_006	sound	sound	The new translation misinterprets 'dud 'gro' as 'animal realm' in the context of food, when it refers to animals in general, specifically those whose food Milarepa is comparing his own to.; The new translation misinterprets 'byang chub kyi sems' as 'bodhicitta itself' in the line 'Yet if you could see my mind, it is bodhicitta itself', when the original implies that his mind IS bodhicitta, not mer	"Obeisance to my lords, the gurus!
Grant that this yogin may hold fast to solitude.

Sister, you are filled with worldly feeling;
Know that worldly joys and grie"
milarepa_songs	MIL_MAIDEN_011	sound	sound	The new translation misidentifies 'Tuṣita' as a place where 'scientific truths' are prized, instead of 'spiritual truths' or 'Dharma'.; The new translation states that 'meditation is not prized — exposition is' in Ü, Tsang, and the four districts. The original text actually states that 'meditation is not prized — debate is'.	In the celestial palaces of the gods of Tuṣita, the Dharma is not prized — worldly affairs are. In the nāga realms below, profound truths are not prized — riche
milarepa_songs	MIL_SORROW_001	sound	sound	The new translation omits a crucial line at the beginning of the passage, which is a standard invocation to the guru.; The new translation misinterprets 'rje btsun mar pa' as 'my kind father Marpa' in the opening line. While Marpa is Milarepa's guru and a father figure, 'rje btsun' specifically means 'Lord' or 'Revered One,' not 'kind father.' The invocation is to Marpa as a revered master, not ju	"I bow down at the feet of the Lord Guru.

In our wretched home in the gloomy corner of Tsa,
We three unfortunates—a grieving mother and two orphans—
Were scatte"
milarepa_songs	MIL_WORLD_012	sound	sound	The new translation misinterprets 'sun of happiness' as a result of eschewing worldliness, when the original states that the 'sun of happiness' has set, indicating a state of renunciation where worldly happiness is no longer sought.; The new translation adds 'Peta' as an address, which is not present in the original at this point.; The new translation adds 'let us go together to Lapchi-Kang to med	These worldly things I have abandoned; by abandoning them, the sun of happiness has set for me. Therefore, you too, abandon all worldly activities and come medi
milarepa_songs	MIL_ZEAL_002	sound	sound	The new translation misinterprets the 'ploughshare of right method and reason' as an addition to the oxen and plough, when the original implies the ploughshare itself IS the right method and reason.; The new translation states 'Grace falls of itself, like a shower' which is an invention; the original does not mention grace falling like a shower in this context.; The new translation states 'The god	"Grant that this mendicant may hold to solitude successfully.

On the field of tranquil mind
I spread the water and manure of steadfast faith,
Sow the unblemishe"
mundaka_upanishad	MUK_03_BOW	sound	sound	The phrase 'śaravat tanmayo bhavet' is mistranslated. It means 'one should become one with it like an arrow', not 'as the arrow with the target'.	Om is the bow, the Self is indeed the arrow, Brahman is declared to be the target. It should be pierced by an undistracted mind. One should become one with it l
nagarjuna_mulamadhyamakakarika	MMK_02_02_06	minor	minor	Verse 4: 'motion belonged to what is moving as something its own' slightly obscures the logical structure; the original presents a conditional about motion OF what-is-moving; Verse 4: 'for what is moving is known precisely through motion' - the Sanskrit 'gamyamānaṃ hi gamyate' more literally means 'for what-is-moving is indeed moved/gone-to' suggesting the absurdity that what-is-moving would itsel	Where there is activity, there is motion; and that activity is in what is moving. Since there is no activity in what has gone or what has not gone, motion is th
nagarjuna_mulamadhyamakakarika	MMK_18_05	sound	sound	The new translation reverses the causal relationship between 'karma and afflictions' and 'conceptual construction'. The original states that karma and afflictions arise *from* conceptual construction, not that conceptual construction arises from mental proliferation. The new translation also reverses the causal relationship between 'conceptual construction' and 'mental proliferation'. The original	Release is from the exhaustion of action and affliction. Action and affliction are from conceptual discrimination. They are from proliferation. But proliferatio
nagarjuna_mulamadhyamakakarika	MMK_07_30	sound	sound	The new translation misinterprets 'ekatve' as 'in identity' in the second line. While 'ekatva' can mean identity, in this context, it refers to the state of being one or singular, specifically implying that if cessation were identical with the existing entity, then neither being nor non-being would be tenable for that entity. The original Sanskrit is arguing against the possibility of cessation of	The cessation of an existing entity is not tenable. For, if there were a single, unified entity, neither being nor non-being would be tenable for it.
parmenides_fragments	PARM_02	sound	sound	The new translation misinterprets the second path as 'that it is not and that it is necessary that it not be'. The original Greek states 'that it is not and that it is necessary for it not to be', which refers to the impossibility of 'what is not' existing, not a necessity for 'what is' not to be. This is a crucial distinction in Parmenides' argument.; The new translation renders 'ἀτρεμὲς Ἀληθείης	Come now, I will tell you—and you, for your part, listen to my account—what are the only paths of inquiry for thinking: the one, that it is and that it is not p
nagarjuna_mulamadhyamakakarika	MMK_16_06	sound	sound	The translation of 'sopādāno na badhyate' as 'one possessing appropriation would not be bound' is incorrect. The original states that one possessing appropriation IS bound, not that they are not bound. The 'na' negates 'badhyate' (is bound), but the context of 'sopādāno' (possessing appropriation) implies that this is the condition for being bound, not for not being bound. The 'na' here is part of	If bondage were appropriation, one possessing appropriation would not be bound. One who is not without appropriation is bound. In what state, then, is one bound
patañjali_yoga_sūtras	YS_1_17_22	minor	minor	1.17: 'arises through engagement with' overstates the relationship - anugamāt means 'by following/accompanying', indicating these are stages or aspects that characterize samprajñāta, not causes that produce it; 1.20: 'concentration (samādhi)' is problematic as samādhi is the goal being discussed, not a preliminary; the term here refers to meditative absorption as a means, creating potential confus	"**1.17** Samprajñāta is accompanied by reasoning, reflection, bliss, and I-am-ness (vitarka, vicāra, ānanda, asmitā).
**1.18** The other is preceded by practice"
patañjali_yoga_sūtras	YS_1_47_51	minor	minor	1.47: 'discernment (vicāra) is lucid' misses that nirvicāra means 'without vicāra' or 'beyond vicāra' - this is the state beyond subtle reflection, not lucid reflection; 1.49: 'differs from' is acceptable but 'anyaviṣayā' more precisely means 'has a different object/domain' rather than just 'differs from'; 1.51: 'all becoming ceases' is interpretive; sarvanirodhān means 'from the cessation of all'	"**1.47** In the clarity of the nirvicāra state, there arises inner luminosity (adhyātmaprasāda).
**1.48** There, the wisdom is truth-bearing.
**1.49** It has a "
patañjali_yoga_sūtras	YS_2_18_22	minor	minor	2.20: 'śuddho 'pi' means 'though pure' not 'though luminous' - śuddha refers to purity, not luminosity (prakāśa); 2.20: 'pratyayānupaśyaḥ' more accurately means 'appears to see through/by means of pratyaya' - the translation 'witnesses only through' slightly weakens the conditional/apparent nature of this seeing	**2.18** The visible world—composed of the elements and sense-organs, characterized by luminosity, activity, and inertia—exists for experience and for liberatio
patañjali_yoga_sūtras	YS_2_35_39	sound	sound	In 2.36, 'kriyāphalāśrayatvam' is mistranslated. It does not mean 'action and its fruit become his natural support'. Instead, it refers to the actions and their results becoming subservient or dependent on the truthful person, or that the fruits of actions are in accordance with the truthfulness.; In 2.39, 'janmakathaṃtāsaṃbodhaḥ' is mistranslated. It does not mean 'knowledge of the how and why of	"2.35 When non-harm is established, hostility ceases in his presence.
2.36 When truthfulness is established, actions and their results become subservient to it.
"
patañjali_yoga_sūtras	YS_2_30_34	sound	sound	In 2.34, the translation incorrectly states that 'harmful thoughts' are countered by cultivating the opposite. The original text states that 'vitarkāḥ' (disturbing thoughts/considerations, specifically those like violence, etc.) are themselves the subject of 'pratipakṣabhāvanam' (cultivating the opposite) when they are of the nature described (born of greed, anger, etc., and leading to endless suf	2.30 Non-violence, truthfulness, non-stealing, celibacy, and non-possessiveness are the restraints. 2.31 Unrestricted by class, place, time, or occasion, they a
patañjali_yoga_sūtras	YS_2_40_45	sound	sound	The translation of 2.41 incorrectly links the listed benefits to 'this' (referring to 2.40's 'purity') rather than to 'purity' itself, which is the direct cause of these benefits according to the original text. The 'ca' at the end of 2.41 connects these benefits directly to 'śaucāt' from 2.40, not to an implied 'this' from the previous sūtra's consequence.	"2.40 From purity, disgust with one's own body and non-association with others.
2.41 And from purity come clarity of being, cheerfulness of mind, one-pointedness"
patañjali_yoga_sūtras	YS_3_13_15	sound	sound	In 3.13, 'dharma, lakṣaṇa, and avasthā' are not transformations themselves, but rather the aspects of transformation (pariṇāmā) that occur in the elements and sense-organs. The phrase 'dharmalakṣaṇāvasthāpariṇāmā' is a compound meaning 'transformations of characteristic, state, and condition' or 'transformations in terms of property, mark, and state'. The current translation implies they are separ	
patañjali_yoga_sūtras	YS_3_16_22	minor	minor	3.19: Missing 'saṃyama' (constraint) - the sūtra reads 'pratyayasya paracittajñānam' which requires saṃyama on pratyaya (another's mental impression/cognition), not just 'through constraint on the mental impression' in general; 3.20: 'tasyāviṣayībhūtatvāt' means the object (of the other person's cognition) has not become an object for the yogin - the translation 'does not fall within its scope' is	
patañjali_yoga_sūtras	YS_4_01_03	sound	sound	The translation of 4.3 misinterprets 'aprayojakaṃ' and 'varaṇabhedas tu tataḥ kṣetrikavat'. 'Aprayojakaṃ' means 'not the direct cause' or 'not the impeller', implying that the instrumental cause doesn't *create* the transformation but rather *removes obstacles* to the inherent nature. The analogy of the farmer is also slightly off: the farmer breaks the 'dam' (varaṇa-bheda), allowing the water (in	"4.1 Perfections arise from birth, medicinal herbs, incantations, austerity, and meditative absorption.
4.2 The transformation into another species is due to the"
patañjali_yoga_sūtras	YS_3_09_12	minor	minor	3.9: 'are eclipsed and brought forth in turn' suggests alternation, but the original describes the overpowering (abhibhava) of vyutthāna-saṃskāra and the emergence (prādurbhāva) of nirodha-saṃskāra as the defining feature of nirodhapariṇāma; 3.11: 'multiplicity' for sarvārthatā is interpretive; the term literally means 'all-objectness' or 'many-pointedness' as the opposite of ekāgratā; 3.12: 'peac	3.9 The transformation of cessation (nirodhapariṇāma) is the subjugation of the latent impressions of emergence and the manifestation of the latent impressions 
patañjali_yoga_sūtras	YS_3_44_49	minor	minor	3.46: 'grace' is not supported by lāvaṇya which means 'loveliness/charm/beauty of form' not gracefulness of movement; 3.48: 'action without instruments' for vikaraṇabhāva is imprecise - it means 'state of being without sense organs' or 'direct perception without sensory mediation', not general action	**3.44** Through constraint (saṃyama) on the gross form, intrinsic nature, subtlety, interconnection, and purposiveness of matter—mastery over the elements (bhū
patañjali_yoga_sūtras	YS_4_12_14	minor	minor	4.12: 'adhvabhedād' typically means 'due to difference in time-paths/temporal phases' not just 'divided by the path'; the causal relationship (ablative) should be clearer; 4.12: 'dharmāṇām' refers to the properties/characteristics themselves having the time-difference, not properties dividing the path; 4.14: 'pariṇāmaikatvād' means 'due to the oneness/uniformity of transformation' - the causal abl	"**4.12** Past and future exist in their own essential form; [this is] due to the difference in time-paths of the characteristics.
**4.13** These [characteristic"
phaedo_plato	PHAEDO_MD_012	sound	sound	The original text does not state that 'other hollows elsewhere collect mist and lower air'. This is an invention.; The original text does not state that 'The true earth is pure, set in the pure heaven with the stars'. This conflates the true earth with the heavens and misrepresents its description.; The original text does not state that 'what we call earth is a sedimented pocket'. While it describ	Socrates describes our inhabited region, from the Phasis River to the Pillars of Heracles, as a small part of the earth, where we dwell around the sea like ants
plotinus_enneads	ENN_I_6_04	sound	sound	The original text is in Greek, not Sanskrit.; The new translation introduces the concept of 'Truth' as a realm, which is not present in the original Greek at this point in the text.; The new translation states that 'every soul' feels longing 'to some degree', which is an interpretation not explicitly stated in the original.; The new translation adds 'truly receptive to this higher love', which is 	The soul, when it sees something more beautiful than what it perceives through the senses, must ascend to behold it, leaving the senses behind. This vision is f
plotinus_enneads	ENN_I_6_03	sound	sound	The original Greek does not mention 'Ideal-Form' or 'idea as a standard for accuracy in its decision-making'. Instead, it refers to the soul's internal standard or rule (κανόνα) for judging beauty, which is itself beautiful.; The translation implies the soul 'affirms' the beautiful, whereas the original states the soul 'recognizes' or 'judges' (κρίνει) it by its own internal standard.	The soul has a faculty for judging beauty, and when it judges, it does not doubt, but recognizes and affirms it, whenever it encounters something that resonates
plotinus_enneads	ENN_I_6_05	minor	minor	The phrase 'presence of [grace]' is not clearly supported by the original Greek text, which typically speaks of virtue (arete) rather than 'grace' in this context; The phrase 'merge with your true self' may be slightly imprecise; the original more likely refers to union with the intelligible realm or the divine, not merely 'true self' in a psychological sense; The term 'moral wisdom' is vague; the	When you see virtue in someone, or a beautiful soul, you are moved to love. This is the soul's experience of love. The beauty that stirs this passion is not sen
plotinus_enneads	ENN_I_6_02	sound	sound	The original text is in Greek, not Sanskrit.; The new translation introduces concepts like 'ancient recognition' and 'divine intellect' (Nous) as direct explanations within the passage, which are interpretations rather than direct translations of the given excerpt's focus on the soul's reaction to beauty and ugliness. While Plotinus does connect beauty to Nous, this specific passage (I.6.2) is mor	The soul, when it perceives beauty, recognizes it as something familiar and embraces it, taking delight in it. But when it encounters ugliness, it recoils and r
plotinus_enneads	ENN_V_1_03	sound	sound	The original text is in Greek, not Sanskrit. This is a fundamental factual error in the prompt's premise.; The provided 'original' text is not the original Greek of Plotinus, but rather a list of key Greek terms with English translations. This makes it impossible to assess the fidelity of the 'new translation' against an actual original passage.; Without the actual Greek passage, it's impossible t	
plotinus_enneads	ENN_V_1_02	sound	sound	The original text does not mention 'heavens' or 'sun, stars, earth, sea, and air' as recipients of the soul's life-giving power in this specific passage. It focuses on 'living things' (ζῷα) and 'plants' (φυτὰ).; The original text does not state that the soul 'brings light and immortality to the material world, transforming it into a living, blessed, and harmonious system.' This is an interpretive 	The soul is the source of life, and it is the soul that gives life to all living things and to plants.
plotinus_enneads	ENN_V_1_01	sound	sound	The provided 'new translation' is not a translation of Plotinus Ennead V.1.1. It appears to be a summary or interpretation of Plotinian themes, but it does not correspond to the actual Greek text of that section. The original Greek text of V.1.1 begins with a discussion of how all beings, by their nature, strive towards the Good, and then introduces the concept of the soul's fall and its desire to	All beings, by their very nature, strive towards the Good. Those that are capable of doing so turn back to it of their own accord, while those that are not, do 
plotinus_enneads	ENN_V_1_07	sound	sound	The new translation misinterprets 'self-quest and vision' as the origin of the Intellectual-Principle, whereas the original implies that the Intellectual-Principle's vision is directed towards the ultimate reality, and its 'quest' is more about its activity of intellection.; The phrase 'brings forth the potentiality of all existence' is an overstatement and misrepresents the relationship between N	The Intellect is an image of the One, and its vision is directed towards the One. This vision is the Intellect itself, and it is the actuality of all things. Th
plotinus_enneads	ENN_V_1_12	sound	sound	The original text is Greek, not Sanskrit. The provided key terms are Greek, not Sanskrit.; The translation introduces 'subtle sounds from above' which is not present in the original Greek and alters the meaning significantly by adding a sensory element to an intellectual/spiritual turning.; The phrase 'except when necessary' is an addition not found in the original Greek and softens the imperative	The soul always performs its own activity, but we are unaware of it because our attention is directed outwards. For us to perceive it, we must turn our attentio
plotinus_enneads	ENN_V_1_05	sound	sound	The original Greek text does not mention 'Sanskrit (IAST)' or any other language besides Greek. The new translation's preamble is incorrect.; The new translation incorrectly states that the divine Intellect exists 'as a manifold within the soul'. The original text states that the Intellect is 'in the soul' but not 'as a manifold within the soul'. The soul is a manifold, but the Intellect is not de	The Intellect is in the soul, and the soul is a manifold. The soul, being divine, if it does not separate itself, approaches the Intellect and asks what is the 
plotinus_enneads	ENN_VI_9_04	sound	sound	The original passage is from Plotinus' Enneads, which is written in Greek, not Sanskrit. The new translation incorrectly states the original language as Sanskrit.; The new translation introduces concepts like 'ultimate Principle' and 'duality of subject and object' which, while potentially related to Plotinian thought, are not directly present in the provided (implied) Greek terms or the typical f	The awareness of the One is beyond all knowledge and intellection, requiring a presence that transcends the multiplicity of knowing. To attain this, one must be
plotinus_enneads	ENN_VI_9_05	sound	sound	The original passage is in Greek, not Sanskrit. This is a fundamental error in understanding the source text.; The translation introduces the concept of 'mystery' which is not explicitly present in Plotinus's typical discourse on the Hen.; The phrase 'not a being but the source of all existence' is a significant misrepresentation. Plotinus explicitly states the Hen is 'beyond being' (ἐπέκεινα οὐσί	We must ascend beyond reasoning, recognizing that the One is not a being but is beyond being, and that our apprehension of it is not through knowledge but throu
plotinus_enneads	ENN_VI_9_08	sound	sound	The new translation introduces concepts like 'Sanskrit (IAST)' and 'Primal Nature' which are not present in the original Greek text of Plotinus. Plotinus wrote in Greek, not Sanskrit.; The phrase 'containing and contained by the Primal Nature' is an invention; Plotinus does not describe the soul in this way in this passage.; The original text does not state that the soul 'owes its origin to the ce	The soul, in its natural movement, revolves around its own center. This center is the Principle we seek, and it is the point towards which all souls should move
plotinus_enneads	ENN_VI_9_11	sound	sound	The original text is in Greek, not Sanskrit. This is a fundamental error in understanding the source material.; The new translation introduces concepts like 'initiate' and 'uninitiated' which are not present in the original Greek, nor is the idea of 'not to be disclosed'.; The translation invents the idea of 'unified awareness' and 'impression of the Supreme within' as direct results of the experi	N/A. The provided 'original' is incorrectly identified as Sanskrit and lacks the actual Greek text. Therefore, a corrected translation cannot be provided withou
pratyabhijnahrdayam	PHR_008	sound	sound	The new translation adds 'by Consciousness' which is an interpretive addition not explicitly present in the original sutra. While the 'that' (tad) refers to Consciousness in the broader context of the text, the sutra itself does not explicitly state 'by Consciousness' here. The original simply states 'by that' (tad).	The positions of all philosophical systems are roles played by that.
pratyabhijnahrdayam	PHR_010	sound	sound	The phrase 'as that Supreme Self does' is an inversion of the original meaning. The original states that the individual soul performs the five functions 'like that' (tadvat), referring to the Supreme Self, but the 'tadvat' modifies 'pañca-kṛtyāni karoti' (performs the five functions), not the individual soul's capacity to perform them. The individual soul performs the five functions 'like' the Sup	Nevertheless, it performs the five functions just like that (Supreme Self).
pratyabhijnahrdayam	PHR_012	minor	minor	The phrase 'complete ignorance of one's authorship of the fivefold act' is an interpretive expansion not present in the original text. The original 'tad-aparijñāne' means 'in the non-recognition of that' (referring to one's true nature as Śiva from previous sutras), not specifically 'complete ignorance of one's authorship of the fivefold act.'	Non-recognition of that (Self) leads to bewilderment by one's own powers, which is transmigration.
pratyabhijnahrdayam	PHR_019	sound	sound	The new translation omits the end of the sentence, specifically the phrase 'nitya-udita-samādhi-lābhaḥ' which means 'the attainment of ever-arisen samādhi'.	In the state following samādhi, which is imbued with its impressions, through repeated reflection on one's identity with Consciousness, there is the attainment 
pseudo_dionysius	PD_DN_07	sound	sound	"The new translation misinterprets the phrase ""οὐδὲ ἐν τοῖς οὖσιν ἐστὶν ὡς οὖσιν"" as ""nor does evil exist in things that have being,"" when it should be understood as ""nor does evil exist in things insofar as they have being.""; The new translation omits the crucial phrase ""καὶ οὐκ ἔστιν ὡς ἔστιν"" after ""οὐδὲ ἐν τοῖς οὖσιν ἐστὶν ὡς οὖσιν,"" which means ""nor does it exist as existing.""; The new transla"	Evil, therefore, does not have being, nor does it exist in things insofar as they have being, nor does it exist as existing. Nor does it exist at all as existin
pseudo_dionysius	PD_MT_01	sound	sound	The original Greek does not contain 'Trinity, transcending all being, divinity, and goodness!' as an address. It begins with an invocation to the Trinity, but the specific phrasing 'transcending all being, divinity, and goodness!' is an addition by the translator.; The phrase 'You who instruct Christians in your heavenly wisdom!' is an invention. The original text does not contain this clause.; Th	Trinity, lead us to the super-unknown, super-luminous, and highest peak of the mystical contemplations, where the simple, absolute, and unchangeable mysteries o
pseudo_dionysius	PD_MT_06	sound	sound	The original Greek does not contain the phrase 'impersonal nor lifeless, nor irrational nor without understanding'. This is an invention.; The original Greek does not contain the phrase 'or solid weight'. This is an invention.; The original Greek does not contain the phrase 'or being perceived'. This is an invention.; The original Greek does not contain the phrase 'or any weakness through the tyra	We say, therefore, that the universal Cause transcending all things is not without being, nor without life, nor without reason, nor without intelligence; nor is
pseudo_dionysius	PD_MT_04	sound	sound	The original Greek does not contain the phrase 'just as those who work in stone, fashioning a statue, remove all that obstructs the clear vision of the hidden form, and through this removal alone reveal the beauty that was concealed within.' This is an invented clause, not present in the source text.	We pray to come into this darkness beyond light, and through not seeing and not knowing, to see and to know the one who is beyond all seeing and knowing. For th
pseudo_dionysius	PD_MT_08	sound	sound	The translation omits a crucial clause: 'nor is it the affirmation or negation of anything'.; The translation misinterprets 'οὐδὲ μὴν ἀπόφασίς ἐστιν οὐδὲ κατάφασις' as 'Neither affirmation nor negation applies to it absolutely' instead of 'nor is it a negation or an affirmation'.	Neither reason nor name nor any knowledge of beings can grasp it; it is neither darkness nor light, neither error nor truth. Nor is it a negation or an affirmat
rūmī_mathnawī_yi_maʿnawī	RUM_016	sound	sound	"The translation omits a significant portion of the original text, specifically the lines describing the Chinese painters' work and the Greeks' request for a room.; The translation misrepresents the Chinese's request for 'a hundred colours' as a general statement, whereas the original specifies it as a request to the king for their painting task.; The translation states 'The Greeks said, ""Neither d"	The Chinese said, 'We are the better painters,' and the Greeks said, 'Excellence and power are ours.' The Chinese asked the king for a hundred colors, and the t
rūmī_mathnawī_yi_maʿnawī	RUM_018	sound	sound	The new translation omits a significant portion of the original text, specifically lines 1550-1553, which describe the parrot's message to the Indian parrots in much greater detail, including its longing, its state of being imprisoned by fate, and its plea for justice and guidance. The new translation condenses these lines into a much shorter and less specific message.; The new translation misinte	A merchant had a beautiful parrot in a cage. He said, 'What gift shall I bring you from India?' The parrot replied, 'When you see those parrots, tell them my co
rūmī_mathnawī_yi_maʿnawī	RUM_015	sound	sound	The translation of 'چشم حس همچون کف دستست هین' as 'The sense-eye is only a palm' is an inversion of the original meaning. The original states that the 'sense-eye' is *like* the palm of a hand, implying a limited perspective, not that it *is* a palm.; The translation of 'کف به دریا راه کی یابد ببین' as 'the palm cannot reach the whole' is an interpretation rather than a direct translation. The orig	If each had held a candle, difference would have left their speech. The eye of the senses is like the palm of a hand; how can the palm find its way to the sea? 
rūmī_mathnawī_yi_maʿnawī	RUM_017	sound	sound	The translation of 'آن ز عکس آن صورتها بر آن دیوار تافت' as 'The reflection of those pictures struck the purified walls' is inaccurate. It should convey that the reflection of the pictures from the Chinese side appeared on the Greek side's wall.; The phrase 'آنچه او آنجا بدید اینجا نکوتر' is translated as 'Whatever he had seen there appeared here more beautifully'. This misses the nuance that what	Then the king came to the Greeks; they had raised the curtain. The reflection of those pictures appeared on that wall. Whatever he had seen there, he saw here m
rūmī_mathnawī_yi_maʿnawī	RUM_021	sound	sound	The translation of 'چون دو پله از صدش کم آید' as 'When two rungs out of a hundred are wanting' is inaccurate. It should be 'When two rungs out of a hundred are missing from it' or 'When it lacks two rungs out of a hundred'. The 'ش' (sh) refers to the ladder itself, not a general 'two rungs'.; The translation of 'تا نگردد کشتی هستی غریق' as 'When the ship of (self-)consciousness is utterly sunk' is	You have suffered much agony, yet you are still in the veil — because dying (to self) was the root principle, and you have not fulfilled it. Your agony is not f
shantideva_bodhicaryavatara	BCA_09_DREAM	sound	sound	The new translation omits a crucial clause regarding the nature of the world, stating 'the world is like a dream and a plantain tree's trunk' (svapnavat kadalīgarbhavat ca jagat).	Since all forms of existence are empty, what is there to gain and what to lose? Who can be honored or despised, and by whom? Where would joy or sorrow come from
shantideva_bodhicaryavatara	BCA_09_TWOTRUTHS	sound	sound	The new translation states that 'the intellect's own domain is called the veiled truth.' This is an inversion of the original meaning. The original states that the veiled truth is the domain of the intellect, not that the intellect's domain *is* the veiled truth. The intellect operates within the realm of conventional truth, but conventional truth is not defined as the intellect's domain itself. T	All these branches were taught by the Sage for the sake of wisdom; therefore, one who wishes to pacify suffering should cultivate wisdom. It is held that there 
shantideva_bodhicaryavatara	BCA_08_SOLITUDE	sound	sound	The new translation states that 'stillness comes from a contentment that pays no mind to worldly gain,' which is an inversion of the original meaning. The original states that 'stillness' (śamatha) is achieved through 'solitude' (viveka) and 'contentment' (santuṣṭi), not that stillness *comes from* contentment in a causal sense, but rather that these are the conditions for achieving it. The origin	Once energy has been cultivated, one should steady the mind in meditative absorption. A mind that is scattered dwells between the fangs of the afflictions. Sinc
shantideva_bodhicaryavatara	BCA_08_EXCHANGE	sound	sound	The new translation misinterprets 'parātma-parivartana' as 'I will stop living as a self and take other beings as my self.' The core meaning of 'parātma-parivartana' is the exchange of self and other, specifically putting others in the place of oneself and oneself in the place of others, not ceasing to be a self or taking others as one's self in a literal sense.; The phrase 'We love our hands and 	Just as, through constant habituation, the 'I'-making has attached to this body, which is not the self, so too, why should I not habituate myself to seeing othe
shantideva_bodhicaryavatara	BCA_08_TREES	sound	sound	The translation introduces 'Trees hold no scorn and demand no wearying courtship' which is an invention not present in the original Sanskrit. The original speaks of the forest not being 'harsh' or 'unfriendly' (na paruṣaṃ) and not requiring 'flattery' (na ca saṃstauti).; The phrase 'free to walk without care and never glance behind' is an invention. The original speaks of 'wandering freely' (nirap	The forest is not harsh and does not require flattery; I would gladly associate with such friends. I would gladly dwell in an empty shrine, beneath a tree, or i
siva_sutra	SS_I.11	minor	minor	tritaya-bhoktā more precisely means 'enjoyer/experiencer of the triad' or 'enjoyer of the three' - the term 'states' is an interpretive addition not directly in the Sanskrit; vīreśaḥ specifically means 'Lord of heroes/vīras' not simply 'the Lord' - the vīra designation is significant in Śaiva context	The Lord of heroes is the enjoyer of the triad.
siva_sutra	SS_I.15	minor	minor	The term 'svāpa' means 'sleep' not 'dreams' - the compound 'dr̥śya-svāpa' refers to the visible world and sleep as parallel states, not appearances arising 'like dreams'; The phrase structure suggests a comparison or equation between the perception of the visible world and the perception in sleep, rather than appearances arising in a dream-like manner	From the collision of consciousness in the heart, there is the perception of the visible world and of sleep.
siva_sutra	SS_II.13	sound	sound	The new translation misinterprets 'kṣaya-vikṣayau'. 'Kṣaya' means 'cessation' or 'destruction', and 'vikṣaya' means 'decay' or 'decline'. The phrase together refers to the cessation or destruction of the dualistic perception of the world, not 'dissolution and expansion' in a general sense.	Through focused attention on the center within the nostrils, the cessation of decay occurs.
svetasvatara_upanishad	SU_06_14	sound	sound	The new translation incorrectly groups 'jñānabalakriyā' as 'innate knowledge, strength, and action' under 'manifold' power. The original text states that His supreme power is heard of as manifold, AND that His knowledge, strength, and action are inherent/natural (svābhāvikī). These are two distinct attributes of the divine, not a single list under 'manifold'.	No work or instrument exists for Him. None equal to Him or greater than Him is seen. His supreme power is heard of as indeed manifold, and His knowledge, streng
svetasvatara_upanishad	SVE_01_09	minor	minor	The phrase 'one comes to know this threefold reality as Brahman, one finds Brahman' is somewhat redundant and awkward; the original 'yadā vindate brahmam etat' more directly means 'when one finds/realizes this Brahman' or 'when one realizes this as Brahman', referring to the triad just described; Minor: 'field of enjoyment' for 'bhogārtha' is interpretive; the term more literally means 'objects of	The knower and the non-knower, the lord and the non-lord, are two unborn ones. One unborn (feminine principle) is indeed united with the enjoyer and the objects
svetasvatara_upanishad	SU_06_19	sound	sound	The new translation incorrectly interprets 'dagdhendhanam ivānalam' as a simile for the Self, rather than for the 'supreme bridge to immortality'. The simile describes the nature of the bridge, not the Self itself. The Self is the ultimate reality, and the bridge leads to immortality, which is like a fire that has consumed its fuel, implying a state of cessation of activity or a state of complete 	Without parts, without action, peaceful, faultless, stainless—[it is] the supreme bridge to immortality, like a fire whose fuel has been consumed.
siva_sutra	SS_III.5	sound	sound	The new translation misidentifies 'kalādīnām' as 'beginning with limitation'. 'Kalā' refers to the limited power of action/knowledge, one of the five *kañcukas* (sheaths) that limit the universal consciousness. While related to limitation, 'kalā' itself is not 'limitation' in this context, nor is it the *first* of the tattvas (principles) that are being discussed as being undifferentiated. The phr	The non-discrimination of the principles, beginning with Kalā, is Māyā.
svetasvatara_upanishad	SVE_04_15_18	sound	sound	The translation of 4.18 misinterprets 'yadātamas' as 'When there is darkness'. The original refers to a state beyond time, not a temporal condition of darkness. It should be understood as 'When there is no darkness' or 'When there is no tamas' (ignorance/darkness), indicating a state of pure light or transcendence.; In 4.18, 'tad akṣaraṃ tat savitur vareṇyaṃ prajñā ca tasmāt prasṛtā purāṇī' is tra	He alone, in time, is the protector of the world, the lord of all, hidden in all beings. In whom the Brahmarishis and the gods are united; knowing him thus, one
svetasvatara_upanishad	SVE_05_03_06	minor	minor	Verse 4: 'like a bull' (yad vānaḍvān) - while vānaḍvān can mean 'bull', in this context it more commonly refers to 'fire' or 'the sun', which better fits the imagery of shining/blazing (bhrājate); Verse 6: 'Brahmā knows it' (tad brahmā vedate) - brahmā here likely refers to 'the knower of Brahman' or 'the wise one' rather than the deity Brahmā specifically, though both interpretations exist in tra	
svetasvatara_upanishad	SVE_06_15_17	minor	minor	Verse 16: 'the time of time' (kālakālo) is typically rendered as 'the ordainer/controller of time' or 'time's time' in the sense of being beyond/master of time, not merely 'the time of time'; Verse 16: 'the cause of the continuance, bondage, liberation, and turning of saṃsāra' adds 'turning' which is not in the compound saṃsāramokṣasthitibandhahetuḥ (cause of saṃsāra, liberation, continuance, and 	The one Swan is in the midst of this world; he is indeed the fire placed in the waters. Knowing him alone, one transcends death; there is no other path for libe
svetasvatara_upanishad	SVE_02_05_07	minor	minor	Verse 5: 'vi śloka etu pathyeva sūreḥ' - 'like the sun upon its course' misses the sense of 'pathyā' (path/road) and 'sūreḥ' (of the sun); better rendered as 'like the path/road of the sun' or 'like a road from the sun'; Verse 7: 'nahi te pūrtam akṣipat' - 'what has been brought to fullness is not cast away from you' slightly obscures the meaning; 'pūrtam' refers to what is filled/completed, and t	5. I yoke the ancient Brahman for you with salutations; let the praise go forth like a path for the wise. All the sons of immortality hear it—those who have tak
svetasvatara_upanishad	SVU_003	minor	minor	6.12: 'inactive in essence' adds interpretive gloss not in 'niṣkriyāṇām' (of the inactive/actionless ones); 6.12: 'appear as many' adds 'appear' not in original 'bahudhā karoti' (makes/does manifoldly); 6.13: 'apportions the many' loses the object 'kāmān' (desires/purposes); 6.13: 'discrimination and disciplined realization' is interpretive expansion of compound 'sāṃkhya-yoga-adhigamyam'	One God, hidden in all beings, all-pervading, the inner self of all beings, overseer of action, dwelling in all beings, witness, consciousness, alone, and witho
svetasvatara_upanishad	SVU_002	sound	sound	The new translation incorrectly interprets 'asmān' as 'from that ground' in 4.9. 'Asmān' is the accusative plural of 'aham' (we/us), and in this context, it refers to the 'māyī' creating 'us' (or 'from us' in a more abstract sense of the material cause, but not 'from that ground'). The standard interpretation is that the 'māyī' creates 'this universe' (viśvam etat) from 'us' (asmān) in the sense o	Vedic hymns, sacrifices, rites, vows, the past and the future, and all that the Vedas declare—the possessor of māyā creates this entire universe from these. And
svetasvatara_upanishad	SVU_007	minor	minor	Verse 1.10: 'kṣarātmānāv' means 'the perishable and the soul/self' (dual accusative) - the God rules over both the perishable (pradhāna) AND the soul, not 'perishable nature and the embodied self' as a single compound; Verse 1.11: 'tṛtīyaṃ deha-bhede' means 'a third [state] at the dissolution of the body' or 'thirdly, when the body dissolves' - not simply 'a higher state; beyond body-identificatio	Primary nature is perishable; Hara is immortal and imperishable. The one God rules over the perishable and the soul. Through deep meditation upon Him, through u
svetasvatara_upanishad	SVU_001	minor	minor	Verse 1.1: 'Those who inquire into Brahman ask' adds an interpretive frame not present in the original, which directly poses the questions; Verse 1.1: 'Under whose governance' for 'adhiṣṭhitāḥ kena' is slightly interpretive; more literally 'presided over by whom/what'; Verse 1.2: 'None of these, alone or in combination, is sufficient' adds explanatory language not in the original; the text says 's	What is the cause? From where are we born? By what do we live, and where are we ultimately established? Under whose governance do we, the knowers of Brahman, ab
svetasvatara_upanishad	SVU_009	minor	minor	Verse 2.8: 'trirunnataṃ' means 'three parts raised/erect' (torso, neck, head held upright), not just 'aligned'; 'hṛdi' means 'in the heart' but 'indriyāṇi manasā saṃniveśya' means 'having placed/withdrawn the senses with the mind' (into the heart), not just 'gathering senses and mind'; Verse 2.9: 'kṣīṇe prāṇe' means 'when the breath is diminished/exhausted', not 'with care'; 'nāsikayoḥ' is dual lo	Holding the three parts erect and the body steady, withdrawing the senses along with the mind into the heart, the wise one should cross over all fear-bearing cu
svetasvatara_upanishad	SVU_012	minor	minor	"Verse 4.19: 'na parijagrabhat' means 'no one has grasped/comprehended' (past tense), not present 'grasps'; Verse 4.20: 'hṛdā hṛdi-sthaṃ manasā' means 'with heart and mind (Him who is) stationed in the heart' - the instrumental case indicates the means of knowing, not just 'heart-known'; Verse 4.21: 'ajāta ity evaṃ kaścid bhīruḥ prapadyate' means 'some fearful one takes refuge (saying) ""unborn"" thu"	"No one has grasped Him above, across, or in the middle. There is no likeness of Him whose name is great glory.

His form does not stand within sight; no one see"
svetasvatara_upanishad	SVU_008	minor	minor	Verse 1.13: 'fire latent in wood is unseen yet not absent' loses the specific technical meaning of 'yoni-gatasya' (fire in its source/womb) and 'liṅga-nāśaḥ' (the subtle mark/potential is not destroyed); 'by the right means it is brought forth again' is vague where the original specifies 'indhanayonigṛhyas' (grasped through fuel and source) and 'praṇavena dehe' (by Om in the body); Verse 1.15: 'wa	Just as the form of fire residing in its source is not seen, yet its subtle mark is not destroyed, so it is grasped again through fuel and source—both these [fi
svetasvatara_upanishad	SVU_019	minor	minor	Verse 4.1: 'gathers the universe at beginning and end' misrepresents 'vicaiti cānte viśvam ādau' — vicaiti means 'withdraws/dissolves,' not 'gathers,' and the syntax indicates 'withdraws at the end, [having deployed] the universe at the beginning'; Verse 4.1: 'without determinate color' is acceptable but 'avarṇa' more precisely means 'colorless/without color' in this context of the unmanifest One	The One who is colorless, through the power of His creative energy, manifests many colors for a hidden purpose and spreads forth the universe at the beginning a
svetasvatara_upanishad	SVU_017	minor	minor	Verse 2.13 omits 'varṇa-prasādaṃ' (clarity/luster of complexion) and 'gandhaḥ śubho' (pleasant bodily odor), and 'mūtra-purīṣam alpaṃ' (scanty urine and feces); Verse 2.13 'reduced compulsion' for 'alolupatvaṃ' is interpretive but acceptable; however, the translation significantly condenses the list of signs; Verse 2.17 reference number appears to be 2.17 but the passage shows verses 2.11, 2.13, 2	"In yoga, these forms appearing first make Brahman manifest: mist, smoke, sun, wind, fire, fireflies, lightning, crystal, and moon.

Lightness, health, freedom f"
svetasvatara_upanishad	SVU_018	sound	sound	The new translation omits three verses (3.12, 3.13, 3.15, 3.17, 3.18, 3.19) from the provided passage, which is a significant omission of content.; In 3.11, 'sarvānana-śiro-grīvaḥ' (having faces, heads, and necks everywhere) is omitted.; In 3.14, 'daśāṅgulam' (ten fingers' breadth) is translated as 'all manifestation', which is an interpretive leap and not a direct translation of the spatial measu	"Having faces, heads, and necks everywhere, residing in the cave of all beings, that Lord is all-pervading; therefore, Shiva is omnipresent. (3.11)

The Purusha "
svetasvatara_upanishad	SVU_016	minor	minor	Verse 2.1: 'drawing forth hidden fire from the earth' - the original says 'having gathered/collected the light of fire, he brought it forth from the earth' (nicāyya = having gathered; jyotiḥ = light; ābharat = brought forth). The translation loses the gathering/collecting aspect and 'light' becomes just 'fire'.; Verse 2.2: The phrase appears incomplete in both original and translation - the origin	"Savitṛ first yokes the mind to the truth, having perceived the light of Agni, he brought it upon the earth.
With a disciplined mind, we, with our strength, ente"
svetasvatara_upanishad	SVU_020	minor	minor	4.11: 'devam īḍyaṃ' (the worshipful/adorable god) is omitted; 4.14: 'kalilasya madhye' means 'in the midst of all that is mixed/confused' but the translation 'midst of confusion' loses the cosmological sense of the mixed/manifold universe; 4.14: 'viśvasy ekaṃ pariveṣṭitāraṃ' means 'the one enveloper/encompasser of the universe' - 'embracer' is acceptable but slightly informal; 4.15: Only a fragmen	The One who presides over every womb, in whom all this comes together and dissolves - knowing that Lord, the giver of boons, the worshipful God, one attains sup
tantrasara	TS_AH_06_12	sound	sound	The translation incorrectly identifies 'prakāśa' and 'viśrānti' as 'day and night'. The original states that 'prakāśa' and 'viśrānti' are 'these very day and night' (ete eva dinaniśe), referring back to the dark and bright fortnights previously mentioned as day and night, not that they *are* day and night in a general sense.	There, the dark fortnight is day, and the bright fortnight is night. There, the initial half-tuṭi and the final half-tuṭi are repose, not encompassed by time; t
tao_te_ching	TTC_MD_007	sound	sound	The translation of '逝' as 'passing away' is incorrect in this context; it means 'to go forth' or 'to extend'.; The translation of '遠' as 'reaching far' is acceptable, but the nuance of 'going far' or 'extending far' is more precise.; The translation of '反' as 'returning' is correct, but the full phrase '反' (fǎn) in the context of '逝曰遠，遠曰反' (shì yuē yuǎn, yuǎn yuē fǎn) implies a cyclical return or 	"There is a thing, formless and complete, born before heaven and earth.
Silent, vast, standing alone and unchanging,
moving everywhere without exhaustion, it can"
tao_te_ching	TTC_MD_012	sound	sound	The translation of '無事' as 'wú shì' and then 'without affairs' is a literal rendering of the characters but misses the common understanding of this phrase in the context of Tao Te Ching, which is closer to 'non-interference' or 'doing nothing' in a governing sense, similar to 'wu wei'. The new translation treats '無事' as a distinct concept from '無為' (wu wei) in the final stanza, when in this contex	"With uprightness, govern the state;
with unexpected tactics, employ the army;
with non-interference, win the world.

How do I know this is so? By this:
The more"
tantrasara	TS_AH_22_01	sound	sound	The new translation misinterprets 'tridhauṣṭyāntyavyavasthitam'. It translates it as 'established in that body in three ways, ending in the lips', which is incorrect. The term refers to the three states of the body (waking, dream, deep sleep) and the 'lips' (oṣṭha) are not directly involved in this interpretation. The correct understanding relates to the three states of consciousness and the ultim	Now, this entire worship is expounded according to the glorious Kaula procedure for qualified practitioners who are established in the firm latent disposition o
tantrasara	TS_AH_06_02	sound	sound	The translation misinterprets 'nabhaḥ' as 'space' in the context of 'vedyatāṃ yāntī nabhaḥ'. Here, 'nabhaḥ' is an adverbial usage meaning 'suddenly' or 'immediately', not the noun 'space'.; The phrase 'prāṇanārūpā jīvasvabhāvā' is translated as 'in the form of breath (prāṇa)' and 'becomes of the nature of the individual soul (jīva)'. The original means 'whose nature is the individual soul, in the 	Consciousness itself assumes a form distinct from the objects of knowledge. Therefore, through its connection with delimitation, it immediately becomes knowable
tao_te_ching	TTC_MD_006	sound	sound	The translation of '居善地' (jū shàn dì) as 'In dwelling: be like earth well chosen' is a misinterpretation. '善地' refers to 'good place' or 'good ground', not 'earth well chosen'. The phrase means 'dwelling in a good place'.; The translation of '心善淵' (xīn shàn yuān) as 'in mind: be like an abyss' is a misinterpretation. '善淵' means 'good at being deep' or 'good at being profound', not 'be like an abys	"The highest good is like water.
Water is good at benefiting the myriad things, yet it does not contend.
It settles in places that people dislike, thus it is clo"
tantrasara	TS_AH_20_01	sound	sound	The translation misinterprets the structure of the sentence, specifically the relationship between 'mokṣadīkṣā' and the preceding clauses. It presents two distinct types of dīkṣā, whereas the original describes one type of dīkṣā (mokṣadīkṣā) that applies to two categories of individuals.; The phrase 'tadaśaktān prati mokṣadīkṣā sabījā' is incorrectly parsed. 'Mokṣadīkṣā sabījā' is the subject, and	There, the seed-bearing initiation for liberation (mokṣadīkṣā sabījā) is for those fit for knowledge, as well as for those incapable of that, for the accomplish
tao_te_ching	TTC_MD_010	sound	sound	The translation of 'wú yǒu' (無有) as 'no fixed being' is an interpretive gloss rather than a direct rendering of 'nothingness' or 'non-existence'.; The translation of 'wú jiàn' (無間) as 'no gap' is too literal and misses the nuance of 'no crevice' or 'no space' that something can enter, implying an impenetrable or solid state.; The phrase 'Therefore I know the benefit of wúwéi' is an over-interpreta	"The softest thing in the world gallops through the hardest thing in the world.
That which has no substance enters where there is no crevice.

From this, I know "
tao_te_ching	TTC_MD_013	sound	sound	The phrase 'bào yuàn yǐ dé' (報怨以德) is a direct quote from the Analects of Confucius, not the Tao Te Ching, and its inclusion here as if it were part of the original text is an anachronism and a misattribution. The Tao Te Ching (chapter 63) actually advocates 'repaying ill will with virtue' (報怨以德) in some interpretations, but the original text of chapter 63 does not contain this exact phrase. The n	"Act without acting; manage affairs without managing; taste the flavorless.
Treat the small as great, the few as many.

Plan for the difficult when it is easy;
A"
tao_te_ching	TTC_MD_020	sound	sound	The new translation misinterprets '故能長生' (therefore able to live long) as 'This is how they are able to continue and endure', which is a repetition of the previous clause's meaning rather than a direct consequence of '不自生' (not living for themselves).; The new translation omits the crucial connection between '非以其無私耶？' (Is it not because he has no self-interest?) and '故能成其私' (therefore he can fulfi	"Heaven is enduring, Earth is lasting.
The reason Heaven and Earth can be enduring and lasting is that they do not live for themselves; therefore, they can live "
tao_te_ching	TTC_MD_025	minor	minor	Line 1: 夷 (yí) typically rendered as 'invisible/colorless' not 'equable' - though this is more stylistic interpretation than error; Line 5: 皦 (jiǎo) means 'bright/clear' and 昧 (mèi) means 'dark/obscure' - translation correctly captures the sense; Line 6: 繩繩 (shéng shéng) means 'continuous/unceasing' - correctly rendered; 復歸於無物 means 'returns to non-being/nothingness' - correctly captured; Line 7: 	"Look at it, and you don't see it; it is called the indistinct.
Listen to it, and you don't hear it; it is called the subtle sound.
Try to grasp it, and you don'"
tao_te_ching	TTC_MD_035	sound	sound	The translation of '輜重' as 'baggage waggons' is too specific and misses the broader meaning of 'heavy baggage' or 'encumbrances' that a ruler should not abandon.; The translation of '燕處超然' as 'quietly remains (in his proper place), indifferent to them' misses the nuance of 'dwelling peacefully' or 'at ease' while remaining 'aloof' or 'transcendent' from the 'brilliant prospects'. The 'indifferent 	"The heavy is the root of the light; stillness is the master of agitation.
Therefore, the sage, though traveling all day, never strays from his heavy baggage.
Ev"
tao_te_ching	TTC_MD_032	minor	minor	First line: '曲則全' rendered as 'The partial becomes complete' misses the primary meaning of 曲 as 'bent/crooked' (though 'partial' captures a secondary sense); First line: '枉則直' - 枉 means 'bent/warped/wronged' not just 'crooked' (though the translation captures the general sense); First line: '窪則盈' - 窪 means 'hollow/depressed' not 'empty' (空 would be empty); First line: '弊則新' - 弊 means 'worn/tattere	"The crooked becomes whole, the bent becomes straight, the hollow becomes full, the worn out becomes new, the little gains, the much is confused.
Therefore, the "
tao_te_ching	TTC_MD_037	minor	minor	雌 (cí) is translated as 'feminine receptivity' but the term simply means 'female' or 'the feminine' - the addition of 'receptivity' is interpretive rather than translational; 谿 (xī) is rendered as 'valley stream' but standard translations render this as 'ravine' or 'gorge' - the water-flow connotation is added; 官長 (guān zhǎng) translated as 'chief officer' is somewhat narrow; this refers to 'leade	Know the masculine, keep to the feminine, and be a ravine for the world. Being a ravine for the world, constant virtue will not depart, and you return to the st
tao_te_ching	TTC_MD_044	sound	sound	The new translation adds 'of the invisible the Way' as an interpretation of '大象' (dà xiàng), which is not present in the original text and is an interpretive addition rather than a direct translation.; The new translation renders '安平大' (ān píng dà) as 'rest, peace, and the feeling of ease', which misses the nuance of '大' (dà) modifying '安平' (ān píng) to mean 'great peace' or 'great security and pe	"Hold to the Great Image, and the world will come.
They come and suffer no harm, but find great security and peace.
Music and dainties make the passing guest sto"
tao_te_ching	TTC_MD_053	sound	sound	The translation of '不見而名' as 'gave their (right) names to things without seeing them' is an inversion of meaning. '名' here means 'to be known' or 'to be famous/recognized', not 'to name things'. The sage is recognized without needing to be seen.; The translation of '不為而成' as 'accomplished their ends without any purpose of doing so' is an inversion of meaning. '不為' means 'does not act' or 'does not	Without leaving his door, one knows the world. Without peering through his window, one sees the Way of Heaven. The farther one goes out, the less one knows. The
tao_te_ching	TTC_MD_055	minor	minor	Line 2: 'ministers of life/death' is interpretive; original simply says 'followers/companions of life/death' (生之徒/死之徒); Line 3: 'whose aim is to live' adds intentionality not explicit in original '人之生' (people's living/life); Line 5: 'the life entrusted to him' adds a concept of entrustment not in original '善攝生者' (one good at preserving/managing life); Line 5: 'can enter a host' - 入軍 means 'enter 	Going out is birth; entering in is death. Three in ten are companions of life; three in ten are companions of death; and people who live yet move toward the pla
tao_te_ching	TTC_MD_060	sound	sound	The translation of '全作' as 'its virile member may be excited' is an invention; the original means 'its whole (body/being) acts/functions' or 'its whole (essence) is complete/perfect'.; The translation of '精之至也' as 'perfection of its physical essence' is too narrow; '精' here refers to vital essence or spirit, not just physical.; The translation of '知和曰常，知常曰明' is rendered as a poetic interpretation 	"He who possesses abundant virtue is like an infant.
Poisonous insects will not sting him; fierce beasts will not seize him; birds of prey will not strike him.
H"
tao_te_ching	TTC_MD_070	sound	sound	The phrase '用人之力' is mistranslated as 'using the strength of others'; it means 'using the strength of people' or 'using people's ability/effort'.; The phrase '配天古之極' is mistranslated as 'matching heaven — the highest of the ancients'; it means 'matching heaven, the ultimate principle of antiquity' or 'matching heaven, the ancient ultimate'.	A good warrior is not warlike; a good fighter does not get angry; a good victor does not contend; a good leader places himself below others. This is called the 
tao_te_ching	TTC_MD_067	sound	sound	The translation of '為者敗之，執者失之' as 'He who acts (with an ulterior purpose) does harm; he who takes hold of a thing (in the same way) loses his hold' adds an interpretive layer ('with an ulterior purpose', 'in the same way') not explicitly present in the original. The original is more direct: 'He who acts spoils it; he who grasps loses it.'; The phrase '欲不欲' is translated as 'desires what (other men	
tao_te_ching	TTC_MD_068	sound	sound	The phrase '與物反矣' is mistranslated as 'showing indeed its possessor as opposite to others, but leading them to a great conformity to him'. The original means 'contrary to things' or 'returning to the original state of things', not about the possessor being opposite to others or leading others to conformity.; The phrase '然後乃至大順' is mistranslated as 'but leading them to a great conformity to him'. T	"Those of old who were skilled in practicing the Way did not enlighten the people, but rather kept them simple.
The people are difficult to govern because they h"
tao_te_ching	TTC_MD_080	sound	sound	The translation of '什伯之器' as 'individuals with the abilities of ten or a hundred men' is an interpretation, not a direct translation. It literally refers to 'tools/implements of ten or a hundred (times the capacity/value)', implying advanced technology or powerful weapons, not people's abilities.; The phrase '使民復結繩而用之' is translated as 'I would make the people return to the use of knotted cords (i	
tao_te_ching	TTC_MD_076	minor	minor	Line 2: 'always in awe of death' weakens the conditional sense - should be 'constantly feared death' or 'truly feared death'; Line 2: 'I could always seize' - the 'I' (吾) refers to the ruler/sage, but 'always' overstates; better 'I could seize'; Line 3: 'One who presides over the infliction of death' - while defensible, 司殺者 more directly means 'the executioner' or 'one in charge of killing' (often	"If the people do not fear death, why try to frighten them with it?
If the people were always afraid of death, and I were to seize and kill those who act strange"
the_book_of_chuang_tzu	ctz_012	sound	sound	The new translation invents a second paragraph that is not present in the original Chinese text. The original passage ends after the third 'do not argue' clause.	Do not speak of the sea to a well-frog; do not speak of ice to a summer insect; do not speak of the Way to a scholar confined by his doctrines.
the_book_of_chuang_tzu	ctz_017	sound	sound	The new translation omits a significant portion of the original text, specifically the latter half of the Spirit of the Ocean's speech and the subsequent dialogue between the two spirits. This omission includes key philosophical points about the nature of 'great' and 'small,' the relativity of value, and the concept of non-action (wu wei) as applied to governance and understanding the Tao.; The ne	It was the time of autumn floods. Every stream poured into the river, which swelled in its turbid course. The banks receded so far from one another that it was 
the_book_of_chuang_tzu	ctz_011	sound	sound	The translation introduces a concept of 'positive' and 'negative poles' and explicitly links them to 'male and female principles' and 'the Great Monad' which are not present in the original text at this point. This is an anachronistic and interpretive addition, drawing from later Daoist cosmology not directly stated here.; The phrase 'gravitates towards the positive pole' and 'gravitates towards t	There has been such a thing as letting mankind alone; there has never been such a thing as governing mankind. Letting alone springs from fear lest men's natural
the_book_of_chuang_tzu	ctz_019	sound	sound	The new translation introduces a significant error by translating '神' (shén) as 'God' in the phrase '與神為一' (yǔ shén wéi yī). In the context of Zhuangzi, 'shén' refers to a spiritual essence, a vital spirit, or the numinous aspect of existence, not a monotheistic deity. This misinterpretation fundamentally alters the philosophical meaning of the passage, shifting it from a concept of unity with the	Those who understand the conditions of life do not attend to what life cannot accomplish. Those who understand the conditions of destiny do not attend to what k
the_book_of_chuang_tzu	ctz_024	sound	sound	The translation of the dog analogy is significantly flawed, misinterpreting the meaning of the different 'classes' of dogs and their behavior.; The translation of the horse analogy is also flawed, particularly in its description of the 'horses of the Empire' and their characteristics.; The phrase 'outlaw of Yüeh' is a mistranslation; it should refer to a 'robber' or 'thief' of Yueh.	"The Prince greeted him with sympathy, saying, ""Sir, you are suffering. You must have endured great hardships in the mountains to be willing to leave them and vi"
the_book_of_chuang_tzu	ctz_020	sound	sound	The new translation adds a lengthy, unbracketed, and unindicated editorial comment within Zhuangzi's speech, which is not present in the original text. This comment, starting with 'The text is here doubtful...' and ending with '...rise to this height.', is a significant interpolation.; The new translation omits a crucial part of Zhuangzi's response regarding the 'halfway between the two' position,	Zhuangzi was traveling in the mountains and saw a large tree with luxuriant foliage. A woodcutter stood beside it but did not bother to cut it down. Zhuangzi as
the_book_of_chuang_tzu	ctz_022	sound	sound	The new translation incorrectly attributes the quote about the perishing of Tao, Te, charity, etc., to the Tao-Te-Ching, chapter 38. This passage is from the Zhuangzi itself, not the Tao-Te-Ching.; The new translation includes an anachronistic and interpretive comment about the Yellow Emperor quoting a work not yet written, which is not present in the original text and is an extraneous addition by	When Knowledge traveled north, across the Black Water, and ascended the Dark-Steep Mountain, he met Do-nothing Say-nothing and asked, 'By what thoughts, by what
the_book_of_chuang_tzu	ctz_014	sound	sound	The original text does not mention Confucius. The figure asking the question is Zhongni (仲尼), which is Confucius's courtesy name, but the passage does not state that he 'sees' the swimmer. Instead, he 'asks' his disciple Zilu (子路) about the swimmer.; The swimmer does not say he has no 'technique' in the manipulative sense. He explicitly states he has no 'dao' (道) or 'fa' (法), which refer to a spec	Zhongni asked Zilu, 'What kind of person is that? He enters the water where the gully is, and emerges where the eddy is. He goes with the flow, not against it. 
the_book_of_chuang_tzu	ctz_021	sound	sound	The translation of '無師乎' as 'Have you then no tutor?' is a mistranslation. The original means 'Do you not have a teacher?' or 'Are you without a teacher?'; The phrase '不師乎' is translated as 'Then how is it you do not praise him?' which is incorrect. It should be 'Why do you not take him as your teacher?' or 'Why do you not make him your teacher?'; The translation 'In appearance, a man; in reality,	"Tian Zifang was attending upon Marquis Wen of Wei. He kept praising Qi Gong. Marquis Wen said, ""Is Qi Gong your teacher?"" Tian Zifang replied, ""No, he is merely"
the_book_of_chuang_tzu	ctz_018	minor	minor	The phrase 'what do they affect' is awkward and unclear; the original likely refers to 'what do they rely upon' or 'what do they depend on'; The phrase 'Patriots are in the world's opinion admittedly good' introduces the concept of 'patriots' which is not in the original; the original refers to 'martyrs' or 'those who die for their principles'; The sentence 'Patriotism has been illustrated in Chin	Is there perfect happiness or not? Is there life or not? What does one do? What does one avoid? What does one rest in? What does one accept? What does one rejec
the_book_of_chuang_tzu	ctz_023	sound	sound	The translation of '無為' (wúwéi) as 'in the absence of any agent' is a significant misinterpretation of a core Daoist concept. It should refer to 'non-action' or 'effortless action,' not the absence of an actor.; The phrase 'pent up like a corpse in a tomb' for '居則不知所為' (jū zé bù zhī suǒ wéi) is a substantial over-translation and misrepresents the original meaning. It means 'when he dwells, he does	Among Laozi's disciples was one named Gengsang Chu. He alone had attained his Master's Dao. He lived in the north, on the Weilei Mountains. He dismissed those a
the_book_of_chuang_tzu	ctz_028	sound	sound	The new translation misidentifies the speaker of the line 'To live with a man's elder brother' as T'ai Wang Shan Fu addressing his own people. The original text clearly states that this is a quote from the 'savages' (Di people) themselves, expressing their desire for the land.; The new translation omits the crucial phrase 'what I cannot bear is to see my elder brother's land being fought over by t	Yao offered to resign the empire to Xu You, but Xu You declined. He then offered it to Zizhou Zhifu, who said, 'There is no objection to making me emperor. But 
the_book_of_chuang_tzu	ctz_026	sound	sound	The new translation incorrectly attributes the 'enthusiasm' to Chi Zi; the original text implies Chi Zi's madness or feigned madness.; The new translation states 'the death of Wu Lai' which is a mistranslation; the original text refers to Wu Lai being killed or murdered.; The new translation states 'No sovereign but would have loyal ministers; yet loyalty does not necessarily inspire confidence.' 	Contingencies are uncertain. Thus, Longfeng was beheaded, Bi Gan was disemboweled, Ji Zi feigned madness, Wu Lai was killed, and Jie and Zhou fled. There is no 
the_book_of_chuang_tzu	ctz_029	sound	sound	The new translation states that the original text is Sanskrit (IAST), which is incorrect. The original text is Chinese.; The new translation includes a parenthetical comment, 'This is an anachronism,' which is an interpretive comment by the translator and not present in the original text.; The new translation states that Robber Chê 'stole men's wives and daughters,' whereas the original text says 	Confucius was friends with Liu Xia Ji. Liu Xia Ji's younger brother was called Robber Zhi. Liu Xia Ji was a worthy official of Lu. He was born eighty years befo
the_book_of_chuang_tzu	ctz_031	sound	sound	The new translation incorrectly renders '夫義者，義而有形' as 'Charity is charity, yet I fear he will not escape the wear of mind and tear of body which imperil the original purity of man.' The original text states that 'righteousness' (義) is 'righteousness with form' (義而有形), implying a structured, externalized form of morality, which is then contrasted with the internal, formless Dao. The new translation	Confucius, traveling in the Black Forest, rested at Apricot Altar. His disciples were reading, and Confucius was playing the lute and singing. Halfway through t
the_book_of_chuang_tzu	ctz_033	sound	sound	"The new translation invents a Sanskrit (IAST) original, which is incorrect as the text is Chinese.; The new translation introduces a significant amount of interpretive and explanatory prose that is not present in the original text, such as 'The true Sage is born; the prince is made. Yet all proceed from an original One.' and 'We sink here to a lower level, though still a high one. The ""superior ma"	The various schools of thought differ in their methods, but they all claim to be the true path of the ancients. So, where does the Way (Dao) truly reside? There
the_book_of_chuang_tzu	ZHUANGZI_MD_004	sound	sound	The new translation incorrectly renders '心止於符' (xīn zhǐ yú fú) as 'The heart-mind stops at signs.' The character '符' (fú) in this context refers to a specific kind of symbolic or conceptual understanding, often associated with intellectual apprehension or mental constructs, rather than general 'signs.' A more accurate rendering would convey the idea of the mind stopping at or being limited by conc	"Yan Hui said, ""I have made progress. May I ask for the method?""
Confucius said, ""Fast. I will tell you. If you have plans, it will be difficult to accomplish th"
the_book_of_chuang_tzu	ZHUANGZI_MD_012	sound	sound	The original text does not contain the second paragraph about the sea receiving rivers. This is an invented addition.; The original text does not use the term 'Tao' in the first paragraph; it refers to 'the Way' (dao) in a more general sense of understanding or principle, not the capitalized philosophical concept.	Do not speak of the sea to a well-frog; do not speak of ice to a summer insect; do not speak of the Way to a confined scholar.
the_book_of_chuang_tzu	ZHUANGZI_MD_014	sound	sound	The original text is Chinese, not Sanskrit. This is a factual error in the prompt's parenthetical note, not the translation itself, but it's important to clarify.; The new translation states 'Confucius sees an old swimmer survive impossible rapids and asks for technique.' The original text does not mention 'impossible rapids.' It describes a man swimming in a deep gorge with dangerous currents and	Confucius saw an old man swimming in a deep gorge, where the water plunged down and the currents were turbulent. Confucius asked him, 'Is there a special Way to
the_book_of_chuang_tzu	ZHUANGZI_MD_018	sound	sound	The new translation misinterprets the skull's statement about 'southern-facing king' (南面之樂). It's not about the skull being a king, but about the *joy* of death being superior to the joy of a king.; The new translation misinterprets Zhuangzi's offer to 'restore the skull to human form' (請為君從有司而生). The original implies an offer to inter the skull properly, or perhaps to pray for its rebirth, not a 	Zhuangzi traveled to Chu and saw an empty skull, bleached and dry. He struck it with his whip and asked, 'Did you come to this because of an insatiable craving 
the_book_of_chuang_tzu	ZHUANGZI_MD_017	sound	sound	The new translation attributes the entire speech to 'The Spirit of the Ocean,' whereas the original text clearly indicates that the first part is spoken by the Spirit of the Yellow River (He Bo) and the latter part by the Spirit of the North Sea (Bei Hai Ruo).; The new translation omits the crucial detail that the Spirit of the Yellow River is speaking to the Spirit of the North Sea, and the North	"The Spirit of the Yellow River said, ""You cannot speak of the ocean to a well-frog, confined by its narrow space. You cannot speak of ice to a summer insect, bo"
the_book_of_chuang_tzu	ZHUANGZI_MD_023	sound	sound	The phrase 'The Tao has already moved' is a significant mistranslation; the original implies that the Tao acts spontaneously and without conscious effort, not that it has 'moved' in a past tense or directional sense.; The phrase 'sit like a corpse in a four-walled room' misinterprets the original, which describes the utmost person as dwelling in a 'four-walled room' (a metaphor for the mind or inn	When the people of Wei-lei said, 'Surely he must be a sage—why not pray to him and honor him as a tutelary god?' Kêng Sang Ch'u heard this and turned his face a
the_book_of_chuang_tzu	ZHUANGZI_MD_020	sound	sound	The new translation misidentifies the 'ancestor of all things' as a place to float, when the original refers to 'ancestors' (plural) as a state of being or a lineage to follow.; The new translation attributes the 'law' to Shen Nong and the Yellow Emperor, when the original states that this is 'the constant of Shen Nong and the Yellow Emperor,' implying a principle or enduring truth rather than a l	I dwell between the two. In this position, appearing to be what I am not, it is impossible to avoid the troubles of humanity. But if one is charioted upon the D
the_book_of_chuang_tzu	ZHUANGZI_MD_019	sound	sound	The translation of '五六月' as 'In the fifth and sixth months' is incorrect; it refers to the size of the pellets, not the time of year.; The phrase '我猶失一' is translated as 'I lose only a fraction', which is too vague. It means 'I still miss one' or 'I still lose one'.; The phrase '我猶失一焉' is translated as 'I lose only one in ten', which is an invention. It means 'I still miss one of them'.; The phras	I have a method. For pellets the size of five or six, I stack them without them falling, though I still miss one. For pellets the size of three, I stack them wi
the_book_of_chuang_tzu	ZHUANGZI_MD_021	sound	sound	The original text does not state that 'His nature is authentic.' The opening phrase '其形萬物' means 'His form is that of the myriad things' or 'His form is like the myriad things,' referring to the sage's embodiment within the world, not an inherent authenticity of his nature.; The phrase '其德天' is mistranslated as 'in essence he is empty like heaven.' '其德天' means 'his virtue is Heaven' or 'his virtue	"Tzŭ Fang said: ""His form is that of the myriad things; his virtue is Heaven. His actions have no fixed course; his mind stores nothing. The myriad things do not"
the_book_of_chuang_tzu	ZHUANGZI_MD_022	sound	sound	The new translation misattributes the Yellow Emperor's response to Do-nothing Say-nothing, when the original text clearly states that Do-nothing Say-nothing did not answer. The Yellow Emperor's response is a separate intervention.; The new translation incorrectly states that Do-nothing Say-nothing did not answer 'from unwillingness but from inability.' The original text implies inability or perhap	"Knowledge asked Do-nothing Say-nothing: ""By what thoughts, by what reflections is the Way known? In what rest, in what accord is the Way approached? Following w"
the_book_of_chuang_tzu	ZHUANGZI_MD_025	sound	sound	"The translation misinterprets the phrase ""使人忘其貧富"" (shǐ rén wàng qí pín fù). It should be ""causes people to forget their poverty and wealth,"" not just ""poverty.""; The translation misinterprets ""使諸侯忘其貴賤"" (shǐ zhūhóu wàng qí guì jiàn). It should be ""causes princes to forget their nobility and lowliness,"" not ""ranks and emoluments, and to become as though of low estate.""; The translation adds an inven"	The true Sage, when in obscurity, causes people to forget their poverty and wealth. When in power, he causes princes to forget their nobility and lowliness. Tho
the_book_of_chuang_tzu	ZHUANGZI_MD_031	sound	sound	The new translation misinterprets the final sentence, suggesting a path to 'not being caught' through examination of concepts, whereas the original emphasizes returning to one's true nature and allowing things to be natural as the means to avoid being burdened.	There was a man who was afraid of his shadow and loathed his footprints, so he ran away from them. But the more he lifted his feet, the more footprints he made.
the_book_of_chuang_tzu	ZHUANGZI_MD_029	sound	sound	The new translation incorrectly attributes the 'great cities and multitudes' and 'regulating through profit' to Confucius, when the original text has Robber Zhi himself speaking of these things as Confucius's methods.; The new translation misinterprets 'treating me like common stock' (以利誘我，若將厚我) as Confucius's intention, whereas the original implies Confucius is trying to 'entice' or 'bribe' Robbe	Robber Zhi, in a great rage, said: 'Confucius, come forward! Those who can be swayed by profit or admonished by words are but common, foolish people. My height 
the_book_of_chuang_tzu	ZHUANGZI_MD_032	sound	sound	The new translation misinterprets the core concept of 'truth within not being duly assimilated' and its connection to external brightness. The original implies that when the inner truth is not fully realized, an external display of brightness or virtue is often a compensatory mechanism, not a direct consequence of non-assimilation.; The phrase 'To conquer men's hearts by force of the external is t	When the inner truth is not fully established, an external brilliance is manifested. To conquer people through external display is to disregard one's own nature
the_book_of_chuang_tzu	ZHUANGZI_MD_030	sound	sound	The original text does not state that the sage 'said' anything; it is King Wen who asks about the swords, and the guest (Zhuangzi) describes them.; The phrase 'stone of Yan-creek' is a mistranslation of 'Yan-xi' (延溪), which refers to a specific valley or stream, not a type of stone. It's a geographical marker for the sword's tip.; The phrase 'peaks of Qi' is a mistranslation of 'Qi-shan' (齊山), whi	"The guest said: ""I have three swords. Which one would Your Majesty like to use? The first is the Sword of the Son of Heaven. Its tip is Yan-xi, its edge is Moun"
the_book_of_chuang_tzu	ZHUANGZI_MD_024	sound	sound	The phrase 'All perfection is a tool' (夫德，天下之公器也) is a significant mistranslation. The original means 'Virtue is the common tool/instrument of the world' or 'Virtue is the public instrument of all under Heaven,' referring to virtue as a shared resource or means, not that perfection itself is a tool.; The phrase 'Form shapes form' (形傷乎形) is a mistranslation. The original means 'Form harms form' or 	The Prince said, 'I have long wished to see you, Sir. I desire to love my people and practice righteousness to end warfare—is this possible?' Hsü Wu Kuei replie
the_book_of_chuang_tzu	ZHUANGZI_MD_026	sound	sound	The new translation misidentifies the speaker of the initial offer of money. It is Zhuang Zhou who makes the offer to the magistrate, not the other way around.; The new translation misidentifies the speaker of the initial question to the fish. It is Zhuang Zhou who asks the fish, not the fish asking Zhuang Zhou.; The new translation misidentifies the speaker of the fish's final retort. It is the f	Zhuang Zhou was in dire straits and went to borrow grain from the Marquis of Jianhe. The Marquis of Jianhe said, 'Yes, I will soon be collecting my tax revenues
vajracchedika_diamond_sutra	VAJ_005	sound	sound	The final sentence of the new translation misinterprets the meaning of 'lakṣaṇālakṣaṇatastathāgato draṣṭavyaḥ'. It incorrectly renders 'lakṣaṇālakṣaṇatas' as 'by way of marks as no-marks', which implies a combination or equivalence, rather than the intended meaning of 'from the perspective of marks and no-marks' or 'from the perspective of marks being no-marks'.	“What do you think, Subhūti, is the Tathāgata to be seen by means of the perfection of marks?” Subhūti said, “No, indeed, Blessed One. The Tathāgata is not to b
vajracchedika_diamond_sutra	VAJ_009	sound	sound	The phrase 'na hi sa bhagavan kaṃciddharmamāpannaḥ, tenocyate srotaāpanna iti' is translated as 'Because, Blessed One, he has not entered into any dharma; therefore he is called a stream-enterer.' This is a common interpretation, but it misses a subtle nuance. The 'he' (sa) refers to the stream-enterer, but the 'dharma' here is not something the stream-enterer 'enters into' in the sense of a state	
vajracchedika_diamond_sutra	VAJ_008	sound	sound	The translation of 'atonirjātāśca buddhā bhagavantaḥ' as 'and from this the Blessed Buddhas arise' is inaccurate. The original implies that the Buddhas themselves, not just their awakening, arise from this Dharma presentation, which is a stronger statement.; The translation of 'buddhadharmā buddhadharmā iti subhūte abuddhadharmāścaiva te tathāgatena bhāṣitāḥ' as 'The Buddha-dharmas, Subhūti, of wh	The Blessed One said: “What do you think, Subhūti? If any son or daughter of good family were to fill this three-thousand great-thousand world-system with the s
vajracchedika_diamond_sutra	VAJ_017	minor	minor	The phrase 'tathāgata iti subhūte dharmocchedasyaitadadhivacanam' is translated as 'designation for the cessation of dharmas' but should indicate 'designation for the cutting-off/annihilation of dharma' or 'designation for non-annihilation of dharma' - this is a technical term about the middle way avoiding eternalism and annihilationism; The passage appears incomplete at the end ('has') suggesting	
vajracchedika_diamond_sutra	VAJ_020	sound	sound	The translation of 'apariniṣpattireṣā' as 'an uncompleted perfection' is incorrect. It should be 'not a perfection' or 'not a completed perfection', emphasizing negation rather than incompleteness.; The translation of 'alakṣaṇasaṃpadeṣā' as 'an endowment without marks' is incorrect. It should be 'not an endowment of marks' or 'a non-endowment of marks', again emphasizing negation rather than a dif	"“What do you think, Subhūti: is the Tathāgata to be seen by means of a perfected form-body?”
Subhūti said: “No indeed, Blessed One. The Tathāgata is not to be s"
vajracchedika_diamond_sutra	VAJ_026	sound	sound	The translation of the last line of the gatha 'dharmatā ca na vijñeyā na sā śakyā vijānitum' as 'Yet dharmatā is not an object to be known; it cannot be made known' is an inversion of the intended meaning. The original implies that dharmatā is not something to be *cognized* or *understood* in a conventional, conceptual way, but rather something that transcends such knowing. The translation 'not an	“What do you think, Subhūti: is the Tathāgata to be seen by means of the perfection of marks?” Subhūti said, “No, Blessed One. As I understand the meaning of wh
vajracchedika_diamond_sutra	VAJ_028	sound	sound	The translation of 'parigrahītavyaḥ subhūte no grahītavyaḥ' as 'It should be accepted, Subhūti; it should not be grasped' is a significant mistranslation. The original uses 'parigrahītavyaḥ' twice, once negated, and the second instance is not a different verb ('grahītavyaḥ'). The meaning is that it should be appropriated, but not in a way that implies grasping or attachment to it as 'mine'.	Again, Subhūti, if a son or daughter of good family were to fill world-systems as numerous as the sands of the Ganges with the seven precious treasures and offe
the_book_of_chuang_tzu	ZZ_012	sound	sound	The phrase '窃窃然知之' is mistranslated. It does not mean 'in their petty certainty they know who is ruler and who is herdsman'. Instead, it refers to their self-satisfied, petty knowledge of their own 'awakened' state.; The phrase '君乎，牧乎，固哉！' is mistranslated. It is not a statement about knowing 'who is ruler and who is herdsman'. It is an exclamation of how fixed and stubborn the 'foolish' are in th	Only when there is a great awakening will one know that this was a great dream. Yet the foolish believe themselves awake, smugly certain of their knowledge. How
the_book_of_chuang_tzu	ZHUANGZI_MD_033	sound	sound	The translation misinterprets '百家' (bǎi jiā) as 'hundred schools' in the context of the ear, eye, nose, and mouth analogy, when it refers to the various philosophical schools.; The phrase '各有所長' (gè yǒu suǒ cháng) is translated as 'each have their strengths' which is acceptable, but the subsequent '技也' (jì yě) is rendered as 'but a partial craft', which misses the nuance of 'skill' or 'art' that i	The hundred schools each have their particular skill. It is like the ear, eye, nose, and mouth, each having its clarity, but they cannot be used interchangeably
vijnana_bhairava	yukti_001	minor	minor	visargātmā paroccaret: 'articulates constantly' misses the technical meaning of visarga (emission/exhalation) and paroccaret (rises up/goes forth); should convey the upward emission nature; utpattidvitayasthāne: 'two points of origin' is acceptable but could be clearer as 'two places of arising' (the junction points of breath); bharaṇād bharitā sthitiḥ: the causal relationship 'by sustaining' (bha	When the upward breath and the downward breath, whose nature is emission, emerge, by sustaining awareness at the two turning points, a state of fullness is atta
vijnana_bhairava	yukti_012	sound	sound	The new translation misinterprets 'layānte' as 'when it dissolves'. In this context, 'layānte' refers to the end or conclusion of the dissolution process, not the act of dissolving itself. It functions as a location or state where meditation occurs, parallel to 'śikhānte' and 'hṛdaye'.; The new translation misinterprets 'layaḥ' as 'there is dissolution'. While 'layaḥ' does mean dissolution, in thi	Meditate on the Bindu, which has the form of a subtle fire-mark (tilaka) born from the agitation within the Radiant Abode, whether at the tip of the flame, in t
vijnana_bhairava	yukti_005	sound	sound	The phrase 'muktvā muktvāntataḥ śivaḥ' is mistranslated. 'Muktvā muktvā' means 'having abandoned each one' or 'releasing each one', but 'antataḥ śivaḥ' does not mean 'thus at last [one realizes] Śiva'. Instead, 'antataḥ śivaḥ' means 'ultimately, Śiva' or 'finally, Śiva', implying that Śiva is the ultimate state or the result of this process, not something to be realized 'at last' in the sense of a	The twelvefold sequence, properly differentiated by the twelve syllables, existing as gross, subtle, and supreme states—having abandoned each of these, ultimate
vijnana_bhairava	yukti_016	sound	sound	The new translation misinterprets 'paravyomavapur bhavet'. 'Vapur' here refers to the nature or essence, not the physical body. The phrase means 'one becomes of the nature of the supreme void' or 'one's essence becomes the supreme void', not that the physical body transforms into it.	When sounds of stringed instruments and other musical instruments are prolonged and sequentially arranged, with an undivided mind at their end, one becomes of t
vijnana_bhairava	yukti_052	sound	sound	The new translation misinterprets 'bhāvasya' as 'being' instead of 'existence' or 'object', and 'sthūlarūpasya' as 'with a gross form' referring to a being, rather than 'of a gross form' referring to the nature of existence itself.; The phrase 'acireṇa' is translated as 'quickly attains', but it modifies 'kṛtvā' (having made), meaning 'without delay' or 'swiftly' in the act of making the mind supp	Casting a steady gaze upon an object of gross form, and swiftly making the mind supportless, one attains Shiva.
vijnana_bhairava	yukti_059	minor	minor	The phrase 'bhairavaṃ rūpam' is rendered as 'formless form of Bhairava' which adds the concept of 'formless' not present in the original. The Sanskrit simply says 'the form of Bhairava' or 'Bhairava's form' without the paradoxical qualifier 'formless'.	Similarly, on a dark night when the dark fortnight arrives, meditating for a long time on the dark form, one will attain the form of Bhairava.
vijnana_bhairava	yukti_049	sound	sound	The translation misinterprets the list of goddesses as mudras or separate entities through which attainment manifests. The original Sanskrit uses instrumental case for the goddesses, indicating they are the means or the 'through whom' the attainment occurs, but the phrasing 'mudrā of Karaṅkinī' is an invention. More importantly, the goddesses Karaṅkiṇī, Krodhanā, Bhairavī, and Lelihānā are not sep	Through Karaṅkiṇī, Krodhanā, Bhairavī, and Lelihānā, and through Khecarī, at the moment of vision, supreme attainment shines forth.
vijnana_bhairava	yukti_060	minor	minor	The phrase 'behold what appears as blackness' slightly misrepresents 'kṛṣṇābham agrataḥ' which means 'the dark/black appearance in front' as an object to be extended/expanded, not merely beheld as a preliminary step; The translation structure suggests 'behold' then 'extending' as sequential acts, whereas the syntax indicates 'extending the dark appearance in front' and 'meditating on the Bhairava 	In this very way, first closing the eyes, one should project the form of Bhairava, blackish in front, and meditating on that, become absorbed in it.
vijnana_bhairava	yukti_057	minor	minor	The phrase 'līnaṃ mūrdhni viyat sarvam' more accurately means 'all space/sky dissolved/merged in the crown' rather than 'sky as dissolved in the crown' - the dissolution is already accomplished, not being contemplated as a process; The compound 'bhairavākāra-tejas-tattvaṃ' should be parsed as a single compound describing what enters, meaning 'the reality-principle which is radiance in Bhairava's f	One should contemplate all space as already merged in the crown of the head in the form of Bhairava. Then one should enter into all that—the essential reality o
vijnana_bhairava	yukti_071	sound	sound	The translation of 'bhramātmakam' as 'its nature being a whirling' is inaccurate; it means 'of the nature of error/delusion' or 'illusory'.; The phrase 'tattvataḥ kasyacin naitad' is mistranslated as 'In truth, this does not belong to anyone.' It means 'in reality, this (knowledge) does not belong to anyone' or 'is not of anyone'.; The final clause 'evambhāvī śivaḥ priye' is mistranslated as 'One 	Knowledge is without cause, without support, and of the nature of error. In reality, this (knowledge) does not belong to anyone. Such is Śiva, beloved.
vijnana_bhairava	yukti_087	sound	sound	The new translation inverts the meaning of 'sthitvopari nirīkṣaṇāt'. It translates it as 'Standing above... and gazing into it', whereas the original means 'standing in... and looking upwards'.	Standing in a well, a great chasm, or similar depth, and gazing upwards—for one whose mind is free of conceptual thought, the dissolution of consciousness occur
vijnana_bhairava	yukti_093	sound	sound	The new translation misinterprets 'bhavayet tāṃ tataḥ śivaḥ'. It translates 'bhavayet' as 'Become that constantly' and 'tataḥ śivaḥ' as 'then Śiva manifests'. The correct understanding is that one should meditate on or cultivate that Śakti, and from that, Śiva (the ultimate reality) arises or becomes manifest.; The new translation omits the implied subject of 'bhavayet', which is the practitioner.	Whatever understanding arises in one who is dispassionate due to the intensity of devotion—that very power is Śaṅkarī, eternal. One should constantly cultivate 
vijnana_bhairava	yukti_094	sound	sound	The new translation misinterprets 'vidito 'pi praśāmyati'. It suggests 'even though [the object] is known, one becomes peaceful', implying the object's knowledge is a condition for peace. The original means that even if the emptiness is known intellectually, true peace comes from meditating on it, or that the known object itself dissolves into peace.; The phrase 'sarvavastuṣu śūnyatā' is better un	When one object is being perceived, there is emptiness in all things. Meditating on that very emptiness with the mind, even what is known dissolves into peace.
vijnana_bhairava	yukti_090	sound	sound	The new translation misinterprets 'kṣutādyante' and 'kutūhalekṣudhādyante'. The suffix '-ante' means 'at the end of' or 'after'. The original text lists various states (sneezing, fear, sorrow, etc.) and then states that 'brahmasattāmayī daśā' (the state full of the Absolute's Being) arises at the end of these states, or when these states are experienced. The new translation incorrectly separates '	At the end of a sneeze, in fear, in sorrow, in a deep chasm, or when fleeing from battle; at the end of curiosity, hunger, and such — the state imbued with the 
yoga_spandakarika	SP_03	sound	sound	The phrase 'nivartate nijānnaiva svabhāvād upalabdhṛtaḥ' is mistranslated. 'Nivartate' means 'does not cease' or 'does not depart', not 'turns back'. 'Nijānnaiva svabhāvād' means 'from its own nature', and 'upalabdhṛtaḥ' means 'of the perceiver' or 'of the experiencing subject'. The original states that the nature of the perceiver does not depart from itself, even amidst the states of waking, etc.	Even amidst the distinctions of waking and other states, it flows undivided. The nature of the perceiver does not depart from its own essence.
yoga_spandakarika	SP_14	sound	sound	The new translation incorrectly assigns the verse number [15] to the first verse, which is actually verse 14.; The new translation omits the second verse (15) entirely, only providing a translation for the first verse (14) and then mislabeling it as [15].	Here, the pair of states is designated as 'effect' and 'agent'. Of these, the state of being an effect is perishable, while agency is imperishable. The effort t
yoga_spandakarika	SP_10	sound	sound	The new translation renders 'tadepsitaṃ sarvaṃ' as 'all that is desired (iṣṭa)', which is incorrect. The original 'tadepsitaṃ' refers to 'all that is desired BY HIM (the yogi)', not 'all that is desired' in a general sense or 'iṣṭa' as a separate concept. The 'tat' in 'tadepsitaṃ' refers back to the yogi whose nature is being described.; The new translation renders 'jānāti ca karoti ca' as 'he kno	Then his uncreated nature, characterized by knowing and acting, manifests. From that, he knows and does all that he desires.
yoga_spandakarika	SP_12	minor	minor	The phrase 'na tv evaṃ smaryamāṇatvaṃ tat tattvam pratipadyate' is rendered somewhat awkwardly with an added interpretive gloss in brackets that goes beyond the text. The standard meaning is closer to 'but it is not the case that what is thus remembered attains/reaches that reality' - the 'evaṃ' (thus) modifies how it is remembered, and the bracketed addition about consciousness vs memory is inter	Non-being does not come into being, nor is there any delusion there; because from contact with [yogic] application, the certainty arises that 'it was thus.' The
yoga_spandakarika	SP_13	minor	minor	The phrase 'na tv evaṃ smaryamāṇatvaṃ tat tattvam pratipadyate' is rendered somewhat awkwardly with an added interpretive gloss in brackets that goes beyond the text. The standard meaning is closer to 'but that which is thus remembered does not attain/realize that reality' or 'but being remembered in this way does not constitute/reach that reality'—the point being that mere memory of an experience	Non-being does not become being, nor is there clarity there. For, from the contact of application, the conviction arises that 'it existed then'. Therefore, that
yoga_spandakarika	SP_26	minor	minor	Verse 26: 'adhikārāya' typically means 'for their function/office' rather than 'for the purpose of authority' in this context; Verse 27: 'sahārādhakacittena' is parsed as 'saha ārādhaka-cittena' (together with the worshipper's mind), but 'tena' in the next phrase creates ambiguity - the translation suggests 'by that [mind]' but standard readings take 'tena' as instrumental referring to the dissolu	Mantras, having seized that power, endowed with the strength of omniscience, proceed for the purpose of authority, just as the faculties do for embodied beings.
yoga_spandakarika	SP_27	minor	minor	Verse 26: 'proceed for the sake of authority' is awkward; adhikāra here means 'function/operation/sphere of activity' rather than abstract 'authority'; Verse 27: 'There they dissolve' (tatraiva sampralīyante) - the location reference 'there' (tatraiva) refers back to that power/state mentioned in v.26, which could be clearer; Verse 27: 'by that means' for 'tena' is acceptable but 'thereby/through 	"26. Having seized that power, the mantras, endowed with the power of omniscience, proceed to their function, just as the senses do for embodied beings.
27. Ther"
yoga_spandakarika	SP_42	minor	minor	The subject 'spanda' (vibration) is not explicitly present in the original Sanskrit - the verse uses 'yadā' (when) with the verb 'vyāpyāvatiṣṭhate' (stands pervading) without specifying spanda as the grammatical subject, though contextually it may be implied from the broader text	
yoga_spandakarika	SP_38	minor	minor	Verse 37: 'it conceals hunger' (ācchādayed bubhukṣām) is awkward - the sense is that spanda enables one to transcend/overcome hunger, not merely conceal it; Verse 38: 'just as they do' is vague - the comparison structure needs clarification that omniscience etc. arise in the body when presided over by spanda, just as they will arise everywhere when spanda presides in one's self	37. Even one who is weak, having seized upon that [spanda], engages in action; and one who is extremely hungry can overcome hunger through it. 38. Just as omnis
yoginihrdaya	YH_005	sound	sound	The translation incorrectly assigns 'sṛṣṭyā' (creation/emission) to 'five energies' and 'layenā' (dissolution/resorption) to 'four fires'. In the original, 'sṛṣṭyā layenā' are adverbs modifying the verb implied by 'cakrasambhavaḥ', indicating the process by which the five energies and four fires combine to form the cakra, i.e., through creation and dissolution.; The phrase 'sṛṣṭyā layenā' is not a	Its five energies and four fires, through creation and dissolution, form the cakra. From the conjunction of the five energies and the four fires, the cakra come
yoginihrdaya	YH_002	minor	minor	Line 3: 'karṇāt karṇopadeśena' means 'by ear-to-ear instruction' (transmitted from ear to ear), not 'mouth to ear, ear to mouth' which inverts the traditional formula; Line 4: 'anarthapradāyinām' means 'to those who cause harm/misfortune to others' not 'those who withhold their substance'	Listen, Goddess, to the great secret — the supreme Heart of the Yoginī. Out of love for you I speak it today; it must be especially guarded. It has reached the 
yoginihrdaya	YH_011	sound	sound	The translation incorrectly maps 'śuddhe' to 'throat [viśuddha]'. In the context of the cakras, 'śuddhe' refers to the 'viśuddha cakra', which is indeed the throat cakra. However, the original text lists 'nābhāv anāhate śuddhe', which means 'in the navel, in the anāhata, in the śuddha'. The 'śuddha' here is a reference to the 'viśuddha cakra', but the translation's parenthetical 'viśuddha' is redu	In akula, in what is called viṣu, in śakti, and in fire; then in the navel, in the anāhata, in the viśuddha, at the tip of the lambikā, between the eyebrows; in
yoginihrdaya	YH_007	minor	minor	The phrase 'the four selves' (ātmānau) is problematic - ātmānau is dual, meaning 'two selves', not four; The translation 'throne-of-the-bindu' for baindavaṃ cakram is interpretive but acceptable; however, the structure could be clearer that this bindu-cakra itself becomes threefold; Minor: 'streams' (prasṛtaṃ) could be more literally 'extended/spread forth' but this is stylistic	From the void-form (śūnya) and from what ends in visarga, from the bindu of vibrating consciousness, whose ultimate reality is luminosity, united with the surgi
zhongyong	ZY_04	sound	sound	The original text does not mention 'Sanskrit (IAST)' as the source language; it is Classical Chinese.; The new translation incorrectly states that 'EQUILIBRIUM is the great root from which grow all the human actings in the world' and 'HARMONY is the universal path which they all should pursue.' The original text states that Equilibrium is the 'great root of the world' and Harmony is the 'pervading	When joy, anger, sorrow, and pleasure have not yet emerged, it is called equilibrium. When they emerge and all attain their proper measure, it is called harmony
yoginihrdaya	YH_010	minor	minor	The phrase 'kalā [Kālī] is of the nature of will' introduces an interpretive gloss '[Kālī]' that conflates kalā with the goddess Kālī, which is not explicitly present in the original text 'kalā cecchāsvarūpakam' (kalā is of the nature of will/icchā); The translation 'the rest are activity' for 'kriyā śeṣam' is slightly ambiguous; it should more clearly indicate that the remaining (goddesses/elemen	In the nine cakras, beginning with Trailokyamohana, O Sovereign of the gods, nāda, bindu, kalā, Jyeṣṭhā, Raudrī, Vāmā, and then Viṣagni, Dūtarī, and Sarvānandā 
zhongyong	ZY_05	sound	sound	The original text does not state that the superior man 'always maintains the Mean'. Instead, it says that the superior man embodies the Mean because he is a superior man and 'is always timely' or 'always acts in due season'.; The original text does not state that the mean man 'has no caution'. Instead, it says that the mean man acts contrary to the Mean because he is a mean man and 'has no scruple	Zhongni said, 'The noble person embodies the central way; the petty person acts contrary to the central way. The noble person embodies the central way because h
zhongyong	ZY_06	sound	sound	The original text does not contain a second 'I know how it is that the path of the Mean is not understood' clause. The second part of the passage is a continuation of the explanation for why the Mean is not walked in, using different categories of people.	The Master said, 'I know why the Way is not walked: the intelligent go beyond it, and the ignorant do not reach it. I know why the Way is not understood: the wo
zhongyong	ZY_09	sound	sound	The new translation adds 'he does not desire to go beyond this' which is not present in the original text and alters the meaning by implying a lack of ambition or aspiration, rather than simply acting appropriately within one's current circumstances.; The final sentence 'The superior man can find himself in no situation in which he is not himself' is an invention; the original text states that the	The noble person acts according to their station, and does not desire what is outside of it. If they are in a position of wealth and honor, they act according t
zhongyong	ZY_14	sound	sound	The new translation misinterprets the phrase '知風之自' (zhi feng zhi zi). It translates it as 'He knows where the wind proceeds from,' which is a literal but incorrect interpretation in this context. The phrase refers to understanding the origins or causes of things, not literally the wind.; The new translation misinterprets '知微之顯' (zhi wei zhi xian). It translates it as 'He knows how what is minute 	The Book of Odes says: 'Over her embroidered robe, she puts a plain single garment.' This implies a dislike for the ostentatious display of its beauty. Thus, th
astavakra_gita	ASG_16_1	error	repaired	Second line completely omitted - 'bahunātra kim uktena kiñcin nottiṣṭhate mama' meaning 'What more is there to say? Nothing arises/stands for me' is missing; Translation incomplete - only first line of two-line verse translated	Where is existence, where is non-existence, where is oneness, where is duality? What more need be said about this? Nothing whatsoever arises for me.
astavakra_gita	ASG_11_7	error	repaired	Second half of verse completely omitted: 'bahunātra kim uktena kiñcin nottiṣṭhate mama' (What more is there to say? Nothing arises/remains for me); Translation provides only the four rhetorical questions but drops the concluding statement which is the verse's essential point	Where is existence, where is non-existence, where is oneness, where is duality? What more need be said about this? Nothing whatsoever arises for me.
zhongyong	ZY_10	sound	sound	The new translation misinterprets '文武之政，布在方策' (the government of Wen and Wu is displayed in the records— the tablets of wood and bamboo) as a direct answer to Duke Ai's question about government, when it is actually a statement about the *nature* of their government, which is recorded. The original implies that the principles of their government are evident in historical records, not that the reco	Duke Ai asked about governing. The Master said, 'The governance of Wen and Wu is recorded in the historical documents. When the right men are present, their gov
zhongyong	ZY_07	sound	sound	The new translation incorrectly attributes the entire passage to Zilu asking about strength. In the original, Zilu's question is only about 'strength' (強), and the Master's subsequent discourse is a general exposition on different types of strength and the strength of the superior person, not a direct answer to Zilu's specific query about 'strength' in the sense of physical or martial prowess.; Th	Zilu asked about strength. The Master said, 'Do you speak of the strength of the South, the strength of the North, or the strength that is truly strong? To be g
astavakra_gita	ASG_1_1	error	repaired	Translation is incomplete - only renders the first quarter of the verse; Missing translation of 'kathaṃ muktir bhaviṣyati' (how will liberation come about); Missing translation of 'vairāgyaṃ ca kathaṃ prāptam' (and how is dispassion attained); Missing translation of 'etad brūhi mama prabho' (tell me this, O Lord)	How is knowledge attained? How does liberation come about? And how is dispassion obtained? Tell me this, my Lord.
astavakra_gita	ASG_15_7	error	repaired	Missing translation of second half (pāda cd): 'tattvam eva na sandehaḥ cinmūrte vijvaro bhava' - an entire instructional clause omitted; Incomplete rendering - only translates first half of the verse; Omits the direct address and imperative instruction to become free from fever/anxiety	The universe flashes forth in this (reality) like waves in the ocean. You are That itself, without doubt — O embodiment of consciousness, be free from anxiety.
astavakra_gita	ASG_1_10	error	repaired	The phrase 'sa bodhas tvam' (that awareness/knowledge is you) is completely omitted; The imperative 'sukham bhava' (be happy/at peace) is omitted; The translation stops mid-verse, losing the direct address to the student and the instruction	Where this universe appears as imagined, like a snake in a rope — that awareness is you, O bliss, supreme bliss; be at peace.
astavakra_gita	ASG_11_6	error	repaired	The translation renders the verse as two separate statements with a semicolon, but the original uses 'kasyāpi' (of whom/for whom) which creates a rhetorical question about WHO could fail to be seen as liberated with such certainty, not a contrasting statement about whether anyone is seen as liberated; The phrase 'na dṛśyate' (is not seen) is negated, meaning such a person IS seen as liberated, not	One who is certain that 'I am not the body, nor is the body mine; I am consciousness' — for whom in this world would such a person not be seen as liberated whil
astavakra_gita	ASG_1_6	error	repaired	Translation omits the second half of the verse entirely (lines 3-4); Missing critical statements: 'na kartāsi na bhoktāsi' (you are not the doer, not the experiencer) and 'mukta evāsi sarvadā' (you are ever free)	Righteousness and unrighteousness, pleasure and pain are of the mind, not yours, O All-pervading One. You are not the doer, nor are you the experiencer. You are
astavakra_gita	ASG_1_12	error	repaired	Second half of the verse completely omitted: 'asaṅgo niḥspṛhaḥ śānto bhrāmāt saṃsāravān iva' (unattached, desireless, peaceful, through delusion appears as if in bondage); Critical teaching about the illusory nature of bondage (bhrāmāt saṃsāravān iva) is missing	The Self is witness, all-pervading, complete, one, free, consciousness, and actionless. It is unattached, desireless, and peaceful, yet through delusion appears
astavakra_gita	ASG_1_3	error	repaired	The translation omits the entire second half of the verse (pāda c-d); Missing the crucial instruction: 'Know the Self as the witness of these, of the nature of consciousness, for liberation'	You are not earth, nor water, nor fire, nor air, nor space. Know the Self as the witness of these, of the nature of consciousness, for liberation.
astavakra_gita	ASG_1_5	error	repaired	The translation omits the second half of the verse entirely (lines 3-4: 'asaṅgo'si nirākāro viśvasākṣī sukhī bhava'); The phrase 'na tvaṃ viprādiko varṇo' is rendered as 'You are no caste' but 'viprādiko' specifically means 'beginning with the brāhmaṇa' or 'such as brāhmaṇa', indicating the first/highest of the varṇas, not just any caste; Critical concluding instruction 'sukhī bhava' (be happy/at 	You are not any of the castes beginning with the brāhmaṇa, nor are you in any stage of life, nor are you an object of the senses. You are unattached, formless, 
astavakra_gita	ASG_7_3	error	repaired	Translation is incomplete - only renders the first quarter of the verse; Omits the second quarter: 'when there is I, there is bondage'; Omits the entire second half (quarters 3-4) which contains the crucial instruction: 'Understanding this, neither grasp nor renounce anything casually/lightly'	When there is no 'I,' that is liberation; when there is 'I,' that is bondage. Understanding this, do not grasp at anything nor renounce anything, even lightly.
astavakra_gita	ASG_2_7	error	repaired	The translation includes 'grasps, releases, rejoices, or is angered' which are not present in the original verse; The original verse has two parts (tadā bandho... and tadā muktir...) defining both bondage AND liberation, but the translation only addresses bondage; The second half defining liberation (when the mind neither desires nor grieves) is completely omitted	Bondage is when the mind desires something or grieves. Liberation is when the mind neither desires nor grieves.
astavakra_gita	ASG_1_7	error	repaired	Second line completely omitted - 'ayameva hi te bandho draṣṭāraṃ paśyasītaram' (this very is your bondage: that you see another witness) is missing; Critical teaching about bondage being the perception of another witness is lost; The verse's complete meaning - contrasting inherent freedom with self-created bondage - is not conveyed	You are the one witness of all, ever nearly free. This alone is your bondage: that you see another witness.
bhagavad_gita	BG_02_04_06	error	repaired	Line 2: 'artha-kāmāṃs tu gurūn' means 'gurus who have worldly desires/goals' not 'teachers greedy for ends' - the gurus are described as having legitimate worldly interests, not as being greedy; Line 2: The phrase structure 'hatvā artha-kāmāṃs tu gurūn iha eva bhuñjīya bhogān' means 'having killed gurus [who have] worldly desires, I would enjoy pleasures here' - the translation incorrectly suggest	Arjuna said: 'How can I fight with arrows in battle against Bhīṣma and Droṇa, O Madhusūdana — those worthy of worship, O slayer of enemies? It would be better t
zhongyong	ZY_13	sound	sound	The original text does not state that 'Sincerity is that whereby self-completion is effected, and its way is that by which man must direct himself.' This conflates two distinct concepts presented in the original: 'sincerity' (誠) and 'the Way' (道). The original states that sincerity is the 'completion of the self' (自成) and the Way is the 'direction of the self' (自道). These are presented as two sepa	Sincerity is the completion of the self, and the Way is the direction of the self. Sincerity is the beginning and end of things; without sincerity, there would 
bhagavad_gita	BG_01_08_10	error	repaired	The translation of 'aparyāptam' and 'paryāptam' is inverted. 'Aparyāptam' means 'insufficient/inadequate', not 'immeasurable'; 'paryāptam' means 'sufficient/adequate', not 'measurable'.; The speaker is expressing concern that their own force (protected by Bhīṣma) is insufficient, while the enemy's force (protected by Bhīma) is sufficient — the translation reverses this critical assessment.	You yourself, Bhīṣma, Karṇa, and Kṛpa victorious in battle; Aśvatthāman, Vikarṇa, and the son of Somadatta as well; and many other heroes who have abandoned the
bhagavad_gita	BG_03_04_06	error	repaired	Verse 1: 'non-beginning of actions' is incorrect; 'anārambha' means 'non-undertaking/abstention from', not 'non-beginning'; Verse 2: 'not free' is added interpretation not in original; 'avaśaḥ' means 'helplessly/involuntarily', modifying how one is compelled; Verse 3: 'the objects of the senses' is incorrect; 'indriyārthān' are sense-objects but the syntax shows these are what the deluded person d	Not by abstention from actions does a person attain freedom from action, nor by renunciation alone does one reach perfection. For no one can remain even for a m
bhagavad_gita	BG_05_25_27	error	repaired	bahirbāhyān (external objects) mistranslated as 'outer contacts outward' - redundant and unclear; cakṣuḥ ca eva antare bhruvoḥ means 'the gaze/eyes between the eyebrows' not 'at the brow's center'; nāsābhyantaracāriṇau means 'moving within the nostrils/nasal passage' not 'as they move within the nose' - the construction indicates the breaths are confined/channeled through the nose	Seers whose impurities are destroyed, whose doubts are cut away, who are self-controlled, who delight in the welfare of all beings, attain Brahman-nirvāṇa. For 
bhagavad_gita	BG_09_31_33	error	repaired	The phrase 'anityamasukhaṃ lokam' means 'impermanent and joyless/sorrowful world' - the translation 'impermanent joyless world' loses the compound structure and the distinct quality of 'asukham' (unhappy/sorrowless); The term 'pāpayonayaḥ' is rendered as 'so-called ill birth' which adds an interpretive softening ('so-called') not present in the original, which straightforwardly means 'of sinful/ev	Quickly that one becomes righteous-souled and attains everlasting peace. O son of Kunti, proclaim it: My devotee never perishes. For those who take refuge in Me
bhagavad_gita	BG_10_27_29	error	repaired	Verse 10.28 is incomplete - omits the second half about Ananta among Nāgas and Varuna among aquatic beings; Verse 10.29 is completely omitted - missing Aryamā among ancestors and Yama among controllers/restrainers	Among horses know Me as Uccaiḥśravas born from the nectar; among lordly elephants, Airāvata; and among humans, the king. Among weapons I am the thunderbolt; amo
bhagavad_gita	BG_07_11_13	error	repaired	Inversion of relationship in 'I am not in them; they are in Me' - the original states 'na tv ahaṃ teṣu te mayi' meaning 'but I am not in them, they are in Me', which the translation renders correctly in word order but the philosophical meaning is typically understood as 'I am not dependent on them, but they depend on/exist in Me' - however, the critical error is the translation completely omits th	I am the strength of the strong, devoid of desire and passion; I am desire in beings that is not contrary to dharma, O bull of the Bharatas. And whatever states
bhagavad_gita	BG_02_43_45	error	repaired	The phrase 'janmakarmaphalapradām' means 'giving birth-as-fruit-of-action' or 'promising rebirth as the fruit of ritual action', not 'bestows birth as action's fruit' which inverts the relationship; 'nityasattvastho' means 'ever-established in pure being/reality' or 'ever-established in the eternal', not 'always standing in sattva' which confuses sattva (a guṇa) with sattvam (being/reality) - this	Those whose nature is desire, intent on heaven, [speak flowery speech] that promises rebirth as the fruit of ritual action — filled with many specific rites, di
bhagavad_gita	BG_10_30_32	error	repaired	The passage does not mention nāgas, Ananta, water-creatures, Varuṇa, ancestors, Aryaman, or Yama - these verses are from earlier in the chapter; Missing translation of 'mṛgāṇāṃ ca mṛgendro'haṃ' - 'among beasts I am the lord of beasts (lion)'; Missing translation of 'pavanaḥ pavatāmasmi' - 'among purifiers I am the wind'; Missing translation of 'śastrabhṛtām' - 'among weapon-bearers'; Missing the f	Among the daityas I am Prahlāda; among calculators I am Time. Among beasts I am the lion, and among birds I am Vainateya (Garuḍa). Among purifiers I am the wind
bhagavad_gita	BG_11_22_24	error	repaired	The passage contains three distinct verses (11.21-23) but the translation conflates and reorders them incorrectly; Verse 11.22 lists the divine beings who gaze at Arjuna amazed, but the translation places this AFTER mentioning 'hosts of gods enter You' and 'praise with joined palms' which belong to verse 11.21; The translation omits the critical final portion of verse 11.23: 'nabhaḥspṛśaṃ dīptam..	The Rudras, Adityas, Vasus, and Sadhyas; the Vishvedevas, the two Ashvins, the Maruts, and the Ushmapas; the hosts of Gandharvas, Yakshas, Asuras, and Siddhas —
brihadaranyaka_upanishad	BAU_LIGHT	error	repaired	The original Sanskrit provided is only a fragment ('kimjyotir vāyaṃ puruṣa iti / ādityajyotiḥ' = 'What is the light of this person? / The light of the sun'), but the new translation includes extensive material about sun setting, moon setting, fire going out, and activities like sitting/going/working/returning that are NOT present in the provided original text; The answer given is 'ādityajyotiḥ' (t	What is the light of this person? — The light of the sun.
brihadaranyaka_upanishad	BAU_YAJNA	error	repaired	Complete mistranslation: the original describes physical/spatial qualities (not thick, not minute, not short) but the translation provides epistemological qualities (unseen seer, unheard hearer, etc.); The translation appears to conflate this verse with 3.8.11 which contains the 'unseen seer' passage; All three Sanskrit terms (asthūlam anaṇv ahrasvam) are incorrectly rendered	This Imperishable, O Gārgī, the knowers of Brahman declare to be: not gross, not minute, not short
bhagavad_gita	BG_10_33_35	error	repaired	The passage does not contain 'Of creations I am beginning, end, and middle, O Arjuna' - this is from verse 10.32, not present in the provided Sanskrit; The passage does not contain 'among knowledges, knowledge of the Self; among debaters, the argument' - this is from verse 10.32, not in the provided text; Missing translation of verse 10.35: 'bṛhatsāma tathā sāmnāṃ gāyatrī chandasāmaham' (Of Sāman 	Among letters I am the letter A; among compounds, the dual compound; I am indeed imperishable Time; I am the Ordainer with faces in all directions. I am all-sei
bhagavad_gita	BG_18_13_15	error	repaired	The phrase 'sāṃkhye kṛtānte proktāni' is mistranslated as 'in the Sāṃkhya that ends in action's completion'. The term 'kṛtānte' means 'in the final doctrine/conclusion' or 'in the definitive teaching', not 'that ends in action's completion'. It refers to the authoritative or conclusive Sāṃkhya teaching.; The word 'ceṣṭā' (efforts/activities/functions) is translated as 'movements', which misses the	Learn from Me, O mighty-armed, these five factors that are declared in the conclusive doctrine of Sāṃkhya for the accomplishment of all actions: the locus (or s
brihadaranyaka_upanishad	BU_01_04_07	error	repaired	The phrase 'ātmano vā are darśanena śravaṇena matyā vijñānena' means 'through seeing, hearing, reflection, and knowledge OF the Self' — all four means are listed. The new translation omits 'darśanena' (seeing) and 'matyā' (reflection) in the second sentence.; The translation 'By the Self alone, through hearing, all this world is understood' incorrectly suggests only hearing is the means, and adds 	The Self, verily, O Maitreyī, is to be seen, to be heard, to be reflected upon, and to be profoundly meditated upon. Through the seeing of the Self, through hea
chāndogya_upaniṣad	CHU_06_14_01	error	error_unconfirmed	The verb 'pradhmāyīta' means 'would wander about/roam' or 'would cry out in distress', but the context requires understanding it as wandering/moving about in confusion, not simply crying out; The phrase 'ābhinaddhākṣa ānīto 'bhinaddhākṣo visṛṣṭaḥ' is rendered as a statement ('brought with bound eyes, released with bound eyes') but should be understood as describing his confused wandering state - h	Just as, dear one, if a person were brought from the Gandhāra region with eyes blindfolded and then abandoned in an uninhabited place—there he would wander abou
brihadaranyaka_upanishad	BU_04_04_23	error	repaired	Mistranslation of compound terms: 'pṛthivīmaya āpomayo vāyumaya ākāśamayastejomayo' refers to earth, water, wind, space, and fire/light - not just 'space, water, fire, earth'; Complete omission of the dvandva pairs: 'atejomayaḥ' (non-luminous), 'kāmamayo'kāmamayaḥ' (desire/desireless), 'krodhamayo'krodhamayaḥ' (anger/angerless), 'dharmamayo'dharmamayaḥ' (dharma/adharma); Invention of phrases not i	This Self is indeed Brahman—made of consciousness, made of mind, made of breath, made of sight, made of hearing, made of earth, made of water, made of wind, mad
chāndogya_upaniṣad	CHU_I_01	error	repaired	The passage shown is only 'ओं' (Om), but the translation provided corresponds to multiple verses from Chāndogya Upaniṣad I.1.1-10, not just the single syllable; The original shows only the sacred syllable Om, which should be translated simply as 'Om' or left as is; The extensive commentary about udgitha, essence of beings, earth, water, etc. does not match the single-syllable original provided	Om
chāndogya_upaniṣad	CHU_VI_09	error	repaired	The passage incorrectly adds 'whether in deep sleep or death' which is not present in VI.9; The phrase 'do not recognize their individual forms' misrepresents the teaching - the text states they do not know 'we have reached Being/Sat'; The translation adds 'they become those forms again and again' which inverts or distorts the meaning - the text describes emergence from Being, not cyclical becomin	Just as bees make honey by gathering nectar from different trees and reduce it to a unity, so that the nectars cannot distinguish 'I am the nectar of this tree'
chāndogya_upaniṣad	CHU_VI_02	error	error_unconfirmed	The phrase 'In the beginning, there existed only being, singular and without a second' inverts the actual teaching - the text states some said non-being (asat) existed in the beginning, which is then refuted; Missing the crucial dialectical structure where an opposing view (asad evā idam agra āsīt) is presented and then rejected; The translation presents the sat doctrine as if it were uncontested,	Some say that in the beginning this world was merely non-being, one only, without a second. From that non-being, being was born. But how, dear one, could this b
chāndogya_upaniṣad	CHU_VI_08	error	error_unconfirmed	The phrase 'tad jalānityaṃ śayate' does not mean 'When a person passes away' - it refers to something resting/lying in water eternally; The extensive description of death process and merging of faculties is not present in the original brief passage provided; The reference to 'new body produced from combined seed and blood' is not in this verse; The correspondences 'Fire to Speech, Water to Life Fo	That rests eternally in water. That subtle essence is the reality of all this. That is the Self. That you are, Svetaketu.
chāndogya_upaniṣad	CHU_VIII_11	error	repaired	The Sanskrit fragment provided does not match the content of the new translation; The phrase 'tad dha sampṛpya salilevānviprāviśat' refers to entering water/ocean, not sleep or dreamless state; The key verse 'sa vā īdaṃ praṇo brahma' (This is the life-force, this is Brahman) is not reflected in the translation; The translation describes deep sleep (suṣupti) and Indra's dissatisfaction, but the San	Having reached that, he entered into it like water. Having entered into it—for indeed, having reached that, he entered into it like water. Truly, this life-forc
chāndogya_upaniṣad	CHU_VIII_07	error	repaired	The passage provided does not match the Sanskrit text given - the Sanskrit appears corrupted or incomplete; The translation describes narrative content about Indra, Virocana, gods and demons searching for the Self, which does not correspond to the Sanskrit provided; The Sanskrit fragment mentions 'daivāsurā' (gods and demons), 'aśukla' (without white/pure), 'jarā' (old age), 'mṛtyu' (death), etc.,	Unable to provide corrected translation - the Sanskrit text provided appears corrupted, incomplete, or incorrectly transcribed and does not correspond to a reco
chāndogya_upaniṣad	CHU_VI_16	error	error_unconfirmed	The passage describes a specific narrative about a man led blindfolded who must find his way back to Gandhara, not abstract knowledge of Self; The 'ordeal by fire' reference appears to be from a different section (VI.16 describes the blindfolded man analogy, not fire ordeal); The translation invents content about 'upon death' and 'returns to ultimate reality' not present in VI.16; VI.16 uses the b	Just as a person who has been brought blindfolded from the land of Gandhara, when released in a desolate place and told 'You have been brought here blindfolded 
confucius_analects	AN_04_05	error	repaired	Final sentence about poverty/meanness inverts the logic: the original states that if poverty cannot be OBTAINED/AVOIDED in the proper way, one should not AVOID it (meaning one should accept it rather than escape through improper means). The translation incorrectly says 'if they cannot be avoided in the proper way, they should not be avoided' which creates a logical contradiction.	The Master said, 'Wealth and honor are what people desire. If it is not obtained through proper means, do not occupy such a position. Poverty and lowliness are 
confucius_analects	AN_12_22	error	repaired	The translation 'It is to love all men' (愛人) should be 'to love people' or 'loving others' - the emphasis is on loving people/others, not specifically 'all men' which suggests universality not present in the original; The translation 'It is to know all men' (知人) is incorrect - 知人 means 'to know/understand people' in the sense of judging character or understanding human nature, not 'to know all men	Fan Chi asked about benevolence. The Master said, 'It means loving people.' He asked about wisdom. The Master said, 'It means understanding people.'
chāndogya_upaniṣad	CHU_VIII_12	error	repaired	The passage does not discuss 'wind, cloud, lightning, and thunder' as illustrations of the Self reaching highest light - this appears to be content from VIII.10 or conflated material; VIII.12 specifically discusses the state after death and the Self's manifestation in different realms (pitṛloka, etc.), not the metaphor of natural phenomena; The phrase 'mind is the divine eye' (daiva cakṣus) and pe	This body is mortal and held by death. Yet it is the abode of the immortal, bodiless Self. The embodied Self is seized by pleasure and pain; for one who is embo
dhammapada	DHP_097_099	error	repaired	Verse 97: 'assaddho' means 'faithless' or 'without faith' as a positive quality (one who has transcended faith through direct knowledge), not 'does not rely on faith alone'; Verse 97: 'akataññū' means 'ungrateful' or 'one who knows the unmade/uncreated' (kata=made, aññū=knower), correctly rendered; Verse 97: 'sandhicchedo' means 'house-breaker' or 'one who has cut the junction/bond', correctly ren	97. One who is without faith [having transcended it through knowledge], who knows the Uncreated, who is a breaker of bonds, who has destroyed the opportunity [f
dhammapada	DHP_232_234	error	repaired	vacīpakopaṃ means 'offense/transgression of speech' not 'anger in speech'; manopakopaṃ means 'offense/transgression of mind' not 'anger in mind'; The term 'pakopa' here refers to agitation/offense/transgression, not specifically anger (kodha)	232. One should guard against offense in speech; let one be restrained in speech. Having abandoned misconduct of speech, let one practice good conduct in speech
dhammapada	DHP_293_296	error	repaired	Verse 294: 'rājāno dve ca khattiye' means 'two kshatriya kings' or 'two kings who are kshatriyas', not 'warrior-kings' in the literal sense - this is an allegorical verse where 'mother' = craving, 'father' = conceit, 'two kshatriya kings' = eternalism and annihilationism views, 'realm with retinue' = sense bases and objects; Verse 295: 'sotthiye' means 'learned in scripture' or 'versed in sacred t	293. In those whose mindfulness directed to the body is well undertaken and constant, who do not pursue what should not be done, who persevere in what should be
dhammapada	DHP_CH19	error	repaired	The term 'paṇḍito' means 'wise' or 'a wise person/sage', not 'learned'. While there is semantic overlap, 'learned' typically emphasizes knowledge acquisition, whereas 'paṇḍita' emphasizes wisdom and discernment.; The translation renders 'khemī' as 'patient', but 'khemī' means 'secure/safe/at peace', not patient. The quality described is inner security or tranquility, not patience.	A man is not wise because he talks much; he who is secure, free from hatred and fear, he is called wise.
dhammapada	DHP_341_344	error	repaired	Verse 341: 'saritāni sinehitāni' refers to streams/flows that are moistened/lubricated (by craving), not 'things one fondly clings to'; Verse 341: 'somanassāni' means mental pleasures/joy, not 'delights that gladden the mind' as a separate category; Verse 341: The verse describes how these streams/flows arise in beings, not how things 'become dear'; Verse 344: 'nibbanatho' means 'free from the for	341. Streams flow forth and are moistened (by craving), and pleasures arise in a person. Those who are attached to pleasure and seeking happiness—those people a
dhammapada	DHP_CH07	error	repaired	Verse 90: 'gataddhino' means 'one whose journey is completed/ended' not 'finished his journey' (minor nuance but acceptable); 'visokassa' is 'sorrowless/without sorrow' not 'abandoned grief' (grief is not something being abandoned, it's a state of being without sorrow); Verse 91: 'uyyuñjanti' means 'they exert themselves/strive' not 'they depart'; 'na nikete ramanti te' means 'they do not delight 	(90) For one whose journey is done, who is without sorrow, who is completely liberated in every way, who has cast off all bonds — for such a one there is no fev
dhammapada	DHP_CH26	error	repaired	Verse 383: 'akataññūsi' means 'you are a knower of the unconditioned/unmade' not 'you will understand that which was not made' - the verb form is present indicative, not future, and it's a statement of attainment, not a prediction; Verse 383: The translation adds 'all that was made' which is not in the original - 'saṅkhārānaṁ khayaṁ' means 'the destruction/cessation of conditioned things/formation	(383) Cut off the stream with vigor, drive away sensual desires, O brahmana! Having known the cessation of conditioned things, you are a knower of the unconditi
ecclesiastes_qoheleth	QOH_02_21_25	error	repaired	Verse 21: 'that person must give his portion' incorrectly suggests obligation/compulsion. The Hebrew יִתְּנֶנּוּ חֶלְקוֹ means 'he gives/leaves it as his portion' - describing what happens, not what must happen.; Verse 25: 'apart from me' (מִמֶּֽנִּי) is mistranslated. The Hebrew means 'apart from Him' (God), not 'apart from me' (the speaker). This is a critical error in referent.	For there is one whose labor is done with wisdom, with knowledge, and with skill; yet to someone who has not labored for it, he gives it as his portion. This to
ecclesiastes_qoheleth	QOH_04_11_15	error	repaired	Verse 14: 'though even in his kingship he was born poor' mistranslates the Hebrew. The phrase 'כִּי גַּם בְּמַלְכוּתוֹ נוֹלַד רָשׁ' means 'for even in his (the old king's) kingdom he (the youth) was born poor' — referring to the youth being born poor within the old king's realm, not during his own kingship.; Verse 15: 'siding with' is not present in the Hebrew 'עִם' which simply means 'with' in th	(11) Again, if two lie down together, they become warm; but how can one alone keep warm? (12) Though someone may overpower one person, two can stand against him
ecclesiastes_qoheleth	QOH_09_01_05	error	repaired	Verse 9:4 - 'יבחר' (yibbaḥer/yəḇuḥar) means 'is chosen/joined' but the ketiv/qere issue affects translation. The phrase 'כִּי־מִי אֲשֶׁר יבחר' should be rendered as 'For whoever is chosen/joined' but the conditional sense 'for whoever' misses the rhetorical question structure found in most manuscripts and translations: 'For who is excepted?' or 'For who can choose?'; Verse 9:1 - 'וַעֲבָדֵיהֶם' mea	For I have taken all this to heart and examined all this: that the righteous and the wise and their works are in the hand of God. Whether it be love or hatred, 
ecclesiastes_qoheleth	QOH_05_06_10	error	repaired	Verse 5:9 - 'whoever loves abundance will not be satisfied with yield' inverts the meaning. The Hebrew 'וּמִֽי־אֹהֵ֥ב בֶּהָמ֖וֹן לֹ֣א תְבוּאָ֑ה' means 'whoever loves abundance [has] no income/gain' or 'will not have profit', not that they won't be satisfied WITH yield.; Verse 5:10 - 'ראית' (re'ut/seeing) is mistranslated as 'the sight'. The phrase 'כִּ֖י אִם־ראית עֵינָֽיו' means 'except seeing wit	(5:6) For amid many dreams, empty vapors, and abundant words—fear God. (5:7) If you see the oppression of the poor, and the robbery of justice and righteousness
ecclesiastes_qoheleth	QOH_08_11_15	error	repaired	Verse 12: 'prolongs his days' is mistranslated - the Hebrew 'וּמַאֲרִיךְ לוֹ' means 'and it is prolonged for him' or 'and he prolongs [his life]' but in context refers to God's patience/延长 of judgment, not the sinner prolonging his own days; Verse 13: 'nor will he lengthen his days like a shadow' inverts the comparison - the Hebrew 'וְלֹֽא־יַאֲרִ֥יךְ יָמִ֖ים כַּצֵּ֑ל' means he will NOT lengthen da	Because the decree against an evil deed is not carried out swiftly, the human heart is fully set within them to do evil. Though a sinner does evil a hundred tim
dhammapada	DHP_CH16	error	repaired	Verse 209: 'will in time envy him who has exerted himself' is incorrect - the original says 'let him envy' or 'may he envy' (piheta), expressing a consequence/result, not a future prediction; Verse 210: 'Let no man ever look for' mistranslates the imperative 'mā samāgañchi' which means 'do not associate/consort with' or 'do not meet with', not 'look for'; Verse 211: 'let no man love anything' inco	(209) One who applies himself to what should not be pursued, and does not apply himself to what should be pursued, abandoning the goal and grasping at what is d
gospel_of_thomas	THOM_031	error	repaired	The original text says 'a prophet is not accepted/honored in his village' - the NEW translation drops the negation by rendering it as 'There is no prophet' instead of 'no prophet is accepted/honored'; The second clause 'let a physician heal those who know him' inverts the meaning - the original states a physician does NOT heal those who know him, parallel to the prophet saying	Jesus said, 'No prophet is accepted in his own village; no physician heals those who know him.'
epictetus_works	ENCH_03	error	repaired	The phrase 'ceramic cups in general' misrepresents the Greek. The text says 'χύτραν στέργω' (I love a pot/jug), not 'pots in general.' The point is to remind yourself of WHAT KIND OF THING it is (a pot, a mortal thing), not that you love the general category.; Similarly, 'things which are human' misses the force of 'ἄνθρωπον' - you kiss 'a human being' (mortal, subject to death), not 'things which	Concerning each of the things that delight you or provide utility or are loved, remember to say to yourself what sort of thing it is, starting from the smallest
gospel_of_thomas	THOM_004	error	repaired	The phrase 'will not hesitate' inverts the meaning of the Coptic negative construction - the original states the old person WILL hesitate/delay; The phrase 'and that person will live' incorrectly makes living conditional on asking, when the Coptic structure indicates living occurs because many first become last; Missing the causal connection: the living happens BECAUSE (ϫⲉ) many first will be last	Jesus said, 'The old person will not refrain from asking a small child of seven days about the place of life, and he will live. For many of the first will becom
gospel_of_thomas	THOM_007	error	error_unconfirmed	Second clause incorrectly translates 'ⲟⲩⲙⲁⲕⲁⲣⲓⲟⲥ' (blessed) as 'cursed' - the Coptic text does not contain a negation or word meaning 'cursed'; The phrase 'ⲁⲩⲱ ϥⲃⲏⲧ' (and it is abominable/wretched) modifies the second scenario but is rendered as 'cursed' which changes the grammatical structure; Final clause 'the lion will become human' in the second part is incorrect - the text says 'the human wil	Jesus said, 'Blessed is the lion which the human will eat, and the lion becomes human. And abominable is the human whom the lion will eat, and the human becomes
ecclesiastes_qoheleth	QOH_08_06_10	error	error_unconfirmed	Verse 8:6 'the misery of humankind lies heavy upon them' - the Hebrew 'רָעַת הָאָדָם רַבָּה עָלָיו' means 'the evil/trouble of man is great upon him' referring to the burden/trouble that weighs on a person, not 'misery of humankind' as a collective; Verse 8:10 'in the city they were forgotten' - the verb 'וְיִשְׁתַּכְּחוּ' should be understood as 'and they were praised/spoken of' in the city (base	For every matter there is a time and a judgment, because the trouble of man is great upon him. For he does not know what will be; for as to what will be, who ca
gospel_of_thomas	THOM_019	error	repaired	The phrase 'the one who came to be before coming to be' misinterprets 'ⲡⲉⲛⲧⲁϩϣⲱⲡⲉ ϩⲁⲧⲉϩⲏ ⲉⲙⲡⲁⲧⲉϥ' which means 'the one who existed before he came into being' - referring to pre-existence before birth/incarnation; The conditional 'If you become my disciples' incorrectly renders 'ⲉⲧⲉⲧⲛ̄ϣⲁⲛϣⲱⲡⲉ ⲛⲁⲉⲓ' which is better understood as 'when/if you become like me' or 'become my equals/companions'; The phra	Jesus said, 'Blessed is the one who existed before he came into being. If you become my disciples and hear my words, these stones will minister to you. For ther
gospel_of_thomas	THOM_029	error	repaired	The phrase 'that is a wonder beyond wonders' (ⲟⲩϣⲡⲏⲣⲉ ⲛ̄ϣⲡⲏⲣⲉ) is mistranslated. The Coptic literally means 'it is a wonder of wonders' but the standard interpretation across published translations renders this as expressing impossibility or absurdity, not escalating wonder. The conditional structure 'if...if...but' indicates contrast between a possible marvel and an impossible/absurd scenario.; T	Jesus said, 'If the flesh came into being because of the spirit, it is a marvel. But if the spirit came into being because of the body, it is a marvel of marvel
gospel_of_thomas	THOM_003	error	repaired	Opening phrase mistranslated: 'those who guide you' should be 'those who lead/draw you' - the Coptic verb ⲥⲱⲕ means to draw/attract/lead astray, not simply to guide; The phrase 'then the birds of heaven will get there before you' inverts the logic - it should express that the birds would precede/be ahead of you, implying futility of the search; Missing the reciprocal/passive sense in 'then you wil	"Jesus said, 'If those who lead you say to you, ""Behold, the kingdom is in the sky,"" then the birds of the sky will precede you. If they say to you, ""It is in th"
gospel_of_thomas	THOM_024	error	repaired	The phrase 'If it does not give light, it is darkness' inverts the original meaning, which states 'when/if he does not give light, he is darkness' - referring to the person becoming darkness, not the light itself becoming darkness; The conditional structure misidentifies the subject: the original indicates that the luminous person who fails to shine becomes darkness, not that the light becomes dar	"His disciples said to him, ""Teach us about the place where you are, for it is necessary for us to seek it."" He said to them, ""Whoever has ears to hear, let him "
epictetus_works	ENCH_29	error	repaired	Final sentence truncated mid-word ('work carefully on w' instead of completing the thought about internal vs external things); Missing the crucial final clause that completes the either/or structure: 'that is, occupy the position of a philosopher or of a layperson'	For every undertaking, consider what leads up to it and what follows from it, and then approach it. Otherwise, at first you will come to it eagerly, since you h
gospel_of_thomas	THOM_027	error	repaired	First clause incomplete: 'you will not find' lacks object - original has 'you will not find the kingdom'; Second clause mistranslation: 'make the Sabbath a Sabbath' misses the meaning - should be 'observe/keep the Sabbath as Sabbath' or 'sabbatize the Sabbath'	If you do not fast from the world, you will not find the kingdom. If you do not keep the Sabbath as Sabbath, you will not see the Father.
gospel_of_thomas	THOM_033	error	error_unconfirmed	The phrase 'what you hear in one ear, proclaim from the other' misrepresents the Coptic text which says 'what you will hear in your ear (and) in the other ear'; The translation 'proclaim from the other upon your rooftops' incorrectly combines elements - the text says to proclaim it upon your rooftops, with 'in the other ear' being part of what is heard, not where it is proclaimed from; The final p	Jesus said, 'What you will hear in your ear in the other ear, proclaim upon your rooftops. For no one lights a lamp and places it under a basket, nor does one p
gospel_of_thomas	THOM_011	error	repaired	The phrase 'this heaven will pass away, and the heaven above it will pass away' mistranslates the Coptic. The text says 'this heaven will pass away, and the one above it will pass away' but the Coptic actually reads 'this heaven will pass away and the heaven above it will pass away' - however, more critically, the standard reading is 'this heaven will pass away and the (one) above it will pass awa	Jesus said, 'This heaven will pass away, and the one above it will pass away. The dead do not live, and the living will not die. On the days when you were eatin
gospel_of_thomas	THOM_036	error	repaired	The phrase 'ⲙⲛ̄ ϫⲓ (ⲛ)ϩⲧⲟⲟⲩⲉ' means 'do not be anxious/worry' but the context is specifically about clothing/what to wear, not general anxiety; The verb 'ⲧⲁⲁϥ' means 'put/place' but in context with 'ϩⲓⲱⲧ⳿ⲧⲏⲩⲧⲛ̄' (upon yourselves) and the broader saying, this refers to wearing/clothing oneself; The translation captures the temporal structure correctly but misses that this is specifically about clot	Jesus said, 'Do not worry from morning to evening and from evening to morning about what you will wear.'
gospel_of_thomas	THOM_043	error	repaired	The phrase 'and hate its fruit' is not present in the original after 'they love the tree'; The phrase 'and hate the tree' is not present in the original after 'they love the fruit'; The original uses negative constructions (ⲥⲉ ⲙ̄ⲡⲉϥⲕⲁⲣⲡⲟⲥ, ⲥⲉⲙⲟⲥⲧⲉ ⲙ̄ⲡϣⲏⲛ) meaning 'they do not love' rather than 'they hate'	"His disciples said to him, ""Who are you that you say these things to us?"" He said to them, ""From what I say to you, you do not understand who I am. But you have"
gospel_of_thomas	THOM_045	error	repaired	The phrase 'they do not yield fruit' (ⲙⲁⲩϯⲕⲁⲣⲡⲟⲥ ⲅⲁⲣ) is negated incorrectly. The Coptic reads 'for they do/will yield fruit' (positive statement), not a negative. This is a key transition explaining WHY good trees yield good fruit.; The final clause 'he brings forth' is incomplete and trails off with ellipsis, but the Coptic text continues with ⲛ̄ϩⲛ̄ (likely 'evil things' or similar), which shoul	Jesus said, 'They do not gather grapes from thorn bushes, nor do they pick figs from thistles, for these yield no fruit. A good person brings forth good from hi
gospel_of_thomas	THOM_040	error	repaired	The phrase 'ⲉⲥ ⲁⲛ ⲥⲉⲛⲁⲡⲟⲣⲕⲥ︦' is mistranslated as 'Since it has no strength' - the Coptic indicates 'and since it is not strong/established' or 'and because it is not made strong', referring to the vine not being strengthened or established; The translation 'it will be torn up by its roots and ruined' combines two separate actions but the meaning is acceptable; The key error is rendering the negat	Jesus said, 'A grapevine was planted outside the Father, and since it is not established, it will be pulled up by its roots and will perish.'
gospel_of_thomas	THOM_054	error	error_unconfirmed	The phrase 'that of heaven' is vague and incomplete. The Coptic 'ⲧⲙⲛ̄ⲧⲉⲣⲟ ⲛ̄ⲙ̄ⲡⲏⲩⲉ' means 'the kingdom of heaven/the heavens', not merely 'that of heaven'.	Jesus said, 'Blessed are the poor, for yours is the kingdom of heaven.'
gospel_of_thomas	THOM_046	error	error_unconfirmed	The phrase 'so greatly that his eyes need not be broken' is a mistranslation of the Coptic. The text reads 'ϫⲉⲛⲟⲩⲱϭⲡ ⲛ̄ϭⲓⲛⲉϥⲃⲁⲗ' which means 'so that his eyes should not be lowered/cast down' - referring to deference or humility, not breaking.; The phrase 'whoever becomes little' translates 'ⲡⲉⲧⲛⲁϣⲱⲡⲉ ϩⲛ̄ⲧⲙⲛ̄ⲧⲕⲟⲩⲉⲓ' but the text shows 'ⲉϥⲟ ⲛ̄ⲕⲟⲩⲉⲓ' which means 'being small/little' - the sense is c	Jesus said, 'From Adam to John the Baptist, among those born of women, there is no one greater than John, so that his eyes should not be cast down. But I have s
gospel_of_thomas	THOM_048	error	repaired	The phrase 'make peace' is an incorrect rendering of 'ⲉⲣϣⲁⲥⲛⲁⲩ ⲙⲛ̄ⲛⲟⲩⲉⲣⲏⲩ', which means 'if two make peace with each other' or 'if two agree with each other'. The Coptic 'ⲉⲣϣⲁⲥⲛⲁⲩ' (ershanau) means 'if two' and 'ⲙⲛ̄ⲛⲟⲩⲉⲣⲏⲩ' (mnnouereu) means 'with each other'. The verb 'make peace' is not present in the Coptic. The Coptic 'ⲉⲣϣⲁⲥⲛⲁⲩ' is a conditional clause, 'if two'. The phrase 'make peace' is an 	"Jesus said, ""If two agree with each other in this one house, they will say to the mountain, 'Move away,' and it will move away."""
gospel_of_thomas	THOM_051	error	repaired	The phrase 'ⲁⲛⲁⲡⲁⲩⲥⲓⲥ ⲛ̄ⲛⲉⲧⲙⲟⲟⲩⲧ' means 'the rest/repose of the dead' not 'the rest of the dead' - it refers to the state of rest, not remaining dead people; The phrase 'ⲉⲡⲕⲟⲥⲙⲟⲥ ⲃ︦ⲃⲣ̄ⲣⲉ' means 'the new world come' but the verb form indicates 'will come' in future tense, which is correctly rendered, though 'new world' should be 'new world come' as a complete clause	"His disciples said to him, ""When will the repose of the dead occur? And when will the new world come?"" He said to them, ""That which you await has already come, "
heraclitus_fragments	HFR_P004	error	repaired	Typo: 'Kyes' should be 'Eyes'; Mistranslation: 'rude souls' is incorrect; the Greek 'barbarous psychas' means 'barbarian souls' - referring to those who do not understand the language of the senses, not merely 'rude' people	Eyes and ears are poor witnesses for people if they have barbarian souls.
gospel_of_thomas	THOM_050	error	repaired	The phrase 'revealed itself in their image' mistranslates the Coptic. The text says the Light 'stood and revealed itself in their/its image' but the referent and meaning are unclear in translation. More critically, the phrase should indicate the Light's self-manifestation or appearance in an image, not specifically 'their image' as if referring to people.; The word 'chosen' (ⲛ̄ⲥⲱⲧⲡ⳿) is better ren	"Jesus said, 'If they say to you, ""Where did you come from?"" say to them, ""We came from the Light, the place where the Light came into being on its own accord. I"
heraclitus_fragments	HFR_P014	error	repaired	This is not a fragment of Heraclitus at all, but rather a passage from Polybius (Histories IV.40) that mentions Heraclitus; The translation treats this as if it were Heraclitus's own words, when it is actually Polybius citing or referring to Heraclitus's views; The framing is fundamentally incorrect - this should be identified as a testimonium (ancient reference to Heraclitus) rather than a direct	Polybius, Histories IV.40: Especially in our own time, when every region has become accessible by land or sea, we ought not to use poets and writers of myths as
heraclitus_fragments	HFR_P001	error	error_unconfirmed	The original Greek text provided ('Ek toû henòs pánta, kaì pân eis hén') translates to 'From the one, all things, and all into one' or 'Out of one all things and out of all things one' - this is a cosmological statement about unity and multiplicity; The new translation appears to conflate or substitute text from Fragment 50 ('It is wise to agree that all things are one'), which discusses listening	Out of one come all things, and out of all things, one.
heraclitus_fragments	HFR_P020	error	repaired	Translation is incomplete - cuts off mid-sentence; Cannot assess accuracy of a fragment that ends abruptly with 'neither any of'; The passage appears to be Fragment 30 (kosmos) but is truncated before completing the thought about gods or humans making it	This world-order, the same for all, no god nor human made, but it always was and is and shall be: an ever-living fire, kindling in measures and going out in mea
heraclitus_fragments	HFR_P015	error	repaired	The passage conflates multiple unrelated fragments and commentary; The opening statement 'The eyes are more exact witnesses than the ears' appears to be Fragment 101a but is followed by completely unrelated material about Cadmus, Pindar, and music; The text about 'thousand years, because of the God' and Cadmus hearing music is not from Heraclitus but appears to be editorial commentary or material 	The eyes are more trustworthy witnesses than the ears.
heraclitus_fragments	HFR_P018	error	repaired	The phrase 'wisdom is apart from all' inverts the meaning of the original Greek fragment (B108), which states that wisdom (sophon) is 'set apart from all things' in the sense of being distinct/separate, but the fragment emphasizes that wisdom consists in knowing that this separation exists, not that wisdom itself is the thing separated; The standard rendering is closer to 'wisdom is set apart from	Of all whose accounts I have heard, none reaches this point: to recognize that what is wise stands apart from all things.
heraclitus_fragments	HFR_P002	error	repaired	The final sentence inverts the meaning: the original states people behave when awake as they do when asleep (i.e., as if asleep/unconscious), not that they are forgetful of sleep activities; The phrase structure suggests people forget their sleep actions, but the fragment criticizes people for being unconscious/unaware while awake, just as they are during sleep	Though this Logos is common to all, most people live as though they possessed a private understanding of their own. Of this Logos, which is always, people prove
heraclitus_fragments	HFR_P011	error	repaired	Subject mistranslated: 'Hestían' refers to 'the lord/master' (Apollo) not 'divine presence'; Invented phrase: 'inviting those who seek wisdom to engage with the mystery of the universe' has no basis in original; Invented term: 'Logos [Λόγος]' does not appear in this fragment; Wrong verb: 'ekphanôs léghei' means 'speaks plainly/openly' not merely 'reveals'; Interpretive expansion beyond source text	The lord at Delphi neither conceals nor speaks plainly, but gives signs.
heraclitus_fragments	HFR_P021	error	repaired	Typo 'fiash' instead of 'flash'; More critically: the standard rendering describes the sea's division as 'half earth, half prēstēr (whirlwind/fiery waterspout)', not 'lightning flash' - prēstēr is typically understood as a whirlwind or waterspout, not lightning	The turnings of fire: first sea, and of sea half is earth, half whirlwind.
heraclitus_fragments	HFR_P024	error	repaired	The fragment describes a cycle of elemental transformations, but the translation inverts the direction: it should be that fire dies to become air, air dies to become water, water dies to become earth, and earth dies to become fire (or similar cyclical pattern depending on the Greek source). The phrase 'X lives in the death of Y' suggests X arises from Y's transformation, but the standard rendering	Fire dies into earth, air dies into fire, water dies into air, earth dies into water.
heraclitus_fragments	HFR_P019	error	repaired	The phrase 'through 8.11.5' appears to be a citation reference erroneously included in the translation text itself; The fragment should end with 'through all' or 'through all things' (dia pantōn), not with a numerical reference	There is one wisdom: to know the intelligence that steers all things through all things.
heraclitus_fragments	HFR_P022	error	repaired	Fragment appears to be a conflation of multiple distinct Heraclitus fragments (DK B90 on fire exchange, DK B30 on the kosmos, and possibly others); The phrase 'that there is an everlasting world on the one hand and on the other a perishable' appears to be commentary or doxography misattributed as direct Heraclitus text; The transition 'knowing that in a certain manner the one is not different from	All things are an exchange for fire, and fire for all things, as goods for gold and gold for goods. This ordered world, the same for all, no god nor human made,
heraclitus_fragments	HFR_P032	error	repaired	The passage is a fragmentary quotation embedded in commentary, not a complete standalone statement; The opening phrase 'cerning the sun this cannot happen' is truncated (missing 'con-' from 'concerning') and lacks proper context; The phrase 'being nourished in the same manner' is vague without clarifying what 'nourished' refers to (the sun being fed by exhalations/vapors in Heraclitean cosmology);	Concerning the sun, this cannot occur, since it is nourished in the same way, as they assert. It is evident that the sun is not only new each day, as Heraclitus
heraclitus_fragments	HFR_P031	error	repaired	The passage is attributed to Heraclitus but labeled as 'Sanskrit (IAST)' when it is actually Greek; The translation contains fragmented and unclear syntax ('one may escape the sensible light, but the intellectual it is impossible to escape'); The famous Heraclitus quote 'How can one escape that which never sets?' (πῶς ἄν τις λάθοι τὸ μὴ δῦνόν ποτε) is presented as incomplete with trailing characte	If there were no sun, it would be night. One may escape from what is perceptible to the senses, but it is impossible to escape from what is intelligible to the 
heraclitus_fragments	HFR_P025	error	repaired	The passage appears to be editorial commentary/context notes rather than a translation of a Heraclitus fragment; Contains reference citations (M. Antoninus iv. 46, frag. 67, frag. 5) which are scholarly apparatus, not original text; The phrase 'change of bodies and the alternation of origin' appears to be paraphrase or summary rather than direct translation; Fragment breaks off mid-sentence with '	This passage cannot be corrected as a translation because it is not a translation of a Heraclitus fragment but rather scholarly commentary and cross-references.
heraclitus_fragments	HFR_P027	error	repaired	The phrase 'Fire coming upon all things, will sift and seize them' appears to be a fragment from a different Heraclitean passage (likely DK B66 about fire judging and seizing all things) incorrectly merged with explanatory material about cosmic transformation; The word 'restered' appears to be a typo or corruption of 'restored'; The passage conflates direct Heraclitean fragments with doxographical	Fire will judge and convict all things. [Explanatory note:] It is transformed through air into moisture, which serves as the seed of the cosmic order and which 
heraclitus_fragments	HFR_P040	error	repaired	The phrase 'because he knew [not] day and night' contains a bracketed negation '[not]' that appears to be editorial insertion creating ambiguity about whether Heraclitus is criticizing Hesiod for knowing or not knowing the unity of day and night; The fragment structure suggests Heraclitus criticizes Hesiod for NOT understanding that day and night are one, but the translation's bracketed '[not]' ma	It disperses and gathers, it comes and goes. Hesiod did not understand day and night, for they are one. Most people regard Hesiod as their teacher.
heraclitus_fragments	HFR_P036	error	repaired	The passage is attributed to Heraclitus but labeled as 'Sanskrit (IAST)' when it is actually Greek; The translation contains fragmented and unclear syntax ('one may escape the sensible light, but the intellectual it is impossible to escape'); The famous Heraclitus quote 'How can one escape that which never sets?' (πῶς ἄν τις λάθοι τὸ μὴ δῦνόν ποτε) is presented as incomplete with trailing characte	If there were no sun, it would be night. One may escape from what is perceptible to the senses, but it is impossible to escape from what is intelligible to the 
heraclitus_fragments	HFR_P044	error	repaired	The original text contains no reference to 'Logos' (Λόγος) - this is an invented addition not present in Fragment 44; The phrase 'all through the agency of Logos' is entirely absent from the source text	War is the father of all and king of all, and some it has revealed as gods, others as humans; some it has made slaves, others free.
heraclitus_fragments	HFR_P034	error	repaired	The passage attributes to Heraclitus a cosmological view about the sun as 'helper of the leader and first God' which is not found in Heraclitus's fragments; This appears to be a later Stoic or Plutarchian interpretation being misattributed directly to Heraclitus; The phrase 'according to Heraclitus, produce all things' incorrectly suggests Heraclitus said the seasons produce all things, when the a	Time, having a necessary union and connection with the heavens, is not simple motion but rather motion in an order, possessing measured limits and periods. The 
heraclitus_fragments	HFR_P041	error	repaired	The passage contains only one sentence in the original Greek, not two separate statements; The phrase 'For those who step into the same rivers, different waters flow each time' appears to be an addition or conflation with Fragment 12, not present in Fragment 41; The original states 'you could not step twice into the same river' (negative potential), not 'you cannot step' (simple negative)	You could not step twice into the same river, for different and different waters flow upon you.
heraclitus_fragments	HFR_P037	error	repaired	The passage attributes a theory about odor and smoky exhalation to Heraclitus himself, when this is actually Theophrastus's interpretation/commentary about Heraclitus's view; The phrase 'it was for this Logos that Heraclitus thus said' incorrectly suggests Heraclitus was explaining someone else's theory, when he was stating his own observation; The fragment number 'XXX VIII' appears to be a format	Heraclitus said that if all things became smoke, the nostrils would distinguish them. Souls in Hades perceive by smell.
heraclitus_fragments	HFR_P043	error	repaired	Fragment number error: the content describes war as 'father and king of all' which is Fragment 53, not Fragment 44; Homer quote attribution error: the prayer about discord is from Iliad 18.107, but the fragment context suggests this is Heraclitus criticizing Homer for not understanding the necessity of strife; Missing critical context: the translation omits that Heraclitus is criticizing Homer for	he plainly calls war the father of all and king of all (= frag. 53), and he says that Homer was wrong to pray 'Would that strife might perish from among gods an
heraclitus_fragments	HFR_P046	error	repaired	The passage attributes a quote to Heraclitus that is actually Fragment B8 (DK), but the translation 'The unlike is joined together' misrepresents the Greek. The standard rendering is 'What is opposed brings together' or 'The counter-thrust brings together' (τὸ ἀντίξουν συμφέρον), not 'unlike is joined.'; The phrase 'all things take place by strife' (πάντα γίνεσθαι κατ' ἔριν) is more accurately 'al	reference to these things, some seek for deeper principles and more in accordance with nature. Euripides says, 'The parched earth loves the rain, and the high h
heraclitus_fragments	HFR_P045	error	repaired	The original is in Greek, not Sanskrit (IAST) as labeled; 'agnóeousin hókōspēr' means 'they do not understand how' not 'they fail to grasp how the very thing'; 'tò diapheroménón heautōi' means 'that which differs/is at variance with itself' not 'the very thing that sets apart'; 'oiakízei' means 'steers/directs/governs itself' - this verb is completely omitted in the translation; 'harmoníē palíntōn	They do not understand how that which is at variance with itself agrees with itself: a backward-turning harmony, like that of the bow and the lyre.
heraclitus_fragments	HFR_P048	error	repaired	The translation inverts the meaning - Heraclitus advocates FOR making conjectures about the greatest things, not against it; The negative 'not' is incorrectly added, reversing the fragment's sense; The verb 'draw conclusions' misses the speculative/conjectural nature of εἰκῇ βαλλώμεθα	Let us make conjectures about the greatest matters.
heraclitus_fragments	HFR_P056	error	repaired	The original Greek does not mention 'opposites' (ἐναντίων) at all; The phrases 'tension and release', 'discord and concord', and 'coexist in a unified whole' are interpretive additions not present in the original; The original is a simple comparison statement, not an explanation of opposites or tension; The transliteration is labeled as Sanskrit (IAST) but is actually Greek	The harmony of the world is like that of the bow and the lyre.
heraclitus_fragments	HFR_P053	error	repaired	The translation says 'dry beam' but the Greek original (ψυχὴ αὐγοειδεστάτη καὶ ἀρίστη) refers to 'dry soul' or 'driest soul', not a beam; The phrase structure inverts the meaning: it should be 'the dry soul is wisest and best' not 'the dry beam is the wisest and best soul'	The driest soul is the wisest and best.
heraclitus_fragments	HFR_P062	error	repaired	The word 'tare' appears to be a typographical error for 'are' - this creates a meaning error as 'tare' (a weed or weight deduction) makes no sense in context; The phrase 'all things arise and are used' misrepresents the Greek concept - the standard rendering involves things coming into being or passing away through strife, not being 'used'	We must know that war is common to all and justice is strife, and that all things come into being through strife and necessity.
heraclitus_fragments	HFR_P058	error	error_unconfirmed	Text is severely corrupted with apparent OCR/transmission errors: 'turing' (likely 'torturing'), 'yand sufferings.t' (garbled syntax); Fragment appears to be from Heraclitus B58 about physicians and opposites, but the rendering is incoherent; Missing clear statement of the paradox: physicians who cut and burn (harm) yet deserve payment for healing; The connection between 'evil are one' and the phy	Good and bad are the same. Physicians who cut and cauterize the sick in every way, torturing them, complain that they do not receive a worthy fee from the patie
heraclitus_fragments	HFR_P063	error	repaired	Fragment appears incomplete or truncated; The phrase 'For it is wholly destined' does not correspond to any recognized Heraclitus fragment in standard collections; Without the Greek original provided, cannot verify translation accuracy; The reference to 'Sanskrit (IAST)' for a Greek text is erroneous - Heraclitus wrote in ancient Greek, not Sanskrit	Unable to provide corrected translation without access to the actual Greek original text. The metadata indicates confusion between language sources (Sanskrit vs
heraclitus_fragments	HFR_P057	error	error_unconfirmed	The original Greek fragment (B57) states that 'good and bad are one' (ἓν τὸ σοφὸν μοῦνον λέγεσθαι οὐκ ἐθέλει καὶ ἐθέλει Ζηνὸς ὄνομα), not that they are the same. The new translation omits the crucial nuance of 'one' (ἓν) and the context of the wise being unwilling and willing to be called by the name of Zeus, which is a significant departure from the original meaning.	The wise is one, unwilling and willing to be called by the name of Zeus.
heraclitus_fragments	HFR_P060	error	repaired	The passage is attributed to Heraclitus (Greek philosopher, ~535-475 BCE) but labeled as 'Sanskrit (IAST)', which is a fundamental error; Without the actual Greek original provided, cannot verify translation accuracy; The fragment appears to be from Heraclitus DK B23, but the translation inverts the typical sense - standard translations render this as 'They would not know the name of Right (Dikē/J	The name of justice would not be known if these things did not exist.
heraclitus_fragments	HFR_P070	error	repaired	The translation says 'dry beam' but the Greek original (ψυχὴ αὐγοειδεστάτη καὶ ἀρίστη) refers to 'dry soul' or 'driest soul', not a beam; The phrase structure inverts the meaning: it should be 'the dry soul is wisest and best' not 'the dry beam is the wisest and best soul'	The driest soul is the wisest and best.
heraclitus_fragments	HFR_P061	error	repaired	The passage attributes to Heraclitus that 'to God all things are beautiful and good and right' (καλὰ καὶ ἀγαθὰ καὶ δίκαια), but the authentic fragment (DK B102) states 'to god all things are beautiful and good and just' without the qualifier 'right' as a separate category; The contrast 'people suppose that some are right and others wrong' misrepresents the original, which states 'but humans have s	For to the god all things are beautiful and good and just, but humans have taken some things to be unjust and others just.
heraclitus_fragments	HFR_P065	error	repaired	Fragment attribution error: 'frag. 110' is incorrectly cited - this content corresponds to fragments 32 and 33 in standard numbering; Textual corruption: 'clitus' writing' appears to be a truncation of 'Heraclitus' writing'; The second quote 'Law is to obey the will of one' is fragment 33, not fragment 110; Fragment 110 in standard editions reads 'It is not better for men to get all they wish' - c	From Heraclitus' writing: 'One thing, the only truly wise, is willing and unwilling to be called by the name of Zeus.' And elsewhere: 'It is law, too, to obey t
heraclitus_fragments	HFR_P064	error	repaired	Fragment LXV: 'It wills and wills not' is a mistranslation - the Greek 'ouk ethelei kai ethelei' means 'it is not willing and yet is willing' or 'it does not wish and yet wishes', expressing paradoxical reluctance/willingness, not a simple statement of dual volition; Fragment LXVI: 'The name of the bow is life' mistranslates the Greek wordplay - 'bios' means both 'bow' and 'life', so the fragment 	Death is what we see awake; what we see asleep is sleep. LXV.—One thing alone is wise: it is unwilling and yet willing to be called by the name of Zeus. LXVI.—T
heraclitus_fragments	HFR_P074	error	repaired	The original text is in Ancient Greek, not Sanskrit (IAST) as labeled; The phrase 'embodying Logos in its clarity' is entirely invented and not present in the original Greek text; The original is a simple declarative statement with no reference to Logos or clarity	The dry soul is wisest and best.
heraclitus_fragments	HFR_P078	error	repaired	This is not a translation at all - it is a bibliographic citation reference to Tzetzes' Chiliades 11.722, which is a source location, not a rendering of Heraclitus' Greek text; No actual content from Heraclitus has been translated; The label 'Sanskrit (IAST)' is incorrect - Heraclitus wrote in ancient Greek, not Sanskrit	Unable to provide corrected translation as no Greek source text was provided and the submission contains only a citation reference rather than any translation o
heraclitus_fragments	HFR_P075	error	repaired	The translation says 'dry beam' but the Greek original (ψυχὴ αὐγοειδεστάτη καὶ ἀρίστη) refers to 'dry soul' or 'driest soul', not a beam; The phrase structure inverts the meaning: it should be 'the dry soul is wisest and best' not 'the dry beam is the wisest and best soul'	The driest soul is the wisest and best.
heraclitus_fragments	HFR_P071	error	repaired	The passage appears to be a citation/commentary format, not a translation of Heraclitus's actual fragment; The Greek phrase 'οὕτω βαθὺν λόγον ἔχει' is left untranslated in parentheses rather than being rendered into English; The bibliographic references (Tertullian, Numenius, Porphyry) are part of the scholarly apparatus, not Heraclitus's words; The actual Heraclitean fragment is only the quoted p	You would not find out the boundaries of soul by going, even if you traveled every path, so deep a measure does it have.
heraclitus_fragments	HFR_P080	error	repaired	The original text is in Greek, not Sanskrit (IAST) as labeled; The passage appears to be from a doxographical source about Heraclitus (likely Diogenes Laertius or similar), not a direct Heraclitus fragment; The translation contains a clear typographical error: 'T have been seeking myself' should be 'I have been seeking myself'; The phrase 'though he had been engaged in some great and solemn task' 	He was a pupil of no one, but said he inquired of himself and learned everything from himself. As if engaged in some great and solemn task, he said, 'I have bee
heraclitus_fragments	HFR_P079	error	repaired	The attribution 'Musonius from Stob. Floril. xvii. 48. Immort. anim. viii. 13.' is completely erroneous - this is Heraclitus Fragment 52 (DK B52), not Musonius Rufus; The fragment is actually preserved in Hippolytus (Refutatio IX.9.4), not in Stobaeus Florilegium or any work titled 'Immort. anim.'; The translation itself of the Greek content is reasonably accurate to the standard rendering, but th	Lifetime is a child playing, moving game pieces; the kingship belongs to a child.
heraclitus_fragments	HFR_P077	error	repaired	The opening sentence 'Man, as a light at night, is lighted and extinguished' appears to be from Fragment 26, not the fragment about opposites being the same; The phrase 'For when is death not present with us?' is not part of the original Heraclitus fragment but appears to be commentary; The fragment being translated is actually Fragment 88 about opposites being identical through transformation; Th	The same thing in us is living and dead, waking and sleeping, young and old; for these things having changed around are those, and those having changed around a
heraclitus_fragments	HFR_P082	error	repaired	The original text is Greek (Heraclitus), not Sanskrit as indicated; The translation appears garbled or incomplete - 'weariness upon the same things to labor and by them to be controlled' lacks clear grammatical structure; The citation format is corrupted ('Ὁ. 12' appears to be a Greek character error); This appears to be fragment discussing toil/labor with the same things, but the phrasing inverts	To toil at the same things and to be ruled by them is wearisome.
heraclitus_fragments	HFR_P081	error	repaired	The passage is attributed to Heraclitus (Greek philosopher, ~535-475 BCE) but labeled as 'Sanskrit (IAST)', which is a fundamental error; Without the actual Greek original provided, cannot verify translation accuracy; The fragment appears to be from Heraclitus DK B23, but the translation inverts the typical sense - standard translations render this as 'They would not know the name of Right (Dikē/J	The name of justice would not be known if these things did not exist.
heraclitus_fragments	HFR_P087	error	repaired	This is not a translation at all but a bibliographic citation reference (Aeneas of Gaza, Theophrastus p. 9); No actual content from Heraclitus has been translated; The label 'Sanskrit (IAST)' is incorrect - Heraclitus wrote in ancient Greek, not Sanskrit; The 'NEW TRANSLATION' field contains only a source attribution, not translated text	No translation can be provided as no Greek source text was supplied and the submission contains only a bibliographic reference rather than any translated conten
heraclitus_fragments	HFR_P091	error	error_unconfirmed	The translation begins correctly but then inexplicably shifts into untranslated Greek text about crows, stags, ravens, and phoenixes living multiple generations - this Greek passage appears to be from Hesiod or similar poetry about lifespans of animals, not from Heraclitus Fragment 114 (the 'common law/logos' fragment); The Greek text inserted is completely unrelated to Heraclitus's philosophical 	Those who speak with understanding must hold fast to what is common to all, as a city holds to its law, and even more firmly. For all human laws are nourished b
heraclitus_fragments	HFR_P089	error	error_unconfirmed	This appears to be Fragment 52 ('Aiōn pais esti paizōn, pesseuōn: paidos hē basilēiē') about time/eternity being a child playing, not about human generations; If this is Fragment 88 about birth/death cycles, it still does not mention '30 years' or 'grandfather' specifically; The translation invents specific numerical and familial content not present in any known Heraclitus fragment; Possible confu	Unable to provide corrected translation without access to the actual Greek original text being referenced
heraclitus_fragments	HFR_P086	error	repaired	The phrase 'they will only to live' contains a grammatical error ('will only to' is malformed); The meaning 'will only to live and die' suggests limitation or mere existence, but the Greek γενόμενοι ζώειν ἐθέλουσι μόρους τ' ἔχειν typically means 'being born, they wish to live and to have their fates (deaths)' - the 'only' adds a reductive sense not in the original; The phrase 'or rather to find re	Once born, they desire to live and meet their fates—or rather to rest—and they leave behind children who are themselves fated to die.
heraclitus_fragments	HFR_P090	error	repaired	The original Greek states 'you step and do not step into the same river' (second person singular), not 'we step' (first person plural); The second sentence 'We both exist and do not exist' appears to be from a different fragment (commonly Fragment 49a) and is not present in Fragment 90's standard text; Fragment 90 typically reads 'potamoisi toisin autoisin embainousin hetera kai hetera hudata epir	You both step and do not step into the same rivers; you are and you are not.
heraclitus_fragments	HFR_P098	error	repaired	The passage is in Greek, not Sanskrit (IAST) as labeled; The translation is incomplete - it appears to be only a fragment ending mid-sentence with a Greek character; The question mark suggests interrogative mood but the fragment is too incomplete to assess full meaning; Missing the complete thought - this appears to be only the latter half of Fragment 82/83 which begins with a statement about the 	The wisest human being will appear as an ape in comparison to god, in wisdom and beauty and everything else.
heraclitus_fragments	HFR_P088	error	repaired	This passage is not from Heraclitus at all - it appears to be from a later mathematical/astronomical commentary (possibly Theon of Smyrna or similar Pythagorean source); The content about the number 30, its mathematical properties, and squares (1, 4, 9, 16) is completely foreign to Heraclitus's genuine fragments; While Heraclitus may have mentioned 'month' (μήν) in some context, this elaborate num	This passage cannot be corrected as an English translation of Heraclitus because it is not a genuine Heraclitus fragment. It is a later commentary or a misattri
heraclitus_fragments	HFR_P099	error	repaired	The passage attributes the saying to Heraclitus but then credits 'Hippias the wise' at the end, creating confusion about authorship; The phrase 'my man' appears to be an informal address not present in the original fragment; The comparison structure mentions 'earthen pots' compared with 'maidenkind' which inverts or misrepresents the typical Heraclitean fragment that compares the wisest human to g	The most beautiful ape is ugly in comparison with the human race, and the most beautiful pot is ugly in comparison with the maiden class, as Hippias the wise sa
heraclitus_fragments	HFR_P097	error	repaired	The fragment compares how a child relates to a man with how a man relates to the divine/daimon, not 'thoughtless man' vs. 'Deity'; The standard rendering is 'man is as infantile/childish to the daimon as a child is to a man' - a proportional analogy, not about 'thoughtless' people specifically; The term 'thoughtless' adds a moral judgment not present in the original Greek 'aner' (man/adult human)	A man is infantile in relation to a divine being, just as a child is in relation to a man.
heraclitus_fragments	HFR_P109	error	error_unconfirmed	The translation inverts the meaning of the fragment. The Greek original (B95 in DK numbering) states it is better to hide ignorance, but the standard interpretation is that this is difficult or impossible to do, especially in symposia/drinking contexts. More critically, many scholars read this as 'it is hard to conceal ignorance' rather than prescriptive advice that one 'should' conceal it.	It is difficult to conceal ignorance, but to expose it in relaxation and drink.
heraclitus_fragments	HFR_P107	error	repaired	The text identifies the original as Sanskrit (IAST) when Heraclitus wrote in Greek; The translation appears to be of Fragment 112 (DK B112) but contains significant errors; 'Self-control is the highest virtue' mistranslates 'σωφρονεῖν ἀρετὴ μεγίστη' - sōphronein (sound-mindedness/temperance) is stated as the greatest virtue, not 'self-control' specifically; The fragment structure is corrupted - th	Sound-mindedness is the greatest excellence, and wisdom consists in speaking what is true and acting in accordance with nature, paying heed to it.
heraclitus_fragments	HFR_P114	error	repaired	The passage is incomplete - it cuts off mid-sentence after 'and if', leaving the crucial final clause missing; The translation appears to be from Fragment 121 (DK B121), but the incomplete ending makes it impossible to verify full accuracy of the conditional clause that should follow	The Ephesians deserve to be hanged, every adult among them, and to leave the city to the beardless youths, since they expelled Hermodorus, the most worthy man a
heraclitus_fragments	HFR_P102	error	error_unconfirmed	Fragment begins mid-sentence with 'fresh, he (Heraclitus) says' without proper context - appears to be truncated; The phrase 'Sea water, he says, is. very pure and very foul' contains a misplaced period after 'is' breaking the sentence structure; The fragment ends with 'ete.' which appears to be a typographical error for 'etc.' or represents incomplete text; The translation lacks the complete open	The sea is the purest and the foulest water: for fish it is drinkable and life-sustaining, but for humans it is undrinkable and deadly.
heraclitus_fragments	HFR_P120	error	repaired	The translation 'One day is like all' misses the reciprocal nature of the Greek fragment. The standard rendering is 'One day is equal to every day' or 'All days are one,' emphasizing that every day is equal to every other day, not that one day resembles all days collectively.	Every day is equal to every other day.
heraclitus_fragments	HFR_P115	error	repaired	Fragment CX VI mistranslates the Greek - the standard reading is about truth/the real hiding itself through being unbelievable/unexpected, not about something escaping knowledge through incredibility; Fragment CX VII inverts the sense - the Greek indicates a foolish person is excited/startled by every word/logos, not that they 'love to be puzzled'; The dog fragment (CX V) appears sound in meaning	Dogs bark at everyone they do not recognize. CX VI.—The nature of things loves to hide by being unexpected. CX VII.—A foolish man is apt to be in flutter at eve
heraclitus_fragments	HFR_P117	error	repaired	The passage is not from Sanskrit/IAST but from Greek; The text appears to be a fragmentary editorial note or apparatus entry, not a translation of Heraclitus; The phrase 'A stupid man loves' is incomplete and appears to be a citation reference rather than a full translation; The reference 'CX VIII.—Clement of Alex. Strom. v. 1, p.649' is bibliographic apparatus, not translated content; The word 'p	This passage cannot be corrected as it does not contain a translatable Heraclitus fragment. It appears to be corrupted editorial apparatus or a citation referen
heraclitus_fragments	HFR_P123	error	repaired	This passage is not from Heraclitus Fragments at all; Heraclitus wrote in ancient Greek, not Sanskrit; The content about 'guardians of the living and the dead' does not match any known Heraclitus fragment; This appears to be from an entirely different text, possibly Zoroastrian or other eschatological literature	Unable to provide corrected translation as this is not a Heraclitus fragment. The source text identification is fundamentally incorrect.
heraclitus_fragments	HFR_P116	error	repaired	The phrase 'through 8.11.5' appears to be a citation reference erroneously included in the translation text itself; The fragment should end with 'through all' or 'through all things' (dia pantōn), not with a numerical reference	There is one wisdom: to know the intelligence that steers all things through all things.
heraclitus_fragments	HFR_P119	error	repaired	Text appears to be corrupted scholarly apparatus or footnotes rather than a translation of Heraclitus fragments; Contains incomplete Greek phrase fragment and citation references instead of translated content; Not a coherent English translation of any Heraclitus fragment; Appears to be metadata/editorial notes mistakenly presented as translation	Unable to provide corrected translation as no valid Greek original text of Heraclitus is present to translate from. The provided text consists only of editorial
heraclitus_fragments	HFR_P118	error	error_unconfirmed	The verb 'knows how to cheat' misrepresents the Greek - the standard rendering is 'knows and guards' or 'knows and maintains' (φυλάσσει) what is seemly/right, not 'knows how to cheat'; The subject 'most approved of those who are of repute' is awkward but the core error is the verb meaning	The most esteemed one knows and guards what is right. Yet justice shall overtake fabricators and witnesses of falsehoods.
heraclitus_fragments	HFR_P124	error	repaired	The passage header incorrectly identifies the original language as 'Sanskrit (IAST)' when Heraclitus wrote in ancient Greek; The translation appears to be merely a list of terms without the crucial verb and context that appears in the Greek original; Missing the key theological/eschatological point: Heraclitus threatens these groups with post-mortem consequences; The standard rendering includes 'w	Night-wanderers, magicians, bacchants, maenads, and the mystery-initiated—these people Heraclitus threatens with what comes after death; for them he prophesies 
heraclitus_fragments	HFR_P128	error	repaired	The passage incorrectly states the original is in Sanskrit (IAST) when Heraclitus wrote in Greek; The translation appears to be a paraphrase or commentary by Clement of Alexandria about Heraclitus, not a direct translation of Heraclitus fragments; The phrase 'of the idle-minded people of the Erechthidae' seems garbled - this likely refers to a specific individual or small group, not 'idle-minded p	There are two kinds of sacrifices: those performed by people who are completely purified—which would scarcely occur even in the case of one man, as Heraclitus s
heraclitus_fragments	HFR_P127	error	repaired	Incomplete sentence: 'But and Hades are the same' is missing the subject 'Dionysus' before 'and Hades'; The fragment breaks off mid-thought with grammatically incomplete construction	For were it not for Dionysus to whom they make procession and sing the hymn to the shameful parts, they would be acting most shamelessly. But Hades and Dionysus
isavasya_upanishad	ISA_008	error	repaired	Missing the crucial phrase 'evam tvayi' (thus in you/for you) which emphasizes the specific path being described; Omits 'nanyatheto'sti' (there is no other way than this) - a critical negation that establishes this as THE way, not just 'a way'; The phrase 'na karma lipyate nare' (action does not cling/adhere to the person) is rendered too loosely as 'action does not bind' without capturing that it	Performing actions here in this world, one should desire to live a hundred years. For you, there is no other way than this; action does not cling to a person in
isavasya_upanishad	ISA_010	error	repaired	Translation renders 'devāḥ' (gods/deities) as 'senses' which is incorrect; Omits the entire second half of the verse (pāda c-d) about 'it outstrips others while standing still' and 'Mātariśvan places waters in it'; Incomplete translation missing approximately 50% of the original verse content	Unmoving, one, swifter than mind — the gods did not reach It though moving ahead. It, while standing still, outstrips others who run; in It Mātariśvan establish
isavasya_upanishad	ISA_003	error	repaired	Verse 4: 'senses cannot overtake it' is incorrect - the original says 'the gods (devas) do not reach it, though moving before' - devas are not senses; Verse 4: The phrase about water/wind (apo matarisva dadhati) is completely omitted - this refers to the cosmic powers placing/supporting waters in That; Verse 4: 'tad dhavato'nyan atyeti tisthat' means 'while standing still, it outruns others who ru	Unmoving, one, swifter than mind — the gods reached it not, though they moved before. Standing still, it outruns those who run. In it, Matarisvan establishes th
isavasya_upanishad	ISA_005	error	repaired	Verse 12: 'asambhūti' (non-becoming/unmanifest) is mistranslated as 'the unmanifest' when it refers to the unmanifest/non-becoming principle; 'sambhūti' (becoming/manifestation) is correct but the comparative structure 'tato bhūya iva' (even more/still greater darkness) is lost; Verse 14: 'vināśa' is mistranslated as 'manifest becoming' when it actually means 'destruction/dissolution'; the verse c	Into blinding darkness enter those who worship the unmanifest (non-becoming); into still greater darkness, as it were, enter those who delight in the manifest (
isavasya_upanishad	ISA_016	error	repaired	The verse explicitly states TWO different things are said about vidya AND TWO different things about avidya (anyad...anyad for each), not that they yield different results from each other; The structure 'anyad evāhur vidyayā anyad āhur avidyayā' means 'they say one thing about vidya, another thing about avidya' - referring to what is taught/said about each separately; Missing the second half: 'iti	They say one thing about vidya, and they say another thing about avidya — thus we have heard from the wise ones who explained that to us.
isavasya_upanishad	ISA_006	error	repaired	Verse 15: 'satyadharmaya drstaye' means 'for the vision of one devoted to truth/dharma' - correctly rendered; Verse 16: Missing the complete first half addressing Pushan with multiple epithets (ekarse, yama, surya, prajapatya) and the imperative 'vyuha rasmin samuha' (withdraw/arrange your rays, collect your light); Verse 16: 'yo'sav asau purusah' refers to 'that Person who is there (in the sun)' 	"The face of truth is covered with a golden vessel. O Nourisher (Sun), uncover that for the vision of one devoted to truth and dharma.

O Nourisher, sole seer, O"
isavasya_upanishad	ISA_019	error	repaired	The verse does not state that different results arise from attending to manifest and unmanifest - it states that people say one thing about sambhava (coming into being/the manifest) and another thing about asambhava (non-becoming/the unmanifest); The structure 'anyad evāhuḥ... anyad āhuḥ...' means 'they say one thing... they say another thing' - not 'different results arise'; The phrase 'iti śuśru	They say one thing indeed results from sambhava (the manifest/becoming), and they say another results from asambhava (the unmanifest/non-becoming). Thus have we
isavasya_upanishad	ISA_014	error	repaired	Missing subject 'sa' (He/That) - the verse describes a being/reality, not abstract qualities; Missing 'akāyam' (without body/bodiless); Missing 'avranaṃ' (without wound/blemish); Missing 'asnāviram' (without sinews/veins); Missing 'apāpa-viddham' (unpierced by evil); Incomplete rendering of final clause: 'yathātathyato'rthān vyadadhāc chāśvatībhyaḥ samābhyaḥ' means He assigned/distributed objects/	He moved everywhere, bright, bodiless, without wound, without sinews, pure, untouched by evil; the seer, the thinker, the all-pervading, the self-existent one a
isavasya_upanishad	ISA_022	error	repaired	Omits the vocative 'pūṣan' (nourisher/sustainer); Omits 'ekarṣe' (sole seer/rishi); Omits 'yama' (controller/ordainer); Omits 'prājāpatya' (offspring of Prajāpati); Omits 'vyūha' (withdraw/remove); The phrase 'yo 'sāv asau puruṣaḥ' refers to the person/being IN the sun, not just 'that Purusha there' without clear reference	O Nourisher, O sole Seer, O Ordainer, O Sun, offspring of Prajāpati, withdraw your rays, gather in your light. That form of yours which is most auspicious, that
mandukya_upanishad_and_gaudapada_karika	MK_04_71	error	repaired	Complete mistranslation: the verse states 'no jīva is born, its origination does not exist' but translation discusses turīya as experiencer/witness; Wrong referent: verse is about non-origination of jīva, not about turīya's nature; Invented content: 'made of truth, knowledge, and bliss' (saccidānanda) not present in original; Omitted core meaning: the ultimate truth that nothing whatsoever is born	No jīva (individual soul) whatsoever is born; its origination does not exist. This is that supreme truth—where nothing whatsoever is born.
mandukya_upanishad_and_gaudapada_karika	MK_04_99	error	repaired	The original text contains no mention of 'beyond waking, dream, and deep sleep' or 'witness-consciousness' - these are interpretive additions not present in the Sanskrit; The phrase 'that neither originates nor perishes' is an expansion/interpretation of 'ajātam avyayam' but adds conceptual content not explicitly in the verse	That alone is called the Fourth—unborn, immutable, peaceful, non-dual, the supreme highest.
mandukya_upanishad_and_gaudapada_karika	MUK_007	error	repaired	cetomukha mistranslated as 'door to the knowing of the other two states' - it means 'whose mouth/face is consciousness' or 'consciousness-faced', not a door to knowing other states; prajñānaghana rendered as 'mass of consciousness' but should be 'mass of cognition/intelligence' in the context of deep sleep where there is undifferentiated awareness; ānandabhuk translated as 'experiences bliss' but 	That is deep sleep wherein the sleeper desires no desire and sees no dream. The third quarter is Prājña — whose sphere is deep sleep, who has become unified, wh
katha_upanishad	KAU_05_KNOWING	error	repaired	Verse 2.18: 'nor did anything come from it' inverts the meaning of 'na babhūva kaścit' which means 'it did not become anything' or 'nothing became from it'; Verse 2.20: 'tam akratuḥ paśyati' means 'the one without desire/will sees it' not 'one who is free from desire... beholds it'; akratuḥ is the subject who sees, not a description of the seer's state; Verse 2.21: 'kas taṃ madāmadaṃ devaṃ mad any	The wise Self is neither born nor dies; it did not come from anywhere, nor did it become anything. Unborn, eternal, everlasting, primeval, it is not slain when 
mandukya_upanishad_and_gaudapada_karika	MUK_011	error	repaired	The term 'adhyakṣaram' means 'in relation to/with regard to the syllable' but the passage structure indicates Om IS that syllable, not just 'with reference to' it; The term 'adhimātram' means 'with regard to the measures/elements' not 'with reference to the elements' in the sense of material elements; The translation 'the quarters are the elements and the elements are the quarters' reverses the Sa	This very Ātman, in terms of sound, is the syllable Om. In terms of its measures, the quarters are the measures and the measures are the quarters — namely, the 
marcus_aurelius_meditations	MED_006	error	repaired	Complete mistranslation: the original asks 'Why do external things distract you?' not 'Strip away your self-love/ignorance/resistance'; Missing the core instruction to 'give yourself leisure to learn something good and stop wandering'; Invented content about justice, piety, sincerity not present in original; Invented phrase 'as if it were the last task of your life' not in original; Missing the wa	Why do external things falling upon you distract you? Give yourself leisure to learn something good and stop wandering about. But now you must also guard agains
marcus_aurelius_meditations	MED_011	error	repaired	The Greek text uses 'Κλωθοῖ' (Clotho, the Spinner) not 'εἱμαρμένη' (fate/destiny) - the translator has substituted a different concept; The phrase 'οἷστισί ποτε πράγμασι βούλεται' means 'to whatever matters/affairs she wishes' - referring to things/circumstances, not people; The translation invents 'love from the heart those with whom fortune has spun your life together' - this entire clause about	Willingly give yourself over to Clotho, allowing yourself to be spun together with whatever matters she wishes.
katha_upanishad	KAU_02_THREE_BOONS	error	repaired	Verse 1.11: 'released by me' should be 'released by you' - Naciketas is speaking to Death about his father being released by Death, not by Naciketas himself; Verse 1.12: 'you are not there' (na tatra tvam) refers to Death not being in heaven, but translation context makes this ambiguous; Verse 1.17: 'I give you yet another boon today' - this is Death giving an additional gift beyond the three boon	Because you stayed three nights in my house without eating, O Brahmin guest worthy of reverence, salutations to you, O Brahmin, may there be well-being for me -
marcus_aurelius_meditations	MED_004	error	repaired	The translation omits the entire second half of the passage (approximately 85% of the original text); Missing the complete philosophical argument about gods, providence, death, and indifferents; Only translates the opening sentence while the passage continues with extensive reasoning about whether gods exist, whether they care for human affairs, and the nature of good and evil	As one who could depart from life at any moment, so act and speak and think in each thing. To depart from among men, if gods exist, is nothing terrible; for the
marcus_aurelius_meditations	MED_04_09	error	repaired	τοῦ συμφέροντος is genitive modifying φύσις, meaning 'the nature of the beneficial/expedient', not 'what benefits' as a separate entity; The passive perfect 'ἠνάγκασται' with present infinitive 'ποιεῖν' indicates necessity/compulsion inherent to nature itself, not external compulsion; Standard translations render this as 'the nature of the useful/beneficial is compelled' or 'must by necessity do t	The nature of the expedient is compelled to do this.
marcus_aurelius_meditations	MED_009	error	repaired	The new translation renders only the final sentence fragment, omitting approximately 90% of the passage; Missing: the entire discussion of humans as 'most akin to us' in one respect (requiring beneficence and tolerance); Missing: the contrast that when humans obstruct our proper work, they become indifferent like sun, wind, or beasts; Missing: the explanation that while external things may impede 	In one respect, a human being is most closely akin to us, insofar as we must do them good and bear with them. But insofar as certain people obstruct our proper 
marcus_aurelius_meditations	MED_008	error	repaired	The phrase 'See continually' mistranslates 'Πολλάκις ἐνθυμοῦ' which means 'Often reflect/consider', not a continuous imperative to see; The phrase 'sacred bond' has no basis in the Greek text, which speaks of 'ἐπισύνδεσιν' (interconnection) and 'σχέσιν' (relation) without the religious qualifier 'sacred'; The clause 'Nothing is alien to anything else' is entirely invented and appears nowhere in th	Often reflect upon the interconnection of all things in the universe and their relation to one another. For in a certain way all things are interwoven with one 
marcus_aurelius_meditations	MED_04_30	error	error_unconfirmed	The final clause 'ἐγὼ δὲ τροφὰς τὰς ἐκ τῶν μαθημάτων οὐκ ἔχω καὶ ἐμμένω' is mistranslated. The speaker (Marcus) is saying he DOES have nourishment from his studies (unlike the poor man who lacks bread), yet still holds fast to reason. The 'δὲ' marks a contrast: the poor man lacks bread but perseveres; Marcus has intellectual nourishment and also perseveres. The translation inverts this by saying M	One man practices philosophy without a tunic; another without a book. Here is another, half-naked: 'I have no bread,' he says, 'yet I hold fast to reason.' But 
marcus_aurelius_meditations	MED_04_28	error	repaired	περισκελὲς ἦθος translated as 'trouser-clad character' is incorrect; περισκελής means 'stubborn' or 'obstinate', not related to trousers/clothing; βλακικόν translated as 'stupid' is acceptable but loses the specific sense of 'sluggish/dull/lazy' that distinguishes it from mere stupidity	A dark character, a womanish character, an obstinate character, brutish, cattle-like, childish, dull, false, clownish, mercenary, tyrannical.
marcus_aurelius_meditations	MA_11_18	error	error_unconfirmed	The phrase 'at table, in bed, and so forth' misrepresents the original Greek which describes people 'at board, in bed, and so forth' in the context of their compulsions and behaviors under necessity, not merely their locations; The final sentence 'Remember that genuine kindness is invincible' significantly mistranslates the original, which states that kindness/goodwill is invincible 'if it is genu	First, what is my relationship to them—that we were born for one another. Or from another perspective, I was born to stand over them as a ram over the flock or 
marcus_aurelius_meditations	MED_03_06	error	repaired	The phrase 'if only as an animal, reject it' (εἰ δὲ τὸ ὡς ζῴῳ, ἀπόφηναι) is mistranslated. ἀπόφηναι means 'declare/state it' not 'reject it'. Marcus is saying to declare which kind of benefit it is, not to reject animal benefits.; The translation inverts the meaning: Marcus instructs to identify and declare what kind of benefit something provides (rational vs animal), not to reject animal benefits	If, in human life, you find something better than justice, truth, temperance, courage, and in a word, better than your mind's self-sufficiency—in those matters 
marcus_aurelius_meditations	MED_04_46	error	repaired	The phrase 'the person who forgets where the road leads' misses the reflexive/impersonal construction - it should be about people forgetting where the road (they travel) leads; The phrase 'Do not act and speak as though asleep' inverts the sense - the Greek says we should NOT do as sleepers do (act and speak), because even sleepers THINK they are acting and speaking (but aren't really); The final 	Always remember Heraclitus: that earth's death is to become water, and water's death to become air, and air's death fire, and back again. Remember also the one 
marcus_aurelius_meditations	MED_07_31	error	repaired	The phrase 'τῇ πρὸς τὸ ἀνὰ μέσον ἀρετῆς καὶ κακίας ἀδιαφορίᾳ' is mistranslated as 'indifference toward what stands between virtue and vice' when it means 'indifference toward things that are between/intermediate to virtue and vice' (i.e., the indifferents in Stoic philosophy); The final clause 'ἤδη λίαν ὀλίγα' is mistranslated as 'and that is already very little' when it means 'already/now [the ma	Make yourself radiant through simplicity, reverence, and indifference toward things intermediate between virtue and vice. Love humankind. Follow God. For he say
marcus_aurelius_meditations	MED_07_43	error	repaired	σφύζειν means 'to throb/pulsate/be agitated' not 'tremble within' - the verb refers to physical throbbing or mental agitation, and the standard translations render this as 'flutter' or 'be in turmoil' rather than 'tremble'	Do not join in lamenting; do not be inwardly agitated.
marcus_aurelius_meditations	MED_08_13	error	repaired	φυσιολογεῖν means 'to examine/analyze according to physics/natural philosophy' not 'through nature'; παθολογεῖν means 'to examine/analyze according to ethics/the passions' not 'through the passions'; διαλεκτικεύεσθαι means 'to examine/analyze according to logic/dialectic' not 'through dialectic'; The three infinitives are parallel imperatives referring to the three parts of Stoic philosophy (physi	Continuously and upon every impression, if possible, apply physical analysis, ethical analysis, and logical analysis.
marcus_aurelius_meditations	MED_07_45	error	repaired	The phrase 'πρὸ τοῦ αἰσχροῦ' means 'before/in preference to disgrace' — i.e., not reckoning death or anything else IN COMPARISON TO disgrace. The translation 'as more important than what is shameful' inverts the sense: it should be that one must not consider death or anything else in preference to (avoiding) disgrace, meaning disgrace is what must be avoided above all else, not that death is more 	For this is how it truly is, men of Athens: wherever a man has stationed himself, believing it to be best, or has been stationed by a commander, there he must r
marcus_aurelius_meditations	MED_08_30	error	repaired	περιτράνως means 'affectedly' or 'with excessive refinement/pretension', not 'make a show of plain-spokenness' which inverts the meaning - the text warns against affected or overly elaborate speech, not against displaying plainness	Speak both in the senate and to anyone at all in a well-ordered manner, not affectedly. Use sound speech.
marcus_aurelius_meditations	MED_08_22	error	repaired	The phrase 'Δικαίως ταῦτα πάσχεις' is rendered as 'You are undergoing this rightly' but the context suggests irony/criticism - Marcus is saying 'you deserve what you're suffering' because of procrastination, not that the suffering itself is righteous; The final clause 'μᾶλλον δὲ θέλεις ἀγαθὸς αὔριον γενέσθαι ἢ σήμερον εἶναι' is presented as 'indeed' (reinforcing) when 'δὲ' here introduces the reas	Pay attention to the underlying matter, or to the principle, or to the activity, or to the meaning. You suffer these things justly: for you prefer to become goo
marcus_aurelius_meditations	MED_09_16	error	repaired	πείσει mistranslated as 'being persuaded' (active sense) rather than 'passive affection/being affected' - the contrast is between passive experience and active doing, not persuasion vs activity	The good and bad of a rational and social creature lie not in passive affection but in activity, just as its virtue and vice lie not in passive affection but in
marcus_aurelius_meditations	MED_08_38	error	error_unconfirmed	The phrase 'σοφωτάτοις' (superlative dative plural) means 'with/by the wisest methods' or 'in the wisest manner', not 'alongside the wisest [people]'. The dative here is instrumental/modal, not comitative.; The translation 'alongside the wisest' incorrectly suggests accompanying wise persons, when the Greek indicates using the wisest criteria/methods for judgment.	If you can see sharply, then see with judgment, he says, by the wisest means.
marcus_aurelius_meditations	MED_09_27	error	repaired	Final clause 'πρὸς ταῦτα μέντοι, πρὸς ἃ ἐκεῖνοι διαφέρονται' is mistranslated. The phrase means 'toward these things, at least, toward which they are eager/strive' or 'in pursuit of what they care about,' but the translation renders it as 'in the matters that concern them' which misses the critical nuance that the gods help them specifically toward the (often trivial or misguided) things they purs	Whenever someone censures you, hates you, or voices anything of that kind, go to their little souls: enter within and see what sort of people they are. You will
marcus_aurelius_meditations	MED_08_41	error	repaired	The phrase 'ζωτικῆς φύσεως' (vital/living nature) is used for both sensation and impulse in the original, but the translation renders the first as 'sentient nature' and the second as 'living nature', creating an inconsistency not present in the Greek; The phrase 'settled in its stillness' for 'μονίᾐ' (moniei) is incorrect; this is a quotation from Empedocles describing the sphere as 'rejoicing in 	A hindrance to sensation is an evil for living nature. A hindrance to impulse is likewise an evil for living nature. And there is something else that similarly 
marcus_aurelius_meditations	MED_10_03	error	repaired	The phrase 'φθαρήσεται γάρ σε ἀπαναλῶσαν' is mistranslated. It means 'for it will destroy you after consuming/exhausting you' not 'once it has spent you, it too will pass away.' The subject is the unbearable thing destroying YOU, not the thing itself passing away.; The final clause 'κατὰ φαντασίαν τοῦ συμφέρειν ἢ καθήκειν σεαυτῷ τοῦτο ποιεῖν' is mistranslated. It should be 'by imagining that doing	Everything that happens does so either in a way you are naturally fitted to bear, or in a way you are not fitted to bear. If, then, it happens to you in a way y
marcus_aurelius_meditations	MED_10_13	error	repaired	The final clause is mistranslated with inverted sense: the original states that the most honored part of themselves (reason/the governing faculty) is the instrument BY WHICH they could have faith, reverence, truth, law, and a good daemon, but they instead use it for stealing and snatching. The translation incorrectly suggests this part 'can become' these virtues when it chooses, missing that Marcu	The moment you wake, question yourself: 'Will it matter to you if someone else criticizes what is just and right?' It will not matter. Have you forgotten what s
marcus_aurelius_meditations	MED_09_03	error	repaired	The phrase 'καὶ μεθ̓ ἠθῶν οὐκέτι ἔσται ἡ ... ἐμπεφυρμένη' is mistranslated. The subject is 'ἡ ψυχή' (the soul), which is implied and continues from the previous context. The translation 'the dispositions with which your soul will no longer be entangled' inverts the meaning: it should be that your soul will no longer be mixed/entangled WITH (bad) characters/dispositions, not that it won't be entang	Do not despise death; rather, be well disposed toward it, since it too is one of the things nature wills. For dying is like being young and growing old; like gr
marcus_aurelius_meditations	MED_10_15	error	repaired	The phrase 'ἐάν τις πανταχοῦ ὡς ἐν πόλει τῷ κόσμῳ' is mistranslated. It should mean 'if one lives everywhere as in a city [treating] the cosmos [as that city]' or 'if one lives everywhere in the cosmos as in a city.' The NEW translation 'if one lives everywhere in the world as in a city' loses the crucial philosophical point that the cosmos itself IS the city (cosmopolis), not that one treats ever	This remaining time is short. Live as if on a mountain. For it makes no difference whether there or here, if everywhere one lives in the cosmos as in a city. Le
marcus_aurelius_meditations	MED_10_34	error	repaired	Final clause mistranslated: 'τὸν δὲ ἐξενεγκόντα σε' means 'the one who carried YOU out' (i.e., your pallbearer), not 'the person who carried you out'. The subject of mourning is wrong.; 'ἤδη ἄλλος θρηνήσει' means 'soon another will mourn' - the one who carried you out will himself soon be mourned by another, showing the cycle continues. The translation inverts this to make someone mourn your pallb	For one trained by true convictions, even the shortest, most commonplace phrase is enough to remind one to be free from grief and fear—for example: 'The wind sc
marcus_aurelius_meditations	MED_11_08	error	repaired	Final sentence mistranslates the imperative mood: 'Ὁμοθαμνεῖν μέν, μὴ ὁμοδογματεῖν δέ' is rendered as imperatives ('Grow...do not hold') when it should be infinitives expressing a contrast about what is possible vs. impossible; The phrase means 'to share the same bush [is possible], but not to share the same doctrines' - describing the limitation of reunion after separation, not issuing commands	A branch cut off from the adjacent branch cannot help but be cut off from the whole plant as well. In the same way, a human being who is torn away from one othe
marcus_aurelius_meditations	MED_12_12	error	repaired	The phrase 'they do nothing wrong except unwillingly' inverts the meaning of the Greek 'οὐδὲν γὰρ οὐχὶ ἄκοντες' (double negative: 'nothing not unwillingly' = 'everything unwillingly'). The Greek states that humans do everything unwillingly/involuntarily, not that they do wrong only when unwilling.	Do not blame the gods, for they do nothing wrong either willingly or unwillingly. Nor blame human beings, for they do nothing except unwillingly. Therefore, bla
marcus_aurelius_meditations	MED_11_15	error	repaired	σκάλμη translated as 'dagger' when it means 'thole-pin' or 'peg' - metaphorically referring to something false/artificial, not a weapon; γράσωνα (grason) translated as 'pungent bodily odor' when it refers to a goat-like smell or rank odor, used metaphorically for something unmistakable	How rotten and false is the one who says, 'I have resolved to deal plainly with you.' What are you doing, man? This need not be announced in advance. It will sh
marcus_aurelius_meditations	MED_12_16	error	repaired	The phrase 'ὀπὸν ἐν τοῖς σύκοις φέρειν' means 'bears juice/sap in its figs' but the natural reading is that fig trees produce figs (with their characteristic juice), not that this is somehow unusual. The point is about natural inevitability.; More critically, 'εἰ οὖν γοργὸς εἶ, ταύτην θεράπευσον' is mistranslated. 'γοργός' means 'fierce/harsh/severe' not 'quick-minded'. The final sentence means: '	When someone gives you the impression that he has erred, ask yourself: 'What do I know — is this really an error?' And even if he has erred, consider that he ha
marcus_aurelius_meditations	MED_11_16	error	repaired	The phrase 'if something escapes our notice' (κἄν που λάθῃ) misses the intended meaning: it refers to a judgment that has already been written/formed inadvertently, not something that 'escapes notice' in the sense of being unnoticed. The point is 'even if one has slipped in unawares' (i.e., a judgment has crept in without our awareness).; The translation ends abruptly after 'erase it at once' and 	The finest way to live is a power within the soul: to be indifferent toward things indifferent. One will be indifferent if one looks at each of them both separa
milarepa_songs	MIL_005	error	repaired	The original is an incomplete phrase 'In the mind's own ultimate nature...' - only a locative clause without a main predicate; The new translation supplies an entire teaching paragraph about mahāmudrā, non-duality, guru's blessing, etc. that is not present in the original fragment; All content about 'no division between meditator and meditation', 'Great Seal', 'not attained through effort', 'groun	In the mind's own ultimate nature
milarepa_songs	MIL_SHAME_013	error	repaired	The passage addresses 'Peta' as the recipient, but in the original Tibetan/Sanskrit context of Milarepa Songs Chapter X, this passage is typically addressed to Rechungpa (or similar disciple names), not 'Peta' which appears to be a mistranslation or misidentification of the addressee; The phrase 'codes of conventional shame' misrepresents the original concept which refers to worldly concerns or co	Those hermits who have renounced worldly life and devoted themselves to practicing the dharma of the secret mantra path — who have vowed to spend their lives in
marcus_aurelius_meditations	MED_12_32	error	repaired	The phrase 'πόστον δὲ τῆς ὅλης ψυχῆς' means 'how small a portion of the universal soul' (referring to the cosmic soul/world-soul), not 'how tiny of the whole soul' which suggests an individual's entire soul rather than one's portion of the cosmic soul	How small a portion of the infinite and unfathomable eternity is allotted to each person—for it vanishes swiftly into the eternal. How small a portion of the wh
marcus_aurelius_meditations	MED_12_03	error	repaired	The phrase 'τῶν συνειμαρμένων ἐξῃρημένην' is mistranslated as 'stand apart from these entangled things' when it means 'lifted out/freed from the things bound together by fate'; The structure breaks the conditional: 'ὥστε...ἀπόλυτον ἐφ̓ ἑαυτῆς ζῆν' (so that...it may live free upon itself) is rendered as 'if you let...living by itself', losing the result clause introduced by ὥστε; The translation tr	Three things compose you: a little body, a little breath, and mind. Of these, the first two are yours only insofar as you must care for them; the third alone is
mundaka_upanishad	MUK_05_RIVER	error	repaired	The original verse contains only the simile portion (yathā clause) describing rivers merging into the ocean and abandoning name-form. The NEW translation adds a second clause about 'a wise man' (tathā clause) and 'the divine Person' which are NOT present in this half-verse. This is verse 3.2.8, which is only the protasis; the apodosis comes in 3.2.9.	Just as flowing rivers disappear into the ocean, abandoning name and form
nagarjuna_mulamadhyamakakarika	MMK_01_07_11	error	repaired	Verse 8: 'anārambhaṇa' means 'without object/support', not 'without a beginning'; 'ārambhaṇa' similarly means 'object/support', not 'beginning'; Verse 9: 'nānantaram ato yuktaṃ' means 'therefore an immediately preceding (condition) is not appropriate', but the translation adds 'no' which inverts the sense - it should affirm the inappropriateness, not negate appropriateness	7. When a dharma comes to be neither as existent, nor as non-existent, nor as both existent and non-existent, how could a cause that produces it be intelligible
nagarjuna_mulamadhyamakakarika	MMK_06_01	error	repaired	The term 'rāgatiraskṛtaḥ' is mistranslated as 'excluded from passion' when it means 'without passion' or 'devoid of passion'; The logical structure is obscured: the verse argues that if the passionate one existed *prior to* passion and was *without* passion at that time, then passion would depend on that (passionless) person—which is absurd	If, prior to passion, there were a passionate one who was without passion, then passion would arise in dependence on that one; passion would exist when the pass
nagarjuna_mulamadhyamakakarika	MMK_05_08	error	repaired	draṣṭavya means 'to be seen' not 'to be grasped'; draṣṭavya qualifies upaśama (the quiescence that should be seen), not bhāva (phenomena); the compound draṣṭavyopaśamaṃ means 'the quiescence which is to be seen', not 'quiescence of phenomena as objects to be grasped'	Those of little understanding who see existence and non-existence do not see the auspicious quiescence of things that is to be seen.
nagarjuna_mulamadhyamakakarika	MMK_07_01_05	error	repaired	Verse 4: The translation inverts the relationship. The text states that the arising-of-arising produces only the root/primary arising, and then the root arising produces the arising-of-arising back. The NEW translation incorrectly states the primary arising produces only the arising-of-arising first.; Verse 5: The logic is inverted. The verse asks: if the arising-of-arising (for you) produces the 	1. If arising is conditioned, then the threefold set of marks would fittingly apply to it. But if arising is unconditioned, how can it be a mark of what is cond
nagarjuna_mulamadhyamakakarika	MMK_05_06_07	error	repaired	Verse 6cd: 'bhāvābhāvavidharmā' misread as 'two things with distinct natures' when it means 'having the nature/property of existence and nonexistence' or 'characterized by existence and nonexistence'; Verse 6cd: 'bhāvābhāvāv avaiti kaḥ' means 'who understands/knows existence and nonexistence' not 'who could apprehend existence and nonexistence as two things'; Verse 7cd: 'ākāśasamā' means 'similar/	When an existent is not present, whose nonexistent will there be? And who understands existence and nonexistence as having the nature of existence and nonexiste
nagarjuna_mulamadhyamakakarika	MMK_06_02_06	error	repaired	Verse 6: The logic is inverted. The original argues that if co-existence requires difference/separateness, then their separate existence must be established BEFORE co-existence can occur, making co-existence circular/impossible. The translation suggests their separate existence 'would be established' as a consequence, reversing the logical dependency.; Verse 6: 'what need is there' (kiṃ) misses th	2. When there is no impassioned person, how could passion come to be? And whether passion is present or absent, the same line of reasoning applies also to the i
nagarjuna_mulamadhyamakakarika	MMK_17_15	error	repaired	prahāṇataḥ mistranslated as 'from the abandoner' when it means 'from/by abandonment (the act)'; praheya means 'what is to be abandoned' not 'the abandoned'; bhāvanāheya means 'what is to be abandoned through meditation/cultivation' not 'from meditation alone'; The verse structure is misunderstood: it states the fruit does NOT arise from abandonment, nor is it something to be abandoned by cultivati	The fruit is neither to be abandoned through abandonment, nor is it to be abandoned through cultivation. Therefore, the fruit of actions arises without destruct
patañjali_yoga_sūtras	YS_1_05_11	error	repaired	Sūtra 1.6: 'viparyaya' mistranslated as 'inference' when it means 'misperception/error'; the actual term for inference is 'anumāna' which appears in 1.7; Sūtra 1.6: The five vṛttis are incorrectly listed - 'viparyaya' should be 'misperception/error' not 'inference'	"**1.5** The mental formations (vṛtti) are fivefold, and they are either afflicted (kliṣṭa) or unafflicted (akliṣṭa).
**1.6** These are: valid cognition (pramāṇa"
patañjali_yoga_sūtras	YS_1_40_46	error	repaired	1.45: 'seedless (aliṅga)' is incorrect - aliṅga means 'unmanifest/undifferentiated prakṛti', not 'seedless' (which is nirbīja); 1.46: 'absorption (samādhi)' is singular but should be plural - 'tā eva' (these) refers back to all the samāpattis described, making them collectively sabīja samādhi	"**1.40** Mastery extends from the infinitesimal to the immense.
**1.41** When the mind's fluctuations are diminished, absorption arises—like a jewel reflecting "
patañjali_yoga_sūtras	YS_1_33_39	error	repaired	1.33: 'toward the virtuous' and 'toward the non-virtuous' misidentifies the objects - should be 'toward the meritorious/virtuous' and 'toward the non-meritorious/non-virtuous' as states or persons; 1.35: 'mental activity' is vague; pravṛtti here refers to sensory/perceptual activity or experience arising from subtle sense objects; 1.38: 'knowledge that arises in dreams and sleep' inverts the meani	**1.33** By cultivating friendliness toward those who are happy, compassion toward those who suffer, joy toward the meritorious, and indifference toward the non
patañjali_yoga_sūtras	YS_2_23_27	error	repaired	2.23: 'apprehension of the essential nature' misrepresents svarūpopalabdhi-hetu as the content/object of union rather than its purpose/cause; 2.23: 'self's power and the power of the lord' mistranslates sva-svāmi-śaktyoḥ - sva refers to puruṣa (seer/self) and svāmi to prakṛti (seen/nature), not 'lord'; śaktyoḥ is dual genitive meaning 'of the two powers' not separate powers; 2.25: 'liberation for 	"**2.23** Union is the cause of the apprehension of the essential nature of the two powers—the seen and the seer.
**2.24** Ignorance is its cause.
**2.25** From "
patañjali_yoga_sūtras	YS_4_07_11	error	repaired	4.7: 'neither white nor black' inverts the meaning - the original 'aśuklākṛṣṇam' means 'neither white nor black' (non-white, non-black), but the context indicates yogins' karma is specifically described as such while others have threefold karma; 4.8: 'arise the manifestation' is awkward but the key error is missing that it's specifically those vāsanās that are congruent/appropriate to that (karma'	"**4.7** The karma of the yogin is neither white nor black; for others it is of three kinds.
**4.8** From that follows the manifestation of only those latent imp"
patañjali_yoga_sūtras	YS_3_30_37	error	repaired	3.35: 'from saṃyama for another's sake (parārthāt), or from saṃyama for one's own sake (svārthasaṃyamāt)' inverts the meaning. The sūtra states that bhoga (experience) is for another's sake (parārtha = for puruṣa), while saṃyama on one's own sake (svārtha) yields puruṣajñāna. The translation incorrectly makes both parārtha and svārtha objects of saṃyama leading to puruṣajñāna.	"**3.30** By saṃyama on the hollow of the throat: cessation of hunger and thirst.
**3.31** By saṃyama on the tortoise channel: steadiness.
**3.32** By saṃyama on"
patañjali_yoga_sūtras	YS_3_50_55	error	repaired	3.53: 'then discernment arises from that' inverts the meaning - pratipattiḥ means 'recognition/distinction' not 'discernment arises'; the sūtra explains that vivekaja jñāna enables distinguishing between two similar things that cannot be differentiated by ordinary means; 3.54: 'omniscient' and 'omnipresent' are interpretive expansions not directly supported; sarvaviṣayam means 'having all objects 	"**3.50** From dispassion even toward that, through the destruction of the seed of defects, comes kaivalya.
**3.51** Upon invitation by those in high places, one"
patañjali_yoga_sūtras	YS_4_04_06	error	repaired	4.5: 'ekam' (one) is misidentified as the subject/agent when it should be the object; the correct sense is that one [original] mind is the director/instigator of the many [created minds], not that one among the many is the mover; 4.5: 'anekeṣām' (of/among the many) refers to the multiple created minds, but the translation reverses the relationship by making 'one mind' be selected from among the ma	"**4.4** The created minds arise from I-am-ness alone.
**4.5** The one mind is the instigator of the many [created minds] that differ in their activity.
**4.6** "
plotinus_enneads	ENN_004	error	repaired	Addition of 'The One' as explicit subject not present in original; Entire second and third sentences invented - no corresponding Greek text provided; Metaphors about light and circle's radii are not in the original passage; Original is a simple two-clause statement; translation expands it into philosophical exposition not present in source	From there comes all being and all power; from there come both the intelligible and the sensible.
patañjali_yoga_sūtras	YS_4_15_17	error	repaired	4.16: 'ced vastu' means 'if the object' not 'if an object did not depend'; the conditional structure is inverted; 4.16: 'na...ekacittatantram' means 'not dependent on one mind' but the translation reverses the logic - it should state what happens if object is NOT dependent on one mind; 4.16: 'apramāṇakam' means 'unverifiable/uncognizable' not 'lack measure'; 4.17: 'taduparāgāpekṣitvāt' means 'beca	"**4.15** Because of the difference in minds, though the object is the same, their paths are separate.
**4.16** And if an object were not dependent on a single m"
patañjali_yoga_sūtras	YS_4_22_26	error	repaired	4.22: 'apratisaṃkramāyās' means 'of that which does not transmigrate/move back' referring to citta's unchanging nature, not 'does not wander from its own form'; 4.22: 'tadākārāpattau' means 'when it assumes that (puruṣa's) form', not 'takes on the form of the object'; 4.24: 'parārthaṃ' means 'for another's sake' (puruṣa), but 'saṃhatyakāritvāt' means 'because of acting in association/combination' 	"**4.22** When consciousness, which does not transmigrate, assumes that (puruṣa's) form, there is awareness of one's own intelligence.
**4.23** The mind, colored"
phaedo_plato	PHAEDO_MD_007	error	repaired	The passage characterizes Socrates' final words about the cock owed to Asclepius as 'gratitude' and 'lucid completion,' but the standard scholarly interpretation is that this represents payment of a debt for healing (either literal recovery from illness or metaphorical cure from the disease of life), not gratitude in a general sense; The phrase 'unbroken ethical attention to the last moment' overs	The dialogue closes by moving from argument to lived practice: what one believes about the soul must be enacted through proper conduct and composure. Socrates' 
plotinus_enneads	ENN_002	error	repaired	Complete mistranslation: the original describes beauty as found in sight, hearing, speech composition, and music/rhythm, but the new translation invents metaphysical content about nous, the One, emanation, and intelligible radiance that is entirely absent from the Greek; The original is a simple empirical observation about where beauty appears; the new translation substitutes Plotinian metaphysica	Beauty is found most of all in what is seen, but it is also in what is heard, in the composition of words, and also in music of every kind; for melodies and rhy
phaedo_plato	PHD_003	error	repaired	The passage does not discuss 'truth being always present' or 'truth always coming-to-be'; No mention of perceiving 'a lyre' or 'a cloak' or being reminded of their lover/owner in this passage; The actual content is Cebes citing Socrates' theory of recollection, explaining that people can answer questions correctly when properly questioned, and that geometric diagrams demonstrate this most clearly;	and that it is better for good souls, but worse for bad ones. And indeed, said Cebes, taking up the discussion, according to that argument too, Socrates, if it 
plotinus_enneads	ENN_I_6_06	error	repaired	Purification is not presented as 'the foundation of all virtues, including wisdom' but rather as what virtue IS or what produces virtue; The passage does not describe sophrosyne merely as 'self-control' achieved by 'letting go' but as the soul's proper ordering when not sharing bodily affections; Missing the key distinction that purification/virtue is about NOT acting with the body rather than sim	Purification of the soul consists in not sharing the body's experiences and not having opinions in common with it—and this is what wisdom is. Not acting togethe
plotinus_enneads	ENN_V_1_09	error	repaired	The passage describes the One as 'culmination of all existence' which inverts the Plotinian doctrine - the One is the source/origin, not the culmination or end-point; The phrase 'governing the harmony of the entire Intellectual Realm' incorrectly attributes active governance to the One, whereas Plotinus consistently maintains the One transcends such activity - it is Intellect (Nous) that governs t	We conceive the One as the first principle and origin of all things, and from this One proceeds Intellect, from which all Intellectual Beings arise, and Intelle
plotinus_enneads	ENN_V_1_08	error	repaired	The passage claims the original is in 'Sanskrit (IAST)' but Plotinus wrote in Greek; No actual Greek original text is provided to verify the translation; The translation appears to be a general summary/paraphrase of Plotinian doctrine rather than a translation of a specific passage from V.1.8; Without the actual Greek text, it is impossible to verify if this represents the specific content of Enne	Unable to provide corrected translation without the actual Greek original text of Ennead V.1.8. The metadata incorrectly identifies the source language as Sansk
phaedo_plato	PHD_002	error	repaired	The new translation introduces a significant amount of text that is not present in the original Greek passage, particularly the entire second and third sentences.; The new translation omits the original Greek text entirely, replacing it with invented content.	But whenever it investigates by itself, it departs to that which is pure and ever-existent and immortal and always the same, and as being akin to it, it is alwa
plotinus_enneads	ENN_VI_9_02	error	error_unconfirmed	No original Greek text provided - only etymological notes given; The 'new translation' appears to be a paraphrase or summary rather than a translation of any specific Greek passage from Ennead VI.9.2; Cannot verify fidelity to source text when source text is absent; The content describes Plotinian doctrine generally but cannot be assessed as a translation without the actual Greek passage	Unable to provide corrected translation: no original Greek text from Ennead VI.9.2 was supplied for comparison. Only etymological information about terms 'hen' 
plotinus_enneads	ENN_V_1_06	error	repaired	The text uses Sanskrit/Hindu terminology (buddhi, Brahman, manas) where Plotinus uses Greek Neoplatonic concepts (Nous, the One); The One is mistranslated as 'Brahman' throughout; Intellectual-Principle mistranslated as 'buddhi' instead of Nous; 'mind' as 'manas' is inappropriate for Plotinian context; The philosophical framework has been incorrectly transposed from Greek Neoplatonism to Vedantic 	The Intellectual-Principle perceives and thinks, but how does it come to be from the One, which then becomes its object of thought? Reason demands the existence
plotinus_enneads	ENN_VI_9_07	error	repaired	The passage discusses the soul's movement/activity (kinēsis) around a center, not the soul needing to 'be centered and formless'; The metaphor of circle and center describes the soul's relation to the One (the center around which it moves), not a requirement for the soul to become formless; The phrase 'receive the imprint of the Primal Principle' invents content not present in the original discuss	We must turn inward to grasp the Unity that is always present but goes unnoticed because of our attention to external things. The soul is like a circle in relat
plotinus_enneads	ENN_VI_9_03	error	repaired	The phrase 'The Unity is beyond all being and form' misrepresents the original Greek concept - Plotinus uses 'the One' (to hen) not 'the Unity', and the phrasing conflates distinct technical terms; The phrase 'ascend to a higher level of consciousness' introduces modern psychological terminology entirely absent from the original text; The phrase 'sees the world from its perspective' attributes a p	It is beyond all things and beyond the majesty that is above all being. For all beings have their being from it, but it is not being; rather, it is prior to all
pratyabhijnahrdayam	PHR_001	error	repaired	The original states 'viśva-siddhi' (accomplishment/perfection of the universe), not a triad of manifestation, maintenance, and dissolution; The term 'citiḥ' means Consciousness itself, not 'sovereign Śakti' - this adds an interpretive gloss not present in the original; The translation expands a simple statement about causation into a threefold cosmic function not specified in this sutra	Consciousness, being autonomous, is the cause of the perfection of the universe.
pratyabhijnahrdayam	PHR_006	error	repaired	The phrase 'tanmayaḥ' means 'consisting of that' or 'absorbed in that', referring back to the previous sutra's discussion of the tattvas from Māyā to earth; The translation 'ruled by Māyā' is not supported by the compound 'māyā-pramātā' which means 'the experient at the level of Māyā' or 'the Māyā-level subject'; The addition of 'of contracted mind' has no basis in the original text and appears to	The experient at the level of Māyā consists of that.
pratyabhijnahrdayam	PHR_005	error	repaired	cetya-saṅkocinī is mistranslated as 'contracts itself as the object' - cetya means 'object of cognition/knowable' and saṅkocinī means 'contracting/contracted', so it should be 'contracted by/in relation to objects', not 'contracts itself as the object'; The compound cetya-saṅkocinī describes how citta (mind) is characterized - it is consciousness that has become contracted in relation to objects, 	Consciousness itself, having descended from the state of pure sentience, becomes the individual mind contracted by objects of cognition.
plotinus_enneads	ENN_VI_9_10	error	repaired	The passage describes mystical union in Plotinian terms but contains significant interpretive additions not present in the original Greek; The phrase 'transcend the limitations of the individual self' oversimplifies Plotinus's technical account of the soul's ascent and union with the One; The language of 'interconnected whole' and 'lens of duality' imports modern holistic/non-dualistic terminology	When the soul has contact with That and is present to It, or rather when the soul becomes aware of its presence, having turned itself toward That and given itse
pratyabhijnahrdayam	PHR_013	error	repaired	cittam (mind) does not 'become' citiḥ (Consciousness) - this is a fundamental error in Kashmir Shaivism metaphysics where citta is recognized AS citi, not transformed into it; cetanā-pada-adhyārohāt means 'by ascending to the state/level of consciousness' not 'by ascending to the sta...' (incomplete); antarmukhī-bhāvena is correctly 'through introversion' but the overall sense of recognition rathe	When there is complete recognition of that, the mind itself, through turning inward, is recognized as Consciousness by ascending to the state of pure awareness.
pratyabhijnahrdayam	PHR_011	error	repaired	ābhāsana-rakti-vimarśana-bīja-avasthāpana-vilāpanataḥ is a compound listing six functions, not five; rakti means 'attachment' or 'coloring/tinging', not 'Enjoyment'; vilāpana means 'dissolution' or 'withdrawal', correctly translated, but the count is wrong	Those are called: Manifestation, Coloring, Discernment, Establishing the seed, and Dissolution.
plotinus_enneads	ENN_VI_9_01	error	repaired	The passage does not primarily discuss 'everything that exists' in general terms but focuses specifically on the relationship between unity (the One) and being; The claim that 'the soul, as the source of unity' is incorrect - Plotinus distinguishes the One as the source of unity from soul; The passage discusses how things derive their being from unity/the One, not how soul confers unity; Missing t	All beings are beings by virtue of unity. This applies both to primary beings and to anything said to be among beings in any way whatever. For what could anythi
pratyabhijnahrdayam	PHR_018	error	repaired	vāhaccheda mistranslated as 'cessation of the prāṇic flow through anacka repetition' - vāha means flow/current and ccheda means cutting/cessation, but 'anacka' appears to be a misreading; dvantakoṭi mistranslated as 'dvādaśān' (twelve) - dvanta means pair/duality and koṭi means end/extremity, referring to the two extremities or poles of duality; nibhālana rendered as 'perception' is incomplete - i	Here are the means: dissolution of thought-constructs, contraction and expansion of power, cessation of the flow (of breath), and contemplation of the two ends 
pratyabhijnahrdayam	PHR_020	error	repaired	Translation is incomplete - cuts off mid-sentence at 'there is always the...'; Missing the entire second half describing what is attained: the lordship over the circle of deities of one's own consciousness that performs all creation and dissolution; Missing the concluding phrase 'iti śivam' (thus auspiciousness/thus Shiva)	Then, through immersion in the Perfect I-consciousness whose essence is Light and Bliss and whose nature is the power of the great mantra, there occurs the atta
pseudo_dionysius	PD_004	error	repaired	The original text contains only a single clause about the 'hyperessential summit' being beyond all naming and knowledge. The new translation invents multiple additional clauses not present in the Greek: references to 'Cause-of-all', 'Trinity beyond being', direct address ('thou art known'), discussion of light/darkness and being/non-being, and the concept of 'negation of negation'. These are entir	The superessential summit surpasses in every way beyond all naming and knowledge.
pratyabhijnahrdayam	PHR_016	error	repaired	The translation renders 'cit-ānanda-lābhe' as 'obtains the Bliss of Absolute Consciousness' but the compound structure indicates 'obtaining/gain of consciousness-bliss' as a locative absolute condition; The phrase 'deha-ādiṣu cetyamāneṣu api' (locative absolute: 'even when body etc. are being cognized/experienced') is incompletely translated - the NEW translation cuts off mid-sentence; The core de	Jīvanmukti (liberation while living) is the firmness of the recognition of one's sole identity with Consciousness, even when the body and other objects are bein
pseudo_dionysius	PD_002	error	repaired	The original does not contain 'O Trinity' - it says 'Τριπέρυξ ἅγιε' meaning 'thrice-winged holy one' or 'three-winged holy one'; The phrase 'who dost lead the sacred initiates' invents 'sacred initiates' - the Greek simply has 'us' (ἡμᾶς); The original says 'above/beyond the sacred light' (ὑπεράνω τοῦ ἱεροῦ φωτὸς), not 'who dost lead the sacred initiates'; The entire second half of the translation	O thrice-winged holy one, beyond being and knowledge, beyond the sacred light, leading us up into the super-brilliance of the darkness.
pseudo_dionysius	PD_DN_02	error	repaired	The original is in Greek, not Sanskrit (IAST). The prompt contains a fundamental error about the source language.; Without access to the actual Greek original text, I cannot verify the translation's fidelity to the source.; The translation provided appears stylistically consistent with standard renderings of Pseudo-Dionysius DN I.3, but I cannot confirm accuracy without the Greek text.	I cannot provide a corrected translation because the stated original language (Sanskrit/IAST) is incorrect for Pseudo-Dionysius, whose works were written in Gre
pseudo_dionysius	PD_006	error	repaired	The passage does not address the Trinity or contain 'O Trinity beyond being, beyond light, holy darkness'; The phrase about 'luminous utterances of the Word' and 'every voice and every discourse cease' is not present in the original; The original speaks of ekstasis (ecstasy/going out of oneself) toward the ray of divine darkness, not 'naked knowing'; The warning 'see that none of the uninitiated h	For by the unrestrained and absolute ecstasy, purely beyond himself and beyond all things, toward the super-essential ray of the divine darkness, having strippe
pseudo_dionysius	PD_001	error	repaired	The opening invocation addresses the Trinity with three attributes (ὑπερούσιε, ὑπέρθεε, ὑπεράγαθε = super-essential, super-divine, super-good) which are completely omitted; The phrase 'beyond light and darkness' does not appear in the original; the original says 'super-essential and super-divine and super-good'; The phrase 'you teach in the superradiant silence' has no basis in the original text; 	O Trinity beyond essence and beyond divinity and beyond goodness, guardian of the divine wisdom of Christians, guide us toward the super-unknown and super-lumin
pseudo_dionysius	PD_005	error	repaired	The original is a direct address to Timothy instructing him to leave behind senses and intellections, but the translation renders it as a prayer to the Trinity; The phrase 'Ἐμοὶ μὲν οὖν ταῦτα ηὔχθω' (let these things be prayed by me) is completely omitted; The direct imperative 'σὺ δέ, ὦ φίλε Τιμόθεε' (but you, dear Timothy) is replaced with 'guide of Christians'; The instruction to 'leave behind 	So let these things be my prayer. But you, dear Timothy, in your earnest engagement with mystical visions, leave behind both the senses and the intellectual ope
pseudo_dionysius	PD_DN_04	error	repaired	The original Greek text is from Pseudo-Dionysius's Divine Names, not Sanskrit/IAST; The Gospel quotation is misattributed - it should be 'Why do you call me good?' not 'Why do you ask me about the good?'; The phrase 'No one is good except God alone' should be 'No one is good but God alone' or 'except One—God'; The reference is to Christ speaking in the Gospels (Mark 10:18/Luke 18:19), and the tran	The entire nature of the Godhead is both defined and made manifest through the Good itself. And what else does sacred theology teach us when it sets forth the G
pseudo_dionysius	PD_DN_11	error	error_unconfirmed	The original is in Greek, not Sanskrit (IAST). The metadata is incorrect.; Without access to the actual Greek text, I cannot verify specific translation accuracy.; The passage appears to be from Divine Names Chapter 8, which discusses divine power (dynamis), but the translation cannot be verified against the original without the Greek text being provided.	Unable to provide corrected translation without access to the actual Greek original text. The passage claims to be in 'Sanskrit (IAST)' but Pseudo-Dionysius wro
pseudo_dionysius	PD_DN_01	error	repaired	The original is in Greek, not Sanskrit/IAST - the metadata is incorrect; 'super-essential understanding of it is proper to unknowing' misrepresents the Greek: the unknowing (agnosia) IS the proper understanding/knowledge, not that understanding 'is proper to' unknowing; 'which lies in the Super-Essence itself' - the unknowing doesn't 'lie in' the Super-Essence; rather it transcends/exceeds being a	We must not dare to speak or even conceive anything concerning the hidden, beyond-being Godhead except what has been divinely revealed to us from the sacred Scr
pseudo_dionysius	PD_MT_05	error	repaired	The original text is in Greek, not Sanskrit (IAST). The prompt contains a fundamental error about the source language.; The phrase 'wrapped around by all objects of knowledge' inverts the correct sense - the unknowing is not wrapped BY knowledge, but rather veils/conceals knowledge or is concealed BY the knowable things; 'that super-essential darkness which is hidden by all the light' should indic	Now we must set forth this negative approach in the reverse manner from the affirmations. For there we began from the most primary realities and descended throu
pseudo_dionysius	PD_DN_10	error	repaired	The original is in Greek, not Sanskrit (IAST). The translator appears confused about the source language.; The phrase 'has no number' should be 'is without measure' or 'cannot be numbered' - a minor precision issue but affects the sense of divine infinity.; The phrase 'he who is our common sun and that of our teacher' is awkward and likely mistranslates a reference to Paul as 'our common teacher' 	Come then, if you will, let us hymn the Good and Eternal Life as Wisdom and as wise, or rather as beyond all wisdom and as the source of all wisdom. For God not
pseudo_dionysius	PD_DN_08	error	error_unconfirmed	The original is in Greek, not Sanskrit (IAST). The prompt contains a fundamental error about the source language.; Without access to the actual Greek text, I cannot verify specific translation accuracy.; The translation appears generally consistent with standard renderings of DN V's opening, but the language identification error makes verification impossible.	Unable to provide corrected translation: the source text is identified as Sanskrit (IAST) but Pseudo-Dionysius's Divine Names was written in Greek. No Greek ori
pseudo_dionysius	PD_DN_09	error	repaired	The phrase 'self-life' (αὐτοζωή) should be 'Life-Itself' or 'Life as such' - a technical Neoplatonic term for the hypostatic principle, not reflexive self-possession; The phrase 'self-being' (αὐτοόν) similarly should be 'Being-Itself' not 'self-being'; The phrase 'self-life' in 'eternity of self-life' (αἰὼν αὐτοζωῆς) should be 'Life-Itself' to maintain the technical distinction between the transce	Now we must celebrate 'eternal life,' from which Life-Itself and all life proceed, and through which the gift of life is distributed appropriately to all things
rumi_mathnawi	MTH_001	error	repaired	Line 2 mistranslated: 'its song has been a lament for reunion' inverts the meaning - the reed laments separation, not reunion; Lines 3-4 of the new translation ('The reed-pipe's cry is fire, not wind...') are NOT present in the original two-line passage provided; Lines 5-6 of the new translation ('The reed's pain opens the heart...') are NOT present in the original passage; Line 2 of original omit	Listen to this reed, how it complains, how it tells the story of separations: 'Ever since I was cut from the reed-bed, men and women have lamented in my cry.'
rūmī_mathnawī_yi_maʿnawī	RUM_012	error	repaired	The phrase 'If the heart is humble, even if the wording is not' is incomplete and lacks the consequent clause present in the original; 'How long words and metaphors?' misses the sense of 'until when' or 'how much longer' with impatience; 'Kindle love's fire in the soul' appears to be an imperative but the original context suggests a different construction; 'A ruby needs no seal' inverts or misrepr	We do not regard the tongue and speech; We regard the inward state and condition. We look at the heart, whether it is humble, even though the words may be awry.
rūmī_mathnawī_yi_maʿnawī	RUM_011	error	repaired	Original language is Persian/Farsi, not Sanskrit (IAST); The phrase 'Do not step into separation if you can help it' misrepresents the original imperative structure; The translation 'divorce is most hateful to Me' uses Islamic legal terminology (ṭalāq) but the context is about separation/disunion more broadly; Minor: 'sighed hot' is awkward but conveys the meaning of 'آه گرم' (āh-i garm)	The shepherd tore his cloak, heaved a burning sigh, and fled into the wilderness. A revelation came to Moses: 'You have parted Our servant from Us. Have you com
rūmī_mathnawī_yi_maʿnawī	RUM_007	error	repaired	The phrase 'None is intimate with this mind but the mindless' inverts the meaning: the original states that only someone WITHOUT sense/consciousness (bī-hūsh) can be a confidant (maḥram) to this consciousness/sense (hūsh), meaning the senseless cannot truly understand; the translation makes it sound like the mindless ARE the intimate companions; The word 'mind' for 'hūsh' is acceptable but 'consci	The reed speaks of a blood-stained path; it recounts the love-stories of Majnūn. Only one who is senseless can be confidant to this sense; the ear is the only b
rumi_mathnawi	MTH_005	error	repaired	Line 1: 'They shut' is invented - original says 'elephant was in dark house' (passive state, not active shutting); Line 1: 'Each person entered the darkness with their hand outstretched' conflates lines 3-5 and adds detail not present; Lines 2-3: 'Another touched the ear and declared, It is a fan' - the ear/fan description is NOT in this passage (appears later in the poem); Lines 3-4: 'A third fel	An elephant was in a dark house; the Indians had brought it for exhibition. Many people were going into that darkness, each person, to see it. Since seeing it w
pseudo_dionysius	PD_MT_07	error	repaired	The phrase 'nor is it one, nor is it unity' (οὐχ ἕν ἐστιν, οὐδὲ ἑνότης) is mistranslated. The Greek negates 'one' and 'oneness/unity' as conceptual categories we apply, but the translation makes it sound like an absolute denial of divine unity, which contradicts Dionysian theology where God transcends even the name 'one' but is beyond-one, not non-one.; The phrase 'nor is it Godhead or Goodness' i	Once more, ascending yet higher, we say that it is not soul, not intellect, not possessing imagination, opinion, reason, or intellect; it is not reason nor inte
rūmī_mathnawī_yi_maʿnawī	RUM_019	error	repaired	The speaker does NOT fear the beloved will believe the complaint; rather, the speaker fears the beloved will NOT believe it (will think it insincere/playful); The phrase 'from kindness lessen that cruelty' inverts the actual concern: the speaker fears the beloved will think the complaint is jest and thus NOT reduce the cruelty; The logic is backwards: the complaint is made precisely so the beloved	I make complaint, yet I fear lest he not believe me and, thinking it mere play, not diminish that cruelty out of kindness. I am passionately in love with both h
siva_sutra	SS_I.18	error	error_unconfirmed	The compound 'lokānandaḥ' is the subject, not 'the bliss of the world' - it refers to worldly pleasure/delight itself; The equation is inverted: worldly bliss IS samādhi-joy, not that samādhi-joy is worldly bliss; The standard interpretation treats lokānanda as the ordinary pleasures experienced in the world, which for the yogin become identical with samādhi-sukha	Worldly pleasure is the bliss of samādhi.
siva_sutra	SS_I.16	error	repaired	apaśu-śaktiḥ means 'non-animal power' or 'power of the non-bound state' (liberation power), not 'bound power' - the prefix 'a-' negates paśu (bound soul/animal), indicating freedom from bondage; sandhānād means 'by connection/union/absorption with' not merely 'resting in'; the translation inverts the meaning: it should indicate attainment of liberating power, not dissolution of bound power	Or, through absorption in the pure principles, one attains the power of the liberated state.
pseudo_dionysius	PD_MT_03	error	repaired	The phrase 'symbolic language [logoi]' misrepresents the original Greek 'hypotypōseis' which means 'outlines,' 'sketches,' or 'suggestive representations,' not 'logoi' (words/language); The phrase 'His incomprehensible presence is shown walking' inverts the sense: the original indicates that through these representations God's incomprehensible presence is 'shown' or 'manifested' as established/set	For it is not without reason that the blessed Moses is first commanded to be purified and then to separate himself from those who are not purified. After comple
shantideva_bodhicaryavatara	BCA_09_COMPASSION	error	repaired	The phrase 'merit is gathered by seeing past the veiled truth' inverts the relationship between emptiness realization and conventional truth (saṃvṛti). Saṃvṛti is not something to 'see past' to gather merit, but rather the conventional level of truth that must be understood in relation to ultimate truth (paramārtha). The passage appears to conflate or misrepresent the two truths doctrine.; The tra	If only my fellow beings could understand emptiness! When will the day come when, with compassion and gentle care, I may bring peace to those tormented in the f
siva_sutra	SS_I.8	error	repaired	The translation inverts the intended meaning. The sutra indicates that the waking state IS knowledge (or consists of knowledge), not that knowledge merely belongs to or is a property of the waking state. This is a fundamental teaching about the nature of jāgrat in Śāmbhavopāya.	Knowledge is the waking state.
siva_sutra	SS_I.17	error	repaired	vitarka means 'discursive thought' or 'conceptual reasoning' which is precisely what must be transcended in Śāmbhavopāya; translating it as 'reflection' softens its negative connotation; ātmājñānam means 'ignorance of Self' or 'non-knowledge of Self' (ājñāna = a-jñāna, negation of knowledge), not 'knowledge of the Self'; The sutra indicates that discursive thought IS ignorance of Self, not that it	Discursive thought is ignorance of the Self.
siva_sutra	SS_II.11	error	error_unconfirmed	The term 'kāla' here means 'parts/divisions' (of mantra/breath), not 'time' in the temporal sense; The compound 'kāla-yajña' refers to the practice of offering/sacrificing the divisions of mantra or breath, not sacrifice to time as a deity or concept	Accomplishment comes from the sacrifice of the parts.
siva_sutra	SS_I.3	error	repaired	yonivargaḥ means 'group/class of phonemes' (specifically the five groups of consonants ka-varga through pa-varga), not 'multitude of sources'; kalāśarīram means 'body of kalās' (limited powers/arts), not 'body of differentiation' - kalā refers to specific limiting principles or creative powers, not abstract differentiation; The sutra refers to the technical relationship between phonemic groups and	The groups of phonemes constitute the body of the kalās.
siva_sutra	SS_I.20	error	repaired	Mistranslation of compound structure: 'bhūta-sandhāna' (union of elements), 'bhūta-pṛthaktva' (separation of elements), and 'viśva-saṅghaṭṭāḥ' (collisions/encounters of the universe) are three distinct technical terms, not a single unified movement; Missing the plural nominative ending '-āḥ' which indicates these are multiple phenomena being enumerated; The phrase 'as a single movement' inverts th	The union of elements, the separation of elements, and the collisions of the universe.
siva_sutra	SS_III.1	error	repaired	Inversion of subject-predicate relationship: 'ātmā' (Self) is the subject/nominative, 'cittaṁ' (mind) is the predicate/nominative. The correct reading is 'The Self is the mind' or 'The Self [is to be known as] mind', not 'The mind is the Self'. This reversal fundamentally alters the philosophical meaning—the sutra identifies the Self with mind in the context of Āṇavopāya (individual means), not th	The Self is mind.
siva_sutra	SS_II.2	error	error_unconfirmed	Inverted subject-predicate relationship: 'prayatna' (effort) is the quality/means, 'sādhaka' (practitioner) is the agent who employs it; Standard translations render this as 'effort [belongs to/characterizes] the practitioner' or 'the practitioner [requires/makes] effort', not identifying effort AS the practitioner	Effort belongs to the practitioner.
siva_sutra	SS_II.5	error	repaired	Mistranslation of 'vidyā' as 'established knowledge' rather than 'knowledge' or 'wisdom'; Mistranslation of 'āsanā' as part of 'established' rather than 'seat/throne/abode'; Mistranslation of 'tantrāṇi' as 'disciplines' rather than 'systems/treatises/doctrines'; Complete misreading of compound structure: vidyā-āsanā should be understood as 'the seat/throne of knowledge' not 'established knowledge'	The systems have knowledge as their foundation.
siva_sutra	SS_II.4	error	repaired	The term 'garbhe' (in the womb/embryo) is mistranslated as 'womb of awareness' - garbha here refers to the embryonic/womb state itself, not a metaphorical womb OF awareness; The compound 'aviśiṣṭa-vidyā-svapnaḥ' is incorrectly parsed - it should be understood as 'dream of undifferentiated knowledge' or 'dream-state characterized by undifferentiated knowledge', not 'undifferentiated knowing, like a	In the embryonic state, the expansion of consciousness is a dream of undifferentiated knowledge.
siva_sutra	SS_III.11	error	error_unconfirmed	The instrumental 'kālena' (through/by time) is mistranslated; the compound 'kālena ātmani' should be parsed as 'kāla-īna ātmani' meaning 'in the Self devoid of time' or 'in the timeless Self', not 'through time in the Self'; The subject-object relationship is inverted; 'avasthā' (state/condition) is the subject that abides, not the Self abiding in itself	The state of being established in the Self that is free from time.
svetasvatara_upanishad	SU_01_01	error	repaired	Complete mistranslation of the verse structure - translates as declarative statements instead of questions; Omits the entire questioning framework ('kiṃ kāraṇaṃ' = 'what is the cause', 'kutaḥ' = 'whence', 'kena' = 'by what', 'kva' = 'where'); Invents content not present in original ('Now therefore [the inquiry into] Brahman', 'Just as [it is] established in the heart of all beings'); Misses the su	The knowers of Brahman ask: What is the cause? [What is] Brahman? Whence were we born? By what do we live? And where are we established? O knowers of Brahman, [
siva_sutra	SS_III.10	error	error_unconfirmed	The translation misses the technical meaning of 'bhāva' as 'contemplation/meditation' in this context; The phrase 'tat tattvataḥ' means 'from that (comes) the state of being that principle' or 'thereby (one attains) the essential nature of that'; The compound 'artha-bhāva' should be understood as 'the contemplative awareness of objects as principles' not 'objects exist according to principle'; The	From that comes the contemplation of objects as principles.
siva_sutra	SS_III.7	error	repaired	The ablative 'caitanyāt' indicates source/origin ('from consciousness'), but the sutra establishes an identity or equation, not an epistemological process of 'knowing'; The verb 'is known' is supplied but not present in the original; the sutra is a nominal equation; Standard translations render this as an ontological statement about the Self being (constituted of/identical with) consciousness, not	The Self is consciousness.
svetasvatara_upanishad	SVE_03_15_18	error	repaired	Verse 15: 'what grows hidden through food' misinterprets 'yad annenātirohati' - this refers to what transcends/grows beyond through food, not what grows hidden; Verse 18: 'moves outward in play' misinterprets 'lelāyate bahiḥ' - the swan/soul sports/plays outside (the body), not specifically 'moves outward in play' which suggests directional movement rather than external activity	"15. This whole world is indeed the Puruṣa: all that has been and all that will be. He is the lord of immortality, and of that which grows beyond through food.

"
svetasvatara_upanishad	SVE_03_20_21	error	repaired	akratu translated as 'desireless One' when it means 'one without will/intention' or 'the actionless' referring to the Self, not a descriptor of desirelessness; janmanirodhaṃ pravadanti yasya misinterpreted as 'him to be the cessation of birth' when it means 'of whom they declare the cessation of birth' - i.e., they declare that birth ceases/is prevented for those who know Him, not that He IS the c	Smaller than the minute, greater than the great, the Self is hidden in the cave of the heart of this creature. One who is free from grief beholds that actionles
svetasvatara_upanishad	SVU_010	error	repaired	Verse 3.1: 'net-caster' (jālavān) is mistranslated - it means 'possessing the net/māyā' not 'net-caster'; Verse 3.1: 'through arising and continuity' misrepresents 'ya evaika udbhave saṃbhave ca' - this refers to 'who alone (presides) at the time of creation and dissolution', not a general 'through arising and continuity'; Verse 3.2: 'stands inwardly in beings' for 'pratyaṅ janāṃs tiṣṭhati' is inc	The One who possesses the net, who rules with sovereign powers over all worlds through His powers — He who alone presides at the time of creation and at the tim
tantrasara	ts_011	error	repaired	The phrase 'sa ca yāvān viśvavyavasthāpakaḥ parameśvarasya śaktikalāpaḥ tāvantam āmṛśati' is completely omitted from the translation; This omitted portion contains the crucial statement that this āmarśa apprehends/encompasses the entire array of powers (śaktikalāpa) of the Supreme Lord that establishes the universe	For without self-apprehension of its own nature, there would in truth be mere insentience. And this self-apprehension is not conventional, but rather is insepar
tantrasara	ts_013	error	repaired	The term 'homa' (ritual fire offering) is completely omitted from the translation; The phrase 'samastabhāvavilāpanaṃ homaḥ' clearly defines homa as the dissolution/melting away of all entities, which is the technical term being defined in this passage; The translation treats this as a general instruction rather than a definition of the specific practice of homa	For the attainment of the firmly established contemplative awareness that 'all entities are constituted of the radiance of the Supreme Lord,' homa is the dissol
tantrasara	ts_009	error	repaired	The passage continues with four negations (na svarūpalābho, na jñaptiḥ, nāvaraṇavigamaḥ, na tadanupraveśaḥ) explaining what is NOT accomplished by means, each with its reason. The new translation omits these entirely, ending prematurely at the rhetorical question.; The complete argument structure is: 'what is accomplished by means? [Answer:] NOT attainment of essential nature (because eternal), NO	And if it is asked, 'How does one discern here that reasoning itself is a limb of yoga?' the answer is given: This supreme Lord, whose form is self-luminous, is
svetasvatara_upanishad	SVU_005	error	repaired	Verse 1.4: 'ṣoḍaśāntaṃ' (sixteen ends/parts) omitted entirely; Verse 1.4: 'śatārdhāraṃ' (fifty spokes) rendered vaguely as 'many spokes' - specific number lost; Verse 1.4: 'viṃśati-pratyarābhiḥ' (twenty counter-spokes) rendered vaguely as 'counter-spokes' - specific number lost; Verse 1.4: 'aṣṭakaiḥ ṣaḍbhiḥ' (by eights and sixes) omitted entirely; Verse 1.4: 'viśvarūpaika-pāśaṃ' (one noose/bond of	That wheel with one rim, threefold stranded, with sixteen ends, fifty spokes, twenty counter-spokes, six sets of eight, bound by one rope of universal form, div
tantrasara	ts_017	error	repaired	The translation treats 'viśrāntayaḥ' (resting-places) as identical to the six ānanda-bhūmis, but the original states they are 'taught/designated as' (upadiṣṭāḥ) the six bliss-grounds; The entire second half of the verse is omitted: the description of the one (ekaḥ) practitioner/contemplator (anusaṃdhātā) who is free from rising and setting, whose essential nature is the inner resting ultimate real	Thus, these resting-places beginning from the void and extending to vyāna are taught as the six bliss-grounds: innate bliss, bliss-less bliss, supreme bliss, Br
tantrasara	ts_008	error	repaired	The phrase 'nityoditaḥ asya samāveśaḥ' is mistranslated. 'Nityodita' (ever-arisen/perpetually risen) qualifies 'samāveśa' (absorption/immersion), not the person. The translation incorrectly applies 'nityodita' to 'one' and treats it as 'eternally manifest' rather than describing the state of samāveśa.; The subject-object relationship is confused: 'asya samāveśaḥ' means 'his/this one's samāveśa' - 	But when one who has been pierced by the descent of intense Śakti discerns in this manner by himself, having comprehended the guru's teaching just once, then fo
tantrasara	ts_019	error	repaired	The term 'prameya' is mistranslated as 'object of cognition' when it should be 'means of cognition/valid cognition'; 'prameya' and 'meya' are conflated when they should be distinguished as 'means of knowing' and 'object known' respectively; The phrase 'viśramya meyaṃ' is incorrectly parsed as 'resting in the object of cognition' when 'viśramya' governs 'prameye' (locative), not 'meyam' (accusative	First in one's own awareness, then having rested in the means of cognition, one should completely pervade the knowable object.
tantrasara	ts_015	error	repaired	The phrase 'ātmani' (in oneself/in the self) is mistranslated as 'within itself' referring to vikalpa, when it should refer to the practitioner's self/ātman; The subject-object relationship is inverted: vikalpa performs saṃskāra 'in the self' (ātmani), not 'within itself'	There, when conceptual thought itself becomes capable of effecting purification in one's own self, without depending on any other means, then having fallen away
tao_te_ching	TTC_MD_018	error	repaired	芻狗 (chú gǒu) mistranslated as 'fodder for the hungry dog' — it refers to 'straw dogs' (ritual sacrificial objects discarded after use), not food for dogs; 屈 (qū) mistranslated as 'broken' — it means 'bent/exhausted/depleted', not physically broken; 數窮 (shù qióng) mistranslated as 'exhausts the mind' — it means 'quickly/repeatedly leads to exhaustion/depletion', not specifically mental exhaustion	Heaven and earth are not benevolent; they treat the myriad things as straw dogs. The sage is not benevolent; he treats the hundred families as straw dogs. The s
tao_te_ching	TTC_MD_017	error	repaired	Complete mistranslation: the provided translation appears to be from Chapter 1, not the original passage given; Original passage discusses the Dao being empty yet inexhaustible, being the ancestor of all things, blunting sharpness, untangling knots, softening light, uniting with dust, and existing dimly; New translation discusses 'two aspects', 'Mystery', and 'gate of subtle and wonderful' - none 	"The Dao is empty, yet in using it, it is never exhausted.
How deep and unfathomable! It seems to be the ancestor of all things.
It blunts sharpness, unravels ta"
tao_te_ching	TTC_MD_021	error	repaired	Line 1: 'attempt to carry it when it is full' misses the core meaning - 持而盈之 means 'grasp/hold and fill it (to overflowing)', not about carrying an already-full vessel; Line 2: 'keep feeling a point' mistranslates 揣 (hammer/temper) as tactile feeling rather than sharpening/hammering; Line 5: 'one's name is becoming distinguished' invents content not in 功遂身退 which means 'merit/work accomplished, pe	"To grasp and fill something to overflowing is not as good as stopping beforehand.

To hammer and sharpen something, it cannot be preserved for long.

When gold "
tao_te_ching	TTC_MD_023	error	repaired	爽 (shuǎng) mistranslated as 'delighted' when it means 'impaired/失爽/spoiled' in this context; 為腹不為目 inverted: should be 'provides for the belly, not for the eye' but translated as opposite; 去彼取此 inverted: 'abandons that (eye), takes this (belly)' but translated as 'abandons the former (belly) for the latter (eye)'	The five colors make the eye blind; the five sounds make the ear deaf; the five tastes make the mouth lose its taste; racing and hunting in the fields make the 
tao_te_ching	TTC_MD_022	error	repaired	Line 1: 載營魄抱一 means 'carrying/supporting the corporeal and spiritual souls while embracing the One' - not 'intelligent and animal souls held together in one embrace'; Line 3: 滌除玄覽 means 'cleansing/purifying the mysterious mirror/vision' - not 'cleansing away the most mysterious sights of imagination'; 玄覽 is the profound/mysterious vision or mirror of perception, not imaginary sights to be removed;	In carrying your corporeal soul and embracing the One, can you keep them from separating? In concentrating your vital breath to achieve utmost softness, can you
tao_te_ching	TTC_MD_027	error	repaired	太上 mistranslated as 'highest antiquity' when it refers to 'the highest/best (ruler)', not a time period; 下知有之 mistranslated as 'people did not know there was a ruler' when it means 'those below (merely) knew of his existence'; 親而譽之 means 'drew close to and praised him', not just 'loved and praised'; 焉有不信焉 inverted: means 'then there will be lack of trust/faith' (consequence), not 'there was no fai	With the best ruler, those below merely know of his existence; with the next best, they feel close to him and praise him; with the next, they fear him; with the
tao_te_ching	TTC_MD_029	error	repaired	Line 4 '此三者以為文不足' is mistranslated as 'Thought olden ways in elegance did fail' - the original means 'these three [statements] as culture/refinement are insufficient' not about olden ways failing; Line 5 '故令有所屬' is mistranslated as 'And made these names their want of worth to veil' - the original means 'therefore make/let [people] have something to belong to/attach to' not about veiling worth; The	"If we could renounce our sageness and discard our wisdom, it would be better for the people a hundredfold.

If we could renounce our benevolence and discard our"
tao_te_ching	TTC_MD_024	error	repaired	Line 1: '貴大患若身' means 'value/regard great affliction as (important as) the body' not 'honor and calamity is like the body'; Line 3: '貴大患若身' is mistranslated again - should be about valuing/regarding great affliction as one does the body; Line 4: '貴以身為天下' means 'values taking the world as (important as) one's own body' or 'values the world as one's body' - the structure is inverted; Line 4: The log	Favor and disgrace both startle like alarm; regard great affliction as you do your own body. What does it mean that favor and disgrace startle like alarm? Favor
tao_te_ching	TTC_MD_033	error	repaired	Opening phrase '希言自然' means 'sparse/few words are natural' or 'nature speaks sparingly', NOT 'the words of the sage say that the natural world is in constant flux'; '天地尚不能久' means 'Heaven and Earth still cannot make [these things] last long', NOT 'even they cannot endure forever' - the subject is the wind/rain's duration, not Heaven and Earth's existence; '德者' refers to 'those who embody virtue/po	Nature speaks sparingly. Thus a whirlwind does not last the whole morning, nor a downpour the whole day. Who makes these? Heaven and Earth. If even Heaven and E
tao_te_ching	TTC_MD_031	error	repaired	Line 1: '孔德之容' means 'the form/appearance of great virtue' not 'virtue of the sage is to be a vessel'; Line 1: '唯道是從' means 'follows only the Tao' not 'Tao is the only source of virtue'; Line 2: '道之為物' introduces Tao as a thing, but '唯恍唯惚' means 'only indistinct, only vague' describing its nature, not 'yet it is both'; Line 3-4: '忽兮恍兮' and '恍兮忽兮' are parallel descriptions of vague/indistinct state	The form of great virtue follows the Tao alone. The Tao as a thing is indistinct and vague. Vague and indistinct, yet within it there are images; indistinct and
tao_te_ching	TTC_MD_038	error	repaired	Line '或歔或吹' mistranslated as 'either are crushed or blown' — 歔 means 'to sigh/exhale warmly' and 吹 means 'to blow/breathe out cold', referring to breathing patterns, not crushing; Line '或挫或隳' mistranslated as 'either are broken or toppled' — 隳 means 'to destroy/ruin/collapse' but the pair refers more to being brought down/defeated versus being ruined/demolished, not the physical breaking suggested	When one wishes to take the world and act upon it, I see that this cannot succeed. The world is a sacred vessel and cannot be acted upon; those who act upon it 
tao_te_ching	TTC_MD_026	error	repaired	Line 'like someone afraid of all around' misses the specific meaning of '畏四鄰' (wary of neighbors on four sides); Line '儼兮其若容' mistranslated as 'like a dignified guest' - 容 here means 'guest' but the phrase means 'solemn/grave like a guest'; Critical error in '孰能安以久動之徐生' - translated as 'Who can keep peace? Let movement continue' but the original means 'Who can, through long-sustained movement, gra	The ancient masters who were skillful in the Tao were subtle and mysterious, profound beyond knowing. Because they were beyond knowing, one can only strain to d
tao_te_ching	TTC_MD_036	error	repaired	Line 1: 'traveller' is not in the original - 善行 means 'good/skillful walking/conduct' not 'traveller'; Line 2: 瑕讁 means 'flaws/blemishes' not specifically 'found fault with or blamed' - the sense of active blaming is added; Line 8: 襲明 means 'inheriting/following enlightenment' or 'concealing brightness' - 'Hiding the light of his procedure' adds 'procedure' which is not in the original; Line 9-10:	Good walking leaves no wheel tracks or footprints; good speech has no flaws or faults; good reckoning uses no counting rods; good closing needs no bolt or bar y
tao_te_ching	TTC_MD_045	error	repaired	歙 (xī) means 'to contract/close/gather in', not 'inspiration' in the breathing sense - the passage refers to contracting/closing something; 張 means 'to expand/stretch/open', not 'expiration' - these are about expansion/contraction in general, not specifically breathing; The translation adds 'another' and 'him' throughout, making it specifically about interpersonal manipulation, when the original u	When about to contract it, one must first expand it; when about to weaken it, one must first strengthen it; when about to abolish it, one must first promote it;
tao_te_ching	TTC_MD_046	error	repaired	Line 5: '上仁為之而無以為' is mistranslated as 'had no need to be doing so' when it should mean 'had no (ulterior) purpose/motive for doing so'; Line 6: '上義為之而有以為' is mistranslated as 'had need to be so doing' when it should mean 'had a (specific) purpose/motive for doing so'; Line 10: '前識者' (advance knowledge/foreknowledge) is mistranslated as 'swift apprehension'	Those of highest virtue do not regard themselves as virtuous, and thus they have true virtue. Those of lower virtue do not lose sight of their virtue, and thus 
tao_te_ching	TTC_MD_043	error	repaired	Line 3: 'not one refusing obedience to it' inverts the meaning of 而不辭 (ér bù cí), which means the Dao does not refuse/decline (to give life), not that things don't refuse to obey; Line 5: 'makes no assumption of being their lord' misses the meaning - 不為主 means 'does not act as master/lord', not about assumptions; Line 6: 'All things return (to their root and disappear)' adds invented content - the	The Great Way is vast and overflowing! It can go left or right. The ten thousand things depend on it for life, and it does not refuse them. Its work accomplishe
tao_te_ching	TTC_MD_039	error	repaired	Line 5: '善有果而已' is mistranslated as 'A skilful (commander) strikes a decisive blow, and stops' - the character 善 means 'good/善者' (the good/skillful one), 有果 means 'achieves results', and 而已 means 'and that is all/only'. This should convey achieving results without going further, not 'strikes a blow and stops'.; Line 6: '不敢以取強' is mistranslated - 取強 means 'to seize/take strength/dominance', not 'as	"He who would assist a lord of men in harmony with the Way will not use military force to dominate the world.

Such affairs tend to rebound.

Wherever armies are"
tao_te_ching	TTC_MD_041	error	repaired	Line 1: '道常無名' means 'The Way is constantly/eternally nameless' - 'considered as unchanging' misinterprets 常 (eternally/constantly) as a qualifier meaning 'when considered unchanging'; Line 2: '天下莫能臣也' means 'nothing in the world can make it a subject/minister' or 'nothing can subjugate it' - the translation inverts this to mean the world cannot treat someone embodying it as a minister, which reve	"The Way is eternally nameless.

In its uncarved simplicity, though small, nothing in the world can subjugate it.

If lords and kings could preserve it, the ten "
tao_te_ching	TTC_MD_052	error	repaired	Line 3: '禍莫大於不知足' is mistranslated as 'no calamity greater than to be discontented' when it should be 'no disaster/calamity greater than not knowing contentment/sufficiency'; Line 4: '咎莫大於欲得' is mistranslated as 'no fault greater than the wish to be getting' when it should be 'no blame/fault greater than desiring to acquire/possess'; Line 3 first clause: '禍莫大於不知足' appears in the translation as the	"When the world has the Way, they retire the swift horses to fertilize the fields.

When the world lacks the Way, war horses give birth on the battlegrounds.

No"
tao_te_ching	TTC_MD_047	error	repaired	Line 1: 'bright and pure' for 清 (qīng) - should be 'clear' not 'bright'; Line 6: 'The model which to all they give' misses the key term 貞 (zhēn) meaning 'correct/upright standard' or 'stability'; Line 14: 'Men of small virtue' is invented - 寡 means 'widowed/alone' not 'small virtue'; Line 14: 'Carriages without a nave' for 不穀 (bù gǔ) is completely wrong - 穀 means 'grain/worthy' not 'nave', phrase 	Those of old who obtained the One: Heaven obtained the One and became clear; Earth obtained the One and became tranquil; Spirits obtained the One and became num
tao_te_ching	TTC_MD_030	error	error_unconfirmed	Line 'What others fear, I cannot but fear too' inverts the meaning: 人之所畏，不可不畏 means 'What people fear, one cannot NOT fear' (i.e., must also fear), but this is a general statement about necessity, not about 'I' personally fearing; Line 'I alone am inactive, showing no signs' mistranslates 我獨怕兮其未兆: 怕 means 'tranquil/still' and 未兆 means 'not yet showing signs', but the subject-verb relationship is m	Abandon learning and there will be no worry. Between 'yes' and 'yea,' how much difference is there? Between good and evil, how much difference is there? What pe
tao_te_ching	TTC_MD_056	error	repaired	Line '亭之毒之' is mistranslated as 'completes them, matures them' - 亭 means to shelter/settle and 毒 means to thicken/enrich, not complete and mature; The phrase '德畜之' is rendered as 'nourished by its outflowing operation' but 德 (virtue/power) and 畜 (nurture/rear) are distinct concepts being conflated; The structure treats 德 throughout as merely 'outflowing operation' rather than as Virtue/Power as a 	The Way gives them birth, Virtue rears them, things give them form, circumstances complete them. Therefore the ten thousand things all revere the Way and honor 
tao_te_ching	TTC_MD_059	error	repaired	Complete mistranslation: the new translation appears to be from Chapter 49, not the provided original text; Original text discusses building/establishing (善建), embracing (善抱), cultivation (修) at different levels (body, family, village, state, world), and observation through these levels; New translation discusses the sage's mind, goodness, truthfulness, and treating people as children - none of wh	What is well established cannot be uprooted; what is well embraced cannot slip away. Through this, descendants will continue the ancestral sacrifices without ce
tao_te_ching	TTC_MD_049	error	repaired	Line 2: 'leave behind them the Obscurity' and 'go forward to embrace the Brightness' inverts the meaning of 負陰而抱陽 (carry/bear yin on their backs, embrace yang in front); Line 3: 不穀 (bù gǔ) means 'not grain/not worthy' as a term of self-deprecation, not 'carriages without naves' (which confuses it with 轂 gǔ meaning hub/nave); Line 3: 'to have little virtue' is not in the original text; 寡 (guǎ) mean	"The Way gave birth to One; One gave birth to Two; Two gave birth to Three; Three gave birth to the ten thousand things.

The ten thousand things carry yin on th"
tao_te_ching	TTC_MD_048	error	repaired	Line 'The the Way, when brightest seen, seems light to lack' - 明道若昧 means 'the bright/illuminated Way seems dark/obscure', not 'seems light to lack'; Line 'Its highest virtue from the vale doth rise' - 上德若谷 means 'highest virtue is like a valley', not 'rises from the vale'; Line 'Its greatest beauty seems to offend the eyes' - 太白若辱 means 'great whiteness/purity seems sullied/disgraced', not about 	Scholars of the highest class, when they hear about the Way, earnestly carry it into practice. Scholars of the middle class, when they hear about it, seem now t
tao_te_ching	TTC_MD_064	error	repaired	Line 4: '非其神不傷人，聖人亦不傷人' is mistranslated. The structure '非其神不傷人' means 'it is not [only] that the spirits do not harm people' (continuing the negation pattern), followed by '聖人亦不傷人' meaning 'the sage also does not harm people'. The new translation incorrectly renders this as 'It is not that it could not hurt men, but neither does the ruling sage hurt them', which inverts the logic and introduces a	"Governing a great state is like cooking small fish.

When the Way presides over the realm, its spirits lose their numinous power.

It is not that the spirits la"
tao_te_ching	TTC_MD_063	error	repaired	治人事天 mistranslated as 'regulating the human (in our constitution) and rendering service to the heavenly' - 治人 means governing/ruling people, 事天 means serving Heaven, not internal constitution; 嗇 mistranslated as 'moderation' - means frugality/parsimony/conservation, not moderation; 早服 mistranslated as 'early return to man's normal state' - 服 means submission/preparation/mastery, not return to a st	In governing people and serving Heaven, nothing compares to frugality. Only through frugality is there early preparation; early preparation means heavily accumu
tao_te_ching	TTC_MD_054	error	repaired	Line 2-3: '善者，吾善之；不善者，吾亦善之' - the parenthetical '(to me)' is invented and changes meaning; the original refers to people who ARE good/not good, not who are good TO the sage; Line 4: '德善' means 'virtue/power IS goodness' or 'this is the virtue of goodness', not 'thus all get to be good' - the causative/resultative interpretation is added; Line 6: Same issue with '(with me)' - refers to people who A	The sage has no fixed mind; he takes the mind of the hundred families as his mind. Those who are good, I treat as good; those who are not good, I also treat as 
tao_te_ching	TTC_MD_058	error	repaired	Line 1: '介然有知' means 'have even a little knowledge' or 'have but slight knowledge', not 'suddenly become known'. '介然' indicates a small degree, and '知' here is knowledge/understanding, not being known/famous.; Line 1: '唯施是畏' means 'only fear going astray/deviating' (施 = going astray, deviation), not 'fear boastful display'. The fear is of straying from the Way.; Line 3: '朝甚除' refers to the court b	"If I had even the slightest knowledge and walked upon the Great Way, my only fear would be straying from it.

The Great Way is very smooth and level, yet people"
tao_te_ching	TTC_MD_057	error	repaired	Line 1: 'The the Way [dào 道]' - the original text says '天下有始' (under heaven there is a beginning), not 'the Way'. The character 道 does not appear in this line.; Line 2: 'When the mother is found, we know what her children should be' - mistranslates '既知其母，復知其子'. The original means 'having known the mother, then know her children', not prescriptive 'should be'.; Line 3: 'and proceeds to guard (the q	"Under heaven there is a beginning, which serves as the mother of the world.

Once you know the mother, then know her children. Once you know her children, retur"
tao_te_ching	TTC_MD_061	error	repaired	Line 2: '塞其兑，閉其門' - '兑' refers to openings/apertures generally (often mouth), not specifically 'portals of his nostrils'; Line 2: '解其分' is mistranslated as 'unravel the complications of things' - '分' here means 'entanglements/disputes/divisions', not general complications; Line 2: '和其光' translated as 'attemper his brightness' uses archaic/unclear English; more critically, the sense of softening/te	"Those who know do not speak; those who speak do not know.

Block the openings, shut the doors, blunt the sharpness, untangle the knots, soften the glare, merge "
tao_te_ching	TTC_MD_065	error	repaired	Opening phrase '其being [*yǒu* 有]' appears corrupted - the original '大國者下流' means 'A great state is (like) a lower/downstream position', not 'its being'; 'gains them for itself' and 'win it over to them' use wrong directional sense - 取 means 'to take/obtain/win', but the original indicates the small states are obtained/won, not that they gain the great state; 'In the one case the abasement leads to	A great state is like a low-lying place, the confluence of all under Heaven, the female of all under Heaven. The female always overcomes the male through stilln
tao_te_ching	TTC_MD_077	error	repaired	Final sentence inverts the meaning: the original states that those who do NOT use life (do not grasp at/cling to life) are superior to those who value life, but the translation says 'to value it less' which contradicts the structure; The phrase '夫唯無以生為者，是賢於貴生' means 'only those who do not act for the sake of living are wiser than those who value life' - the translation misrepresents this as advice	The people suffer from famine because their superiors consume much in taxes; that is why they are hungry. The people are difficult to govern because their super
tao_te_ching	TTC_MD_066	error	repaired	Line 2: '不善人之所保' means 'what the not-good person preserves/relies upon' not 'not the safeguard of the bad' (negation misplaced); Line 5: '拱璧以先駟馬' means 'presenting jade discs held in both hands preceding a team of four horses' (a ceremonial gift), not 'holds a jade ring to lead a horse'; Line 7: '不曰：以求得，有罪以免耶' is affirmative rhetorical question 'Did they not say: by it one seeks and obtains, by it	The Tao is the mystery of all things. It is the treasure of the good person, and what the not-good person preserves. Beautiful words can be traded in the market
tao_te_ching	TTC_MD_081	error	repaired	天之道，利而不害 is mistranslated as 'With all the sharpness of Heaven's Way' — 利 means 'benefits/aids' not 'sharpness', and the structure is inverted; 聖人之道，為而不爭 is mistranslated as 'with all the doing in the way of the sage' — this misses the parallel structure and obscures the meaning of 'acts but does not contend'	"Sincere words are not beautiful; beautiful words are not sincere.

The good do not argue; those who argue are not good.

Those who know are not broadly learned;"
tao_te_ching	TTC_MD_073	error	repaired	Line 1: 知不知上 means 'to know (one's) not-knowing is superior/best' — the NEW translation inverts this to 'to know yet think we do not know', which reverses the meaning; Line 2: 不知知病 means 'not to know (one's) not-knowing is a disease' or 'to not-know yet (think one) knows is a disease' — the parenthetical gloss is acceptable but the first line error creates confusion; Line 3: 夫唯病病 means 'only by re	To know that one does not know is highest; to not know that one does not know is an affliction. Only by treating this affliction as an affliction can one be fre
tao_te_ching	TTC_MD_071	error	repaired	Line 4 '攘無臂' mistranslated as 'marching without arms' - 攘 means 'to roll up sleeves/push forward' and 臂 means 'arms (limbs)', not weapons; Line 5 '扔無敵' mistranslated as 'throwing without an enemy' - should be 'seizing/grasping without enemy' (扔 here means grasp/seize, not throw); Final line '哀者勝矣' mistranslated as 'the one who mourns the loss of the enemy' - 哀者 means 'the sorrowful/compassionate o	A master of war says: I do not dare to be the host, but rather the guest; I do not dare to advance an inch, but retreat a foot. This is called moving without mo
tao_te_ching	TTC_MD_075	error	repaired	Lines 1-2: The original does not specify 'to do wrong, in defiance of the laws' - it simply contrasts daring (敢) vs not-daring (不敢) without moral qualification about wrongdoing; Line 3: 'When Heaven's anger smites a man' adds the concept of anger (怒) which is not in the original. The original asks about what Heaven dislikes/hates (惡), not about Heaven's anger smiting; Line 3: 'or利or害' (or advantag	Courage in daring leads to death; courage in not daring leads to life. Of these two, one brings benefit and one brings harm. What Heaven dislikes - who knows th
the_book_of_chuang_tzu	ctz_016	error	error_unconfirmed	The phrase 'Goodness led him astray from Tao' appears to invert the meaning - the original suggests Tao was abandoned/departed from in favor of goodness/virtue, not that goodness led away from Tao; The sequence 'Then he discarded natural instinct and took up with the intellectual' may misrepresent the causal flow - the abandonment of Tao and the turn to virtue/goodness is what led to discarding na	Those who exercise their faculties in mere worldly studies, hoping thereby to revert to their original condition; and those who sink their aspirations in mundan
the_book_of_chuang_tzu	ctz_006	error	repaired	Hui Shi's final statement is mistranslated: he says 'you are certainly not a fish, so it is complete/certain that you do not know fish-joy' — affirming Zhuangzi DOES NOT know, not that his 'not-knowing' is complete; Zhuangzi's closing response misrepresents the logical move: he argues that Hui Shi's question 'how do you know' (安知) presupposes he DOES know and only asks about the METHOD/SOURCE, not	Zhuangzi and Huizi were strolling on the bridge over the Hao River. Zhuangzi said, 'The minnows swim out and about so freely — this is the happiness of fish.' H
the_book_of_chuang_tzu	ZHUANGZI_MD_011	error	repaired	Mistranslation of 'chestnuts' - the original uses 'acorns' (橡/櫟實) or more commonly rendered as generic 'nuts' or specifically 'acorns'; Critical omission of the philosophical point about names/words versus reality - the passage illustrates that both name and reality remain unchanged, only the monkeys' emotional response changes; The phrase 'Affect changes everything' inverts or misrepresents the p	The monkey keeper said: 'I'll give you three in the morning and four in the evening.' The monkeys were all angry. So he said: 'All right then, four in the morni
tao_te_ching	TTC_MD_074	error	repaired	民不畏威 means 'people do not fear authority/威' not 'do not fear what they ought to fear' - the original does not contain a normative 'ought'; 大威至 means 'great威/authority will arrive' not 'great dread' - 威 is authority/power, not dread; 無狎其所居 means 'do not encroach upon/narrow their dwelling place' not 'thoughtlessly indulge in ordinary life' - 狎 means to encroach/press upon, 所居 is dwelling place; 無厭其	"When the people do not fear authority, then greater authority will arrive.

Do not encroach upon their dwelling places; do not oppress their livelihood.

Only b"
the_book_of_chuang_tzu	ctz_027	error	repaired	The phrase 'in accord with God' appears multiple times but Chuang Tzu uses 天 (tian/Heaven) not a theistic deity concept; 'equilibrium of God' and 'he who holds the scales is God' impose Western theological framing on 天均 (tianjun, Heavenly Equality/Balance); The passage about fathers and marriage negotiation inverts the logic - the text says praise FROM a father has less value than from others, but	Of words placed in others' mouths, nine out of ten may be accepted. Of words relying on weighty authority, seven out of ten. But words that daily pour forth ane
the_book_of_chuang_tzu	ZZ_005	error	repaired	The NEW TRANSLATION includes extensive material ('When you fast the heart, you do not listen with the ears...' through '...This is the constancy of the Way') that is NOT present in the ORIGINAL passage provided. The ORIGINAL contains only two sentences: 'Wéi dào jí xū. Xū zhě, xīn zhāi yě.' The additional content appears to be from surrounding context but was not included in the passage to be tran	Only the Way gathers in emptiness. Emptiness—that is the fasting of the mind.
the_book_of_chuang_tzu	ctz_032	error	repaired	The phrase 'The truth within not being duly assimilated' is attributed to Lieh Zi but should be Poh Hun Wu Jen's response; The dialogue structure is confused - Lieh Zi's explanation about restaurants taking no payment is followed by what appears to be Poh Hun Wu Jen's analysis, but it's presented as if Lieh Zi is continuing to speak; The transition between speakers is unclear and creates a misattr	When Lieh Zi was traveling to Ch'i, he turned back halfway and returned home. He encountered Poh Hun Wu Jen, who asked him, 'Why have you returned so soon?' Lie
vijnana_bhairava	yukti_006	error	repaired	bhaṅktvā means 'having broken/bent' but is applied to mūrdhāntam (crown/head-top), not to bhrūkṣepasetunā; bhrūkṣepasetunā is instrumental 'by means of the bridge of the eyebrow-throw', not 'breaking through the knot between eyebrows'; sarvordhve is locative 'in/at the highest of all', not a verb 'ascend'; sarvagodgamaḥ is nominative subject 'the arising/emergence of the all-pervading one occurs',	Having quickly filled up to the crown with that (energy), having broken/bent (the prāṇa to the crown) by means of the bridge of the eyebrow-movement, making the
the_cloud_of_unknowing	CLOUD_03	error	repaired	The phrase 'How shall I think on himself' contains a pronoun error - 'himself' should be 'him' (God) or possibly 'it' (referring to God/the divine). The reflexive pronoun 'himself' is incorrect here.; The phrase 'that I would you were in yourself' is ambiguous/awkward - standard translations render this as 'that I would have you be in' or 'that I wish you were in' (meaning the cloud of unknowing),	But now you ask me and say, 'How shall I think on him, and what is he?' And to this I can only answer thus: 'I do not know.' For you have brought me with your q
vajracchedika_diamond_sutra	VAJ_030	error	repaired	The opening phrase 'make ink from world-realms' misinterprets the Sanskrit. The text describes grinding earth-particles from world-systems into ink/powder, not making ink FROM world-realms themselves.; The phrase 'through an exertion as incalculable as, say, an accumulation of atoms' incorrectly renders 'yāvadevamasaṃkhyeyena vīryeṇa tadyathāpi nāma paramāṇusaṃcayaḥ'. This should indicate that the	Again, Subhūti, if some son or daughter of good family were to take all the earth-particles in as many world-systems as there are earth-particles in a three-tho
the_book_of_chuang_tzu	ZHUANGZI_MD_027	error	repaired	The phrase 'not speaking all your life, you never cease speaking' inverts the original meaning, which should indicate that even when not speaking, you have never spoken (or never truly spoken); The final two sentences about where so-ness and not-so-ness come from appear to be circular tautologies in the translation, but the original indicates they arise from their own inherent nature or from affir	Goblet words pour forth daily, harmonizing with the Heavenly Equalizer. Because they move in all directions, they can carry through the years. Without words, al
vijnana_bhairava	yukti_028	error	repaired	The conjunction 'ca' connects 'pināṃ' and 'durbalāṃ' as two simultaneous qualities of śakti, not sequential states ('dense and then as weak'); The phrase structure indicates meditating on śakti that is both dense/full AND weak/attenuated simultaneously in the dvādaśānta, creating a paradoxical awareness, not a temporal sequence	Meditating on the power as both full and weak in the twelve-finger space, entering and meditating in the heart, one becomes liberated and attains autonomy.
vijnana_bhairava	yukti_020	error	repaired	pṛṣṭa-śūnya mistranslated as 'void above' when pṛṣṭa means 'back' (of the body), not 'above'; nirvikalpodaya rendered as 'unconstructed arising' but the compound means 'arising of the thought-free state' or 'emergence of non-conceptual awareness', not a separate arising that is unconstructed	One should contemplate steadily the void at the back, the void at the base, and the void in the heart simultaneously. From being free of thought-constructs in t
vijnana_bhairava	yukti_024	error	repaired	sarvataḥ svaśarīrasya means 'on all sides of one's own body' not 'above one's body on all sides'; dvādaśānte refers to the twelve-finger distance (a specific location in space, typically above the crown), not distributed 'on all sides'; dṛḍhībhūtaṃ tattvalakṣyam is the subject that 'becomes firmly established' or 'becomes solid', not a separate clause 'that which is firm becomes established'; prav	Through the dissolution of mind at the twelve-finger distance on all sides of one's own body, for one of firm understanding, the firmly established Reality-as-g
vijnana_bhairava	yukti_039	error	repaired	kuhana does not mean 'deception' in this context - it refers to a specific yogic technique of breath retention/manipulation, not trickery or deceit; prayoga means 'practice/application' of a technique, not 'application of deception'; the compound kuhanena prayogena refers to 'by the practice of kuhana (a breath technique)', not 'by applying deception'	O doe-eyed one, through the practice of kuhana (breath retention), great bliss suddenly arises, through which reality is illuminated.
vijnana_bhairava	yukti_011	error	error_unconfirmed	kararuddhadṛgastreṇa parsed incorrectly as 'hand-weapon blocking perception' - should be 'by the arrow/weapon of vision blocked by the hand' (pressing eyes with hands/fingers); bhrūbhedād misrendered as 'piercing the eyebrow-center' - bheda here means 'division/space between' not 'piercing', referring to the space between the eyebrows; dvārarodhanāt means 'from closing/blocking the doors (gates)' 	By means of the arrow of vision obstructed by the hand, from the space between the eyebrows, and from the closing of the gates (eyes), when the bindu is seen an
vajracchedika_diamond_sutra	VAJ_014	error	repaired	The phrase 'bhūtasaṃjñā bhūtasaṃjñeti' is mistranslated as 'A perception of non-reality is a perception of reality' — this inverts the meaning. The text states that what is called 'bhūtasaṃjñā' (perception of reality/truth) is actually 'abhūtasaṃjñā' (perception of non-reality/unreality), so the Tathāgata teaches it as 'bhūtasaṃjñā' (conventionally). The translation reverses the terms.; The transl	"Then the venerable Subhūti, moved by the Dharma, shed tears. Wiping away his tears, he said this to the Blessed One: ""Wonderful, Blessed One; supremely wonderfu"
vijnana_bhairava	yukti_042	error	repaired	bharāt mistranslated as 'by filling' when it means 'from the fullness/intensity'; koṭaiḥ mistranslated as 'curves' when it means 'peak/climax'; strīsukhasya rendered as 'joy of woman' but contextually means 'pleasure with a woman' or 'sexual pleasure'; smṛteḥ positioned awkwardly - it modifies bharāt (from the intensity of memory), not as independent 'filling memory'	O goddess, even in the absence of a consort, from the intensity of recollection of sexual pleasure through licking, churning, and at the peak moment, there aris
vijnana_bhairava	yukti_032	error	repaired	The phrase 'bhittis tyaktvā' (abandoning the walls) is incorrectly interpreted as a separate instruction. The correct parsing is 'bhittis tyaktvā vinikṣipet' meaning 'cast [the gaze] into [the vessel] having abandoned/without [regard to] the walls', not 'abandon its walls, let it settle'; The translation adds 'let it settle into the space within' which invents the notion of 'space within' - the or	Fix your gaze upon a well-formed vessel such as a pot, casting it there without regard to the walls. Going immediately to absorption in that, from that absorpti
vijnana_bhairava	yukti_045	error	repaired	The compound 'āsamasaukhyaikatātmanaḥ' is misparsed: 'āsama' means 'unequaled/incomparable', not 'sama' (equal). The negation 'ā-' is dropped.; The genitive 'ekatātmanaḥ' qualifies the yogin who has become one-natured/unified, not a separate result of 'attaining oneness'.; The ablative 'manorūḍheḥ' indicates 'from the arising/ascent of mind', not 'mind becomes established'.	For the yogin who has become one-natured through the incomparable bliss of savoring objects such as song, there is absorption into that, and from the arising of
vijnana_bhairava	yukti_062	error	repaired	Subject confusion: 'mahān' (the great one) is the subject who experiences the arising of knowledge, not 'devi' which is vocative (address to the goddess); The knowledge-flood arises IN/FOR the practitioner (mahān), not in the goddess; 'devi' is vocative case (O Goddess) - an address, not the locus of the arising	O Goddess, for the great one who recites the phoneme 'a' without bindu and without visarga, suddenly a flood of knowledge arises, which is the Supreme Lord.
vijnana_bhairava	yukti_058	error	repaired	The phrase 'viśvādi bhairavaṃ rūpaṃ' is mistranslated. 'viśvādi' means 'the universe etc.' or 'beginning with the universe', not a continuation of the list of what is known. The structure indicates that the universe etc. IS the form of Bhairava, not that one should know the previously listed items AS the form of Bhairava.; The syntax breaks the verse incorrectly. The first three items (limited kno	Whatever is known produces duality—external light and then darkness. Knowing that the universe and all else are the very form of Bhairava, one becomes the beare
vijnana_bhairava	yukti_066	error	repaired	cittādyantaḥkṛtir is mistranslated as 'mental apparatus' when it means 'the activity/functioning from beginning to end of citta' or 'the entire range of mental operations'; The compound cittādyantaḥkṛtir should be parsed as citta-ādi-anta-kṛtiḥ (the activity from beginning to end of mind), not citta-ādy-anta as a single unit meaning 'mental apparatus'; mamāntar is 'within me/in my interior' but th	One should contemplate thus: 'The entire activity of mind from beginning to end does not exist within me.' Through the absence of thought-constructs, one become
vijnana_bhairava	yukti_067	error	repaired	The phrase 'kalāyāḥ kalanaṃ' is mistranslated as 'effecting of the limited powers' when it means 'the limiting/particularizing function of kalā (the tattva of limited agency)'; The compound 'ityādidharmaṃ tattvānāṃ' means 'such properties/characteristics of the tattvas' (referring back to the example given), not 'primordial property'; The instruction 'kalayan' (contemplating/reflecting upon) is re	Māyā is called 'the bewilderer'; the limiting function belongs to kalā. Contemplating in this manner the characteristics of the tattvas beginning with these, on
vijnana_bhairava	yukti_077	error	repaired	The phrase 'naiva sarvagataṃ jātam' is negated ('na eva') meaning 'has not become all-pervasive/omnipresent', but the translation renders it as 'have not become limited to any one place' which inverts the meaning - the original states these have NOT become omnipresent, not that they are unlimited; The contemplation instruction 'bhāvayan' should be about recognizing/contemplating that consciousness	Whatever consciousness exists in a pot and such objects, or desire and other [faculties] within me — [recognizing that] none of these has become all-pervasive, 
vijnana_bhairava	yukti_084	error	repaired	ādhāreṣv athavā 'śaktyā is mistranslated as 'through incapacity regarding the loci' when it should mean 'in the supports/centers, or through powerlessness/inability'; The compound jātaśaktisamāveśakṣobhānte is misparsed - jātaśakti should modify samāveśa as 'absorption when energy has arisen', not 'absorption into the energy that has arisen'; The causal relationship between ajñāna and cittalaya is	In the supports (ādhāras), or through powerlessness (aśaktyā), through unknowing (ajñāna), or through dissolution of mind (citta-laya) — at the end of the agita
vijnana_bhairava	yukti_091	error	repaired	Incorrect parsing of 'dṛṣṭe deśe' - should be locative 'in the seen/visible place' not 'in the seen place' as object of remembering; Misunderstanding of compound structure: 'vastuṣu smaryamāṇeṣu dṛṣṭe deśe' means 'when objects are being remembered, in the visible/seen place' - the visible place is where one abandons the mind, not where things are seen; Subject confusion: 'prabhuḥ' (the Lord/master	When objects are being remembered, abandon the mind in the visible realm. Making one's own body without support, consciousness expands as the master.
vijnana_bhairava	yukti_089	error	error_unconfirmed	tanmātra misidentified as 'mere sensation-objects' when it means 'subtle elements' or 'essence-only'; tanmātradharmitvāt misconstrued as 'possesses the nature of mere sensation-objects' rather than 'due to having the nature/property of tanmātra (subtle essence)'; cillayāt rendered as 'dissolves into Awareness' but cillaya means 'dissolution/merging of consciousness' not dissolution INTO consciousn	Wherever the Consciousness of the all-pervasive One is revealed through the pathway of the senses, because of its nature as pure essence (tanmātra), through the
vijnana_bhairava	yukti_103	error	repaired	The phrase 'pratipattiprasaṅgataḥ' means 'from the abandonment/relinquishment of determinations' not 'from the occurrence of determinations' - this is a critical inversion of meaning; The technique instructs abandoning/letting go of such notions as 'I' and 'mine', not their occurrence or arising	Through the abandonment of such cognitions as 'I' and 'this is mine,' the mind goes without support. Impelled by meditation on that [supportless state], one bec
vijnana_bhairava	yukti_111	error	repaired	Mathematical error: 'dvādaśābhyadhikaṃ śatam' means 'a hundred increased by twelve' (112 total), but the phrase structure indicates the hundred teachings themselves are being described as 'increased by twelve', not that twelve additional teachings exist beyond a hundred; The compound 'nistaraṅgopadeśānām' (of the teachings of/for becoming waveless) is correctly rendered, but the quantification log	One hundred and twelve teachings for becoming waveless have been stated concisely, O Goddess. Having known these, a person becomes a knower of knowledge.
vijnana_bhairava	yukti_109	error	repaired	The phrase 'sarveṇātmā prakāśakaḥ' is mistranslated as 'the self illuminates everything through everything' - 'sarveṇa' (instrumental) means 'by all/everything' not 'through everything', and the sense is that the self illuminates by means of all things or in all things; The final clause 'jñānaṃ jñeyaṃ vibhāvyate' is incorrectly rendered as 'the knowable is contemplated as one consciousness' - this	Knowledge is the illuminator of all; the Self is the illuminator by means of all. Because of the oneness of essential nature, knowledge and the knowable are to 
yoga_spandakarika	SP_08	error	repaired	Critical negation error: 'nijāśuddhyāsamarthasya' means 'of one INCAPABLE of self-purification' (a-samartha = not capable), but translated as 'capable of his own purification'; The compound 'nija-āśuddhi-asamartha' is incorrectly parsed; should be 'nija-āśuddhi-a-samartha' = incapable of one's own purification	When the agitation of one who is incapable of self-purification and desirous of actions to be done subsides, then the supreme state arises.
yoga_spandakarika	SP_19	error	repaired	The compound 'labdhātmalābhaḥ' is misread. It should be parsed as 'labdha-ātma-lābhaḥ' meaning 'one who has attained self-attainment' (a bahuvrīhi compound describing the knower), not as a separate predicate 'bring about the attainment of the self'; The subject-predicate relationship is inverted. The guṇa-spanda outflows are the subject that 'become non-obstructive' (aparipanthinaḥ), not the knowe	The outflows of the spanda of the guṇas and so forth, because of their dependence on the universal spanda, are always non-obstructive for the knower who has att
yoga_spandakarika	SP_06	error	repaired	Verse 6: 'sahāntareṇa cakreṇa' means 'together with the inner wheel' not 'wheel that encompasses'; 'antareṇa' = inner/interior; Verse 6: 'pravṛttisthitisaṃhṛtiḥ' refers to the three phases of the inner wheel (emergence-maintenance-withdrawal), not 'contraction, maintenance, and expansion'; Verse 7: 'tatprayatnena' means 'by effort toward that' not 'through earnest inquiry into that'; Verse 7: 'par	Verse 6: Because this aggregate of faculties, though confused, functions of itself as if unconfused, together with the inner wheel of emergence, maintenance, an
yoga_spandakarika	SP_07	error	repaired	Verse 6: 'appears of itself as unbewitched' misses the key point that the faculties act AS IF unconfused (like an unconfused person) despite being confused; Verse 6: 'together with the wheel of the other' is vague; 'antara' here refers to the inner wheel/cycle of prāṇa or internal energies; Verse 7: 'Through that very effort' misinterprets 'tatprayatnena' - it means through the effort OF THAT (the	Verse 6: Because this aggregate of faculties, though confused, acts by itself like one who is unconfused, along with the inner wheel (of prāṇa), there is emerge
vijnana_bhairava	yukti_102	error	error_unconfirmed	bhayā is mistranslated as 'supports' when it means 'from whom (all beings) fear' or 'from fear (of whom)' - ablative case indicating source of fear/reverence; ravayati is mistranslated as 'produces' when it means 'causes to cry out/sound' or 'makes (all) resound'; The etymology being explained is BHA-RA-VA as components of BHAIRAVA, not a general description	From fear of whom (bhayā) all things cry out (ravayati), who gives all (sarvadaḥ), and who pervades (vyāpakaḥ) the entire universe (akhile)—through the constant
yoga_spandakarika	SP_20	error	repaired	The compound 'svasthitisthaganodyatāḥ' is mistranslated. 'gana' here refers to the multitude/host of beings or states, and 'udyata' means 'engaged in/intent upon'. The phrase means 'intent upon going/moving in the multitude of their own states', not 'impelled by vibration (spanda)'.; The term 'spanda' does not appear in this verse. The translator has incorrectly inserted 'spanda' as the meaning of	But those whose intellect is unawakened, intent upon moving through the multitude of their own states, cast themselves down into the terrible, difficult-to-cros
yoga_spandakarika	SP_17	error	repaired	The phrase 'tadādyante parasya tu' is mistranslated. 'Tadādyante' means 'at its beginning and end' (referring to the three states), not 'at the beginning and end of all states'. The construction 'parasya tu' indicates a contrast: for the supreme/highest (being), the perception exists only at the beginning and end (of the three states), whereas for the well-awakened it is constant throughout.; The 	The perception of that [spanda] is constant and unfailing in the three states, and is perpetual for one who is well-awakened. But for the Supreme, [it exists] a
yoga_spandakarika	SP_28	error	repaired	yasmāt sarvamayo jīvaḥ mistranslated as 'all-pervading' when sarvamaya means 'consisting of all/made of all'; sarvabhāvasamudbhavāt mistranslated as 'all things arise from that' when it means 'because of arising from all states/entities' - the jīva arises from all, not all from jīva; tatsaṃvedanarūpeṇa wrongly rendered as 'through the recognition of that all-pervading nature' when it means 'in the	Because the individual self consists of everything, due to its arising from all states of existence, through the form of awareness of that, there is the attainm
yoga_spandakarika	SP_25	error	error_unconfirmed	The syntax 'prabuddhaḥ syād anāvṛtaḥ' is incorrectly parsed. 'Syād' (optative 'would be/becomes') applies to the subject becoming 'prabuddha' and 'anāvṛta', not describing an already-awakened one who remains uncovered.; The compound 'sauṣuptapadavat' modifies 'mūḍhaḥ' but the translation reverses the logical flow: the mūḍha (deluded one) is compared to the state of deep sleep, while the same perso	Then, in that great void when the moon and sun have dissolved, one who is deluded, like one in the state of deep sleep, would become awakened and uncovered.
yoga_spandakarika	SP_35	error	repaired	Verse 34: The logic is inverted. The original states 'anyathā tu svatantrā syāt sṛṣṭiḥ' meaning 'otherwise creation WOULD BE autonomous' (a hypothetical absurdity being rejected). The translation renders it as 'if [consciousness] were not autonomous' which reverses the conditional structure.; Verse 34: 'taddharmakatvataḥ' means 'because of having that (consciousness's) nature/property' - the point	34. Otherwise, creation itself would be autonomous, because it would possess that [consciousness's] characteristic nature — just as constantly for an ordinary p
yoga_spandakarika	SP_29	error	repaired	Verse 28: 'sarvamayo' means 'consisting of all/everything' not 'all-pervading'; 'sarvabhāvasamudbhavāt' means 'because of arising from all states/entities' not 'arising from the emergence of all states'; 'tatsaṃvedanarūpeṇa' means 'through the form of consciousness/awareness of that' not 'through the form of experiencing that emergence'; Verse 29: 'na sāvasthā na yā śivaḥ' is critically mistransla	28. Because the individual soul consists of everything, due to arising from all states of existence, through the form of awareness of that [totality], there is 
yoga_spandakarika	SP_23	error	repaired	Verse 24: 'adhvan' means 'path' not 'downward course' - the compound 'sauṣumne 'dhvani' means 'in the suṣumnā path/channel'; Verse 24: 'astamita' means 'set' or 'disappeared/vanished' (like sunset), not 'abandoning' - it describes the state of the sun and moon; Verse 24: The syntax is misread - 'sauṣumne 'dhvani astamitaḥ' forms a unit meaning 'having set/disappeared in the suṣumnā path'; Verse 24	Verse 23: Resting upon whatever state he may speak to me about, [the disciple] stands with the resolve: 'I shall certainly do that.' Verse 24: Taking refuge in 
yoga_spandakarika	SP_34	error	repaired	The term 'spanda' does not appear in verse 33 - the subject that reveals desired objects is implied to be the same 'dhātā' (creator/ordainer) from verse 1; The phrase 'nityaṃ sphuṭataraṃ madhye sthitaḥ' (eternally stationed in the middle, more clearly/luminously) modifies the revealer/dhātā, not 'spanda' which is absent from this verse; The translation incorrectly inserts 'spanda' as the subject w	Just as the creator, when desired by one who is awake, brings forth objects situated in the heart of the embodied one by producing the rising of sun and moon, s
yoga_spandakarika	SP_24	error	repaired	Verse 23: 'yad ayam mama vakṣyati' is mistranslated as 'Whatever this [teacher] will tell me' - 'ayam' (this one) refers to the practitioner's own mind/self, not a teacher. The correct sense is 'whatever this [mind/self] will speak/express to me'; Verse 24: 'astamito' (having set/disappeared) is mistranslated as simply part of the description. The verse describes the moon and sun setting/disappear	Taking hold of that state, [thinking] 'Whatever this one will tell me, that I shall certainly do'—thus resolving, he remains. (23) Relying on that [state], thro
yoga_spandakarika	SP_33	error	repaired	The subject 'dhātā' (creator) is incorrectly carried over to the second half; the original does not specify who illuminates in dream state; The term 'spanda' is inserted but does not appear in the original Sanskrit text of this verse; 'sthitaḥ' (abiding/situated) refers to the subject that illuminates, not explicitly identified as 'spanda' in this verse; The phrase 'sampādayati dehinaḥ' means 'acc	Just as the creator, when entreated according to desire, brings about for the waking embodied being the objects situated in the heart by producing the rising of
yoga_spandakarika	SP_40	error	repaired	aparodayaḥ means 'non-arising of the other' or 'absence of another arising' (apa-uda-ya), not 'arising of the other'; The translation inverts the core meaning: the text states that when absorbed in one thought, there is NO arising of another thought, which IS the unmeṣa (emergence of consciousness); The causal relationship is misconstrued: the non-arising of other thoughts is itself identified as 	For one who is absorbed in a single thought, there occurs the non-arising of another. That itself should be understood as the unfolding (unmeṣa); one should rec
yoga_spandakarika	SP_39	error	repaired	The phrase 'tasyāścājñānataḥ sṛtiḥ' refers to the arising/movement (sṛti) of 'that' (tasya = weakness/trembling) FROM ignorance, not 'arise from ignorance as their cause' which conflates the subject; The conditional 'tad unmeṣaviluptaṃ cet' means 'if THAT is dissolved by unmeṣa', where 'that' refers back to the ignorance (ajñāna), not the weakness; The final question 'kutaḥ sā syād ahetukā' asks h	Weakness and trembling in the body—their movement arises from ignorance. But if that [ignorance] is dissolved through the opening [of consciousness], how could 
yoga_spandakarika	SP_51	error	repaired	The subject of 'niyacchan' (controlling/restraining) is misidentified. The practitioner controls the dissolution and emergence, not that they come under control passively.; The sequence is inverted: by controlling (niyacchan) the dissolution and emergence, one attains enjoyership (bhoktṛtām eti), and THEN (tataḥ) becomes lord of the wheel. The translation makes it seem like controlling leads to en	When one is firmly established in that one [reality], then by restraining the dissolution and arising of that [reality], one attains the state of experiencer, a
yoga_spandakarika	SP_50	error	repaired	tanmātrodayarūpena does not mean 'arise merely as subtle elements' but 'in the form of the arising of tanmātras (subtle elements)'; mano 'haṃbuddhivartinā modifies puryaṣṭakena, describing the puryaṣṭaka as 'consisting of mind, ego-sense, and buddhi', not as separate arising entities; saṃruddhas (obstructed/confined) is the main predicate - the subject (likely puruṣa/Self) is obstructed BY the pur	Obstructed by the puryaṣṭaka (eight-fold city) consisting of mind, ego-sense, and intellect, which operates in the form of the arising of the subtle elements (t
yoga_spandakarika	SP_46	error	repaired	satatotthitāḥ means 'constantly arisen/ever-present' modifying śaktayaḥ, not 'arise from concealment'; yataḥ means 'because/since' introducing a reason, not 'because of this' referring back; śabdānuvedhena means 'through/by means of penetration by sound', not 'sequence of sound'; The causal logic is inverted: the verse explains that powers are ever-active in concealing svarūpa, and therefore cogni	And in the concealment of his essential nature, the powers remain constantly active, because the arising of cognition does not occur without penetration by soun
yoga_spandakarika	SP_49	error	repaired	tanmātrodayarūpena does not mean 'arise merely as subtle elements' but 'in the form of the arising of tanmātras (subtle elements)'; mano 'haṃbuddhivartinā modifies puryaṣṭakena, describing the puryaṣṭaka as 'consisting of mind, ego-sense, and buddhi', not as separate arising entities; saṃruddhas (obstructed/confined) is the main predicate - the subject (likely puruṣa/Self) is obstructed BY the pur	Obstructed by the puryaṣṭaka (eight-fold city) consisting of mind, ego-sense, and intellect, which operates in the form of the arising of the subtle elements (t
yoginihrdaya	YH_009	error	repaired	Verse 19: 'śāntas trikoṇaṃ' refers to the triangle belonging to śānta-kalā, not 'shares in pure consciousness'. 'cidaṃśaṃ' modifies the triangle as belonging to the cit-portion/śānta.; Verse 20: 'śāntyaṃśa-dvidaśāram' means 'the two ten-pointed (figures) of the śānti portion', but 'bhuvanārakam' (fourteen-pointed) is separate, not grouped with śānti.; Verse 20: The eight-petaled lotus is described	The square is the form of Jyeṣṭhā; the threefold circle is the form of Vāmā. The triangle is of the cit-portion, belonging to śānta; the eight-pointed figure be
yoginihrdaya	YH_008	error	repaired	Verse 14: 'aṣṭārastham' means 'situated/abiding in the eight-spoked (wheel)' or 'eight-rayed', not 'eight-triangle figure'; Verse 15: 'śaktyādinavaparyanta' means 'from śakti up to the ninth' (nine phonemes total starting with śakti), not 'from the one before śakti to the ninth thereafter' which would be ten phonemes; Verse 16: 'bhūtatanmātradaśaka' refers to the ten principles (five gross element	This [form], grown from the seat of the bindu, is the fire of dissolution, the spark of consciousness — it is the very form of Ambikā, abiding in the eight-raye
dōgen_shōbōgenzō	DOG_006	sound	sound		
dōgen_shōbōgenzō	DOG_001	sound	sound		
dōgen_shōbōgenzō	DOG_002	sound	sound		
dōgen_shōbōgenzō	DOG_007	sound	sound		
dōgen_shōbōgenzō	DOG_008	sound	sound		
dōgen_shōbōgenzō	DOG_003	minor	minor	休歇 (kyūketsu) means 'cessation' or 'stopping/resting' not 'cannot be grasped' - the translation inverts the meaning from 'a trace of realization that has ceased/come to rest' to 'cannot be grasped'; 長長出ならしむ (chōchō idenarashimu) means 'to cause to emerge/appear continuously' but the subject-object relationship is unclear in the translation - it should indicate causing this ceased trace to continuo	To study the Buddha Way is to study the self. To study the self is to forget the self. To forget the self is to be verified by the myriad dharmas. To be verifie
heraclitus_fragments	HFR_P003	sound	sound		
dōgen_shōbōgenzō	DOG_012	sound	sound		
heraclitus_fragments	HFR_P005	sound	sound		
heraclitus_fragments	HFR_P006	sound	sound		
heraclitus_fragments	HFR_P012	minor	minor	ἀγέλαστα means 'unlaughing/unsmiling/mirthless' not 'solemn'; ἀκαλλώπιστα means 'unadorned/unembellished' which is captured; ἀμύριστα means 'unperfumed/unanointed' not 'rude'	
heraclitus_fragments	HFR_P008	sound	sound		
heraclitus_fragments	HFR_P017	sound	sound		
heraclitus_fragments	HFR_P013	sound	sound		
heraclitus_fragments	HFR_P014	sound	sound		
heraclitus_fragments	HFR_P018	sound	sound		
heraclitus_fragments	HFR_P016	sound	sound		
heraclitus_fragments	HFR_P029	sound	sound		
heraclitus_fragments	HFR_P028	sound	sound		
heraclitus_fragments	HFR_P034	minor	minor	The phrase 'αἳ πάντα φέρουσι' means 'which bring all things' or 'which carry/bear all things' - the seasons bring/produce all things, not that they themselves are produced; Minor awkwardness: 'being overseer and guardian to limit' - the infinitives (ὁρίξειν, βραβευειν, etc.) depend on 'being overseer' but the syntax could be clearer	Time, having a necessary connection and fitting-together with the heavens, is not simply motion but, as has been said, motion in an order possessing measure and
heraclitus_fragments	HFR_P039	sound	sound		
heraclitus_fragments	HFR_P041	sound	sound		
heraclitus_fragments	HFR_P040	sound	sound		
heraclitus_fragments	HFR_P045	sound	sound		
heraclitus_fragments	HFR_P046	sound	sound		
heraclitus_fragments	HFR_P047	sound	sound		
heraclitus_fragments	HFR_P048	sound	sound		
heraclitus_fragments	HFR_P049	sound	sound		
heraclitus_fragments	HFR_P052	minor	minor	'hurtful' weakens the force of ὀλέθριον which means 'deadly/destructive' not merely harmful	
heraclitus_fragments	HFR_P050	sound	sound		
heraclitus_fragments	HFR_P051	sound	sound		
heraclitus_fragments	HFR_P056	sound	sound		
heraclitus_fragments	HFR_P060	sound	sound		
heraclitus_fragments	HFR_P063	sound	sound		
heraclitus_fragments	HFR_P069	minor	minor	The citation 'Hierocles in Aur. carm. 24' is source attribution metadata, not part of the fragment's translation	
heraclitus_fragments	HFR_P068	sound	sound		
heraclitus_fragments	HFR_P074	sound	sound		
heraclitus_fragments	HFR_P079	sound	sound		
heraclitus_fragments	HFR_P084	sound	sound		
heraclitus_fragments	HFR_P088	sound	sound		
heraclitus_fragments	HFR_P085	sound	sound		
heraclitus_fragments	HFR_P086	sound	sound		
heraclitus_fragments	HFR_P093	sound	sound		
heraclitus_fragments	HFR_P095	sound	sound		
heraclitus_fragments	HFR_P092	sound	sound		
heraclitus_fragments	HFR_P094	sound	sound		
heraclitus_fragments	HFR_P098	sound	sound		
heraclitus_fragments	HFR_P100	sound	sound		
heraclitus_fragments	HFR_P101	sound	sound		
heraclitus_fragments	HFR_P105	minor	minor	'its life' is ambiguous - the Greek 'ψυχῆς' (soul/life) lacks a possessive pronoun, and the subject of 'buys' is thymos (passion/spirit), creating potential confusion about whose soul/life is the price	
heraclitus_fragments	HFR_P104	sound	sound		
heraclitus_fragments	HFR_P107	sound	sound		
heraclitus_fragments	HFR_P106	minor	minor	'learn self-control' suggests acquiring sophrosyne as a skill, whereas 'sōphronein' means to exercise/practice sound-mindedness or to be of sound mind—it is the active practice of sophrosyne rather than its acquisition	
heraclitus_fragments	HFR_P108	sound	sound		
heraclitus_fragments	HFR_P109	sound	sound		
heraclitus_fragments	HFR_P110	sound	sound		
heraclitus_fragments	HFR_P111	sound	sound		
heraclitus_fragments	HFR_P112	sound	sound		
heraclitus_fragments	HFR_P113	sound	sound		
heraclitus_fragments	HFR_P122	sound	sound		
heraclitus_fragments	HFR_P124	minor	minor	λῆναι (lēnai) refers to female participants in Bacchic rites (maenads/bacchantes), not 'revelers in wine' which is interpretive and loses the specific cultic reference; The citation 'CX X.—Seneca, Epist. 12' appears to be source attribution rather than part of the translation itself	
heraclitus_fragments	HFR_P126	minor	minor	'prattle with the houses' slightly obscures the sense: the Greek λεσχηνεύοιτο τοῖς δόμοισι means to converse/chat with houses (buildings), emphasizing the absurdity of addressing inanimate structures; 'prattle' captures some dismissiveness but 'with' is less precise than the dative construction implies	
meister_eckhart	ECK_001	sound	sound		
meister_eckhart	ECK_011	sound	sound		
meister_eckhart	ECK_012	minor	minor	The phrase 'No one is better glad' awkwardly renders 'Ez enist nieman baz gemeit' — while technically capturing the comparative sense, 'gemeit' means 'disposed/situated' rather than 'glad'; Minor omission: the clause about sowing in the flesh vs. spirit ('swer in dem vleische sæjet...der snîdet abe den êwigen tôt') is completely omitted; The phrase 'lets God be known' for 'tuot got erkennen' is ac	
pseudo_dionysius	PD_001	minor	minor	The phrase 'the most obscure makes super-manifest' inverts the sense: the Greek 'ἐν τῷ σκοτεινοτάτῳ τὸ ὑπερφανέστατον' means 'in the most dark/obscure [place/context], the most super-manifest [thing exists/shines]' — not that obscurity makes something manifest, but that the most manifest thing dwells within the most obscure darkness	O Trinity beyond essence and beyond divinity and beyond goodness, guardian of the divine wisdom of Christians, guide us toward the super-unknown and super-lumin
pseudo_dionysius	PD_004	sound	sound		
pseudo_dionysius	PD_006	sound	sound		
pseudo_dionysius	PD_005	sound	sound		
pseudo_dionysius	PD_DN_03	minor	minor	The phrase 'ἀδυνάτως ἀπαυθαδιζομένους' means 'presumptuously straining impossibly/beyond their power' - the NEW translation omits the sense of 'impossibly/beyond capacity' which is important to the meaning; The phrase 'ἐκ τῆς ἐπὶ τὸ χεῖρον ὑφέσεως' means 'from/through a slackening/relaxation toward the worse' - 'lower inclination' somewhat weakens the sense of active slackening or falling away; Th	
pseudo_dionysius	PD_DN_01	minor	minor	The phrase 'Acknowledging this truth, let us lift up our eyes toward the steep height' adds an interpretive element not present in the Greek, which says 'we must attribute the super-essential knowledge to it (the unknowing/super-essence), stretching upward to the heights'; The phrase 'effluent light' is unusual; the Greek ἀκτίς means 'ray' or 'beam' more straightforwardly; The phrase 'let us gird 	
pseudo_dionysius	PD_DN_05	sound	sound		
pseudo_dionysius	PD_DN_04	minor	minor	The phrase 'ὑπὸ τῶν λογίων ὑμνεῖσθαι' means 'hymned/celebrated BY the Scriptures/oracles' not 'hymned IN Scripture' - the agent is the Scriptures themselves, not just the location; The final sentence is incomplete - it omits the concluding clause 'Καὶ γοῦν... τὴν ὑπερηνωμένην ἑνάδα' which warns that denying this leads to blasphemy and unlawful division of the super-unified unity	The whole existence of the divine principle, whatever it is, is defined and manifested by absolute goodness itself and is hymned by the Scriptures. For what els
pseudo_dionysius	PD_MT_01	sound	sound		
pseudo_dionysius	PD_MT_04	sound	sound		
pseudo_dionysius	PD_MT_03	minor	minor	The phrase 'it is not without reason' is weaker than the original 'οὐχ ἁπλῶς' which means 'not simply/casually' - suggesting something more significant than mere reason; The translation 'blessed Moses' for 'θεῖος Μωϋσῆς' should be 'divine Moses' - θεῖος means divine, not blessed; The phrase 'presses forward' is somewhat interpretive for 'φθάνει' which more directly means 'arrives at/reaches'; The 	
pseudo_dionysius	PD_MT_08	sound	sound		
pseudo_dionysius	PD_MT_06	minor	minor	The phrase 'οὔτε ἀδύναμός ἐστιν, αἰσθητοῖς ὑποκειμένη συμπτώμασιν' is rendered as 'or any weakness through the tyranny of material contingencies' — 'tyranny' is not present in the Greek; the phrase means 'being subject to sensible accidents/contingencies'; The phrase 'οὔτε ἐν ἐνδείαι ἐστὶ φωτός' is rendered as 'or any lack of light' — while technically accurate, the standard rendering recognizes t	We say, therefore, that the Cause of all things and that which is above all things is neither without being nor without life, neither without reason nor without
rūmī_mathnawī_yi_maʿnawī	RUM_001	sound	sound		
rūmī_mathnawī_yi_maʿnawī	RUM_002	sound	sound		
rūmī_mathnawī_yi_maʿnawī	RUM_003	sound	sound		
rūmī_mathnawī_yi_maʿnawī	RUM_007	sound	sound		
rūmī_mathnawī_yi_maʿnawī	RUM_004	sound	sound		
rūmī_mathnawī_yi_maʿnawī	RUM_006	sound	sound		
rūmī_mathnawī_yi_maʿnawī	RUM_013	sound	sound		
rūmī_mathnawī_yi_maʿnawī	RUM_009	minor	minor	The phrase 'ای گزیننده اله' (O God who chooses/selects) is rendered as 'O God who chooses' but the vocative structure suggests 'O Chooser-God' or 'O God, the Chooser'; The line 'ای بیادت هیهی و هیهای من' (O for Your remembrance/mention are my cries and calls) is completely omitted; The final two lines asking 'Moses said: To whom are you saying this, O so-and-so?' and the shepherd's rambling manner	Moses saw a shepherd on the road who was saying: 'O God, the Chooser, where are You that I may become Your servant, patch Your sandals, comb Your hair, wash You
rūmī_mathnawī_yi_maʿnawī	RUM_015	sound	sound		
rūmī_mathnawī_yi_maʿnawī	RUM_014	sound	sound		
rūmī_mathnawī_yi_maʿnawī	RUM_020	sound	sound		
rūmī_mathnawī_yi_maʿnawī	RUM_016	minor	minor	Line 3468: 'کر و فر' (kar o far) means 'glory and splendor/majesty' not 'excellence and power'; Line 3470: 'the treasury opened' is passive/intransitive, but original 'خزینه باز کرد آن ارجمند' means 'that noble one (the king) opened the treasury' - agent omitted; Line 3471: 'the treasury opened' should be 'then that noble one opened the treasury' to preserve the subject	
rūmī_mathnawī_yi_maʿnawī	RUM_021	sound	sound		
rūmī_mathnawī_yi_maʿnawī	RUM_019	sound	sound		
tao_te_ching	TTC_MD_001	sound	sound		
tao_te_ching	TTC_MD_007	sound	sound		
tao_te_ching	TTC_MD_004	minor	minor	弱 (ruò) means 'weak/soft' not 'hard' - the phrase '弱之勝強' should be 'the weak overcomes the strong' not 'the soft overcomes the hard'; The pinyin annotation shows *ruò* 弱 but translates it as 'hard' which inverts the meaning	"Nothing in the world is as yielding and soft as water, and yet nothing surpasses it in overcoming what is hard and strong — nothing can replace it in this.

Tha"
rūmī_mathnawī_yi_maʿnawī	RUM_022	sound	sound		
tao_te_ching	TTC_MD_008	sound	sound		
tao_te_ching	TTC_MD_012	sound	sound		
tao_te_ching	TTC_MD_006	minor	minor	Line 'in giving: be like heaven's kindness' - the character 與 (yǔ) means 'associating with/relating to others' not 'giving'; 善仁 means 'good at benevolence/kindness' in relationships, not giving; Line 'in mind: be like an abyss' - while 淵 does mean abyss/deep pool, the standard interpretation is that the mind should be deep/profound like still deep water, not merely 'like an abyss' which misses the	"Supreme goodness is like water.
Water excels at benefiting the ten thousand things without contending.
It dwells in places that people disdain — therefore it ap"
tao_te_ching	TTC_MD_011	minor	minor	Final clause '不足以取天下' means 'insufficient to TAKE/WIN the world' not 'hold the world' — the verb 取 (take/obtain) is consistent throughout, not a shift to holding/keeping	In pursuing the Way, daily diminish. Diminish and diminish again, until reaching non-action. Through non-action, nothing remains undone. Taking the world is alw
tao_te_ching	TTC_MD_010	sound	sound		
tao_te_ching	TTC_MD_021	sound	sound		
tao_te_ching	TTC_MD_018	sound	sound		
tao_te_ching	TTC_MD_022	sound	sound		
tao_te_ching	TTC_MD_014	minor	minor	不肖 (bù xiào) means 'not resembling/unlike' or 'unworthy' rather than 'failure' - the sense is more about appearing unlike/dissimilar to conventional greatness; 成器長 (chéng qì zhǎng) means 'become leader/chief of vessels' or 'become the chief instrument' - 'lasting growth' misses the leadership/preeminence aspect of 長 (zhǎng, leader/chief)	All under heaven say I am great, yet seem unlike anything else. Precisely because I am great, I seem unlike anything. If I resembled something, I would long ago
tao_te_ching	TTC_MD_017	sound	sound		
tao_te_ching	TTC_MD_029	sound	sound		
tao_te_ching	TTC_MD_031	sound	sound		
tao_te_ching	TTC_MD_033	sound	sound		
tao_te_ching	TTC_MD_027	sound	sound		
tao_te_ching	TTC_MD_023	sound	sound		
tao_te_ching	TTC_MD_036	sound	sound		
tao_te_ching	TTC_MD_026	minor	minor	Line '儼兮其若容' translated as 'solemn, as if a guest' - the character 容 (guest/receiving) is present but 'solemn' for 儼 is acceptable though 儼兮其若容 more commonly rendered as 'grave/dignified as if a guest' or 'respectful'; Line '孰能安以久動之徐生' translated as 'make the settled, through prolonged movement' - 安 typically means 'still/at rest/tranquil' rather than 'settled', though the overall sense of stillne	
tao_te_ching	TTC_MD_038	sound	sound		
tao_te_ching	TTC_MD_039	sound	sound		
tao_te_ching	TTC_MD_046	sound	sound		
tao_te_ching	TTC_MD_043	sound	sound		
tao_te_ching	TTC_MD_045	sound	sound		
tao_te_ching	TTC_MD_049	sound	sound		
tao_te_ching	TTC_MD_048	minor	minor	太白若辱: translated as 'Great purity seems sullied' but 太白 means 'great whiteness' not 'great purity'; 建德若偷: translated as 'Established virtue seems furtive' but 偷 here means 'lax/slack' not 'furtive/stealthy'; 大音希聲: translated as 'The great sound is seldom heard' but 希聲 means 'rare/faint sound' not 'seldom heard' - the emphasis is on the quality of sound being faint/inaudible rather than frequency o	
tao_te_ching	TTC_MD_052	minor	minor	'battlegrounds' (郊) should be 'suburbs/outskirts' - the point is war horses breed near the capital due to constant military mobilization, not literally on battlefields	
tao_te_ching	TTC_MD_047	minor	minor	Line '侯王得一以為天下貞' - '貞' typically means 'correct/upright standard' or 'rectifier' rather than just 'standard'; Line '其致之' - '其致之' means 'pushing it to the extreme' or 'carrying it to its conclusion', not 'what brings this about'; Line '侯王無以貴高將恐蹶' - missing '以' between 貴高, should convey 'no means by which to be noble and high' with the consequence structure clearer; Line '故致數譽無譽' - '致數譽' means 'accu	
tao_te_ching	TTC_MD_057	sound	sound		
tao_te_ching	TTC_MD_056	minor	minor	亭之毒之 is rendered as 'shelters them and enriches them' but 亭 typically means 'to settle/establish' and 毒 here means 'to ripen/mature' (not enrich), creating a slight meaning shift; 養之覆之 rendered as 'nourishes them and covers them' is acceptable but 覆 carries the sense of 'protects/shelters' more than merely 'covers'	
tao_te_ching	TTC_MD_054	minor	minor	歙歙 (xīxī) is typically rendered as 'draws in/contracts' or 'humble/unassertive' rather than 'cautious and reverent'; 渾其心 means the sage 'muddles/blends/merges their (the people's) hearts' - the subject-object relationship could be clearer; 皆孩之 means the sage 'treats them all as/like children' or 'childifies them' - the translation is acceptable but the nuance of making them innocent/simple like ch	
tao_te_ching	TTC_MD_058	sound	sound		
tao_te_ching	TTC_MD_064	sound	sound		
tao_te_ching	TTC_MD_065	sound	sound		
tao_te_ching	TTC_MD_063	minor	minor	早服 (zǎo fú) is typically rendered as 'early submission/return' or 'early compliance' to the Tao, not 'early preparation'; 有國之母 is better understood as 'possessing the Mother (Tao) of having-a-state' rather than 'possessing the mother of the state'	In governing people and serving Heaven, nothing compares to frugality. Only through frugality is there early return; early return means heavily accumulating vir
tao_te_ching	TTC_MD_059	minor	minor	Line 2: 其德乃真 rendered as 'genuine' is acceptable but 真 more precisely means 'true/authentic/real' in this context; Line 3: 其德乃餘 translated as 'abundant' but 餘 means 'surplus/overflowing/more than enough' - a subtle but meaningful difference from 豐 (plentiful) used later; Line 4: 其德乃長 rendered as 'enduring' is acceptable but 長 here means 'long/extensive/growing' which has spatial/quantitative conno	
tao_te_ching	TTC_MD_075	sound	sound		
tao_te_ching	TTC_MD_081	sound	sound		
tao_te_ching	TTC_MD_077	sound	sound		
zhongyong	ZY_04	sound	sound		
zhongyong	ZY_05	sound	sound		
zhongyong	ZY_09	sound	sound		
zhongyong	ZY_07	sound	sound		
zhongyong	ZY_10	sound	sound		
zhongyong	ZY_06	sound	sound		
zhongyong	ZY_02	sound	sound		
zhongyong	ZY_12	sound	sound		
dōgen_shōbōgenzō	DOG_004	error	repaired	「万法のわれにあらぬ」is mistranslated as 'the myriad dharmas are without self' — should be 'the myriad dharmas are not me/I am not the myriad dharmas'; 「身心を乱想して万法を弁肯する」rendered as 'confuse body and mind and discern' loses the sense of 'discriminating/grasping with confused thinking about body-mind'; 「自心自性は常住なるか？」loses the interrogative nuance — this is the content of the mistaken thought, not a rhetorical q	When a person first seeks the dharma, they are far removed from the dharma's borders. When the dharma is already correctly transmitted to oneself, one is immedi
zhongyong	ZY_14	sound	sound		
dōgen_shōbōgenzō	DOG_005	error	repaired	The phrase '生の、死になる、といわざるは' is mistranslated as 'it is said birth does not become death' when it actually means 'NOT saying that birth becomes death' - the negation applies to the saying/speaking itself, not to what is said; The phrase '死の、生にならざる' is rendered as 'Death does not become birth' but the structure parallels the previous line and should maintain the same grammatical pattern about what i	Firewood becomes ash. It does not become firewood again. Yet do not suppose that ash is after and firewood before. Know that firewood abides in the dharma-posit
dōgen_shōbōgenzō	DOG_009	error	repaired	Final sentence truncated: the original continues with '衆生、もとより、しらざる毎物毎事を疑著すること一定せざるがゆえに、疑著する前程、かならずしも、いまの疑著に符合することなし。ただ、疑著、しばらく、時なるのみなり。' which is completely omitted; The passage ends abruptly at 'not doubting is not knowing' when the original has three more substantial sentences about sentient beings' doubt, the inconsistency of doubt, and doubt itself being time	So-called being-time means that time already is being, and all being is time. The sixteen-foot golden body is time; because it is time, it has time's adornment 
dōgen_shōbōgenzō	DOG_010	error	repaired	Final sentence 'The reason the self is time is like this' mistranslates '自己の、時なる道理、それ、かくのごとし' which means 'The principle/truth of the self being time is like this' - the NEW translation makes it sound like an explanation is being given for WHY self is time, when the original is stating that the PRINCIPLE/TRUTH itself operates in this manner; The passage continues beyond where the translation stops	We arrange the self in array and make it the entire world. You should look and see each and every thing of this entire world as time-moments. That things do not
heraclitus_fragments	HFR_P002	error	error_unconfirmed	The original is labeled as Sanskrit (IAST) but is actually Ancient Greek; The passage presents only a brief Greek phrase ('lógos ho koínos') with English glosses, not a complete Greek text to translate; The 'NEW TRANSLATION' provided is actually a standard rendering of Heraclitus Fragment 1 and 2 combined, not a translation of the minimal Greek phrase shown; There is a fundamental mismatch: the OR	Cannot provide corrected translation - the task setup is incoherent. The ORIGINAL field contains only the phrase 'the common Logos' with glosses, not the full G
dōgen_shōbōgenzō	DOG_011	error	repaired	「丈六八尺」consistently mistranslated as 'the golden body' when it literally means 'sixteen feet eight feet' (referring to Buddha's physical dimensions); 「きょうの時」mistranslated as 'today's time' when it should be 'today's time' - this part is actually correct; Critical omission: the passage about 丈六八尺 (sixteen-foot eight-foot) being one's own being-time passing through (一経す) and being right now (而今なり) is	Ordinary people who have not learned the Buddha-dharma, when they hear the words 'being-time,' think: there was a time when I became three heads and eight arms,
heraclitus_fragments	HFR_P004	error	repaired	'Kyes' appears to be a typo for 'eyes'; 'rude souls' significantly mistranslates 'βαρβάρους ψυχάς' — βάρβαρος means 'barbarian/foreign/unable to understand Greek', referring to those who cannot comprehend the language of the senses, not merely 'rude'; The genitive absolute construction 'βαρβάρους ψυχὰς ἐχόντων' (of those having barbarian souls) is awkwardly rendered as 'to people having rude souls	Eyes and ears are poor witnesses for human beings if they have souls that do not understand their language.
heraclitus_fragments	HFR_P011	error	repaired	Hestían mistranslated as 'lord' when it refers to the oracle/deity at Delphi; adúō mistranslated as 'gives signs' when it means 'signifies' or 'indicates'	The oracle at Delphi neither conceals nor declares openly, but signifies through signs.
heraclitus_fragments	HFR_P007	error	repaired	The verb 'ἐξευρήσει' means 'find out' or 'discover', not 'win'; The phrase 'ἀνέλπιστον' (the unhoped-for) is the direct object that will not be discovered, but the translation renders it as 'that which is not hoped for' in a way that makes it seem like a goal to be won rather than something to be found/discovered; The causal relationship is slightly obscured: the original states that without hopin	If you do not hope, you will not discover the unhoped-for, it being unsearchable and without path.
heraclitus_fragments	HFR_P015	error	repaired	The new translation contains extensive extraneous text not present in the original Greek fragment; Material about 'thousand years', 'the God', 'Pindar', 'Cadmus', 'music', and 'pseudo-Heraclitus' is completely absent from the original; Only the first sentence corresponds to the Greek; the rest is spurious commentary or corruption	Eyes are more reliable witnesses than ears.
zhongyong	ZY_11	sound	sound		
heraclitus_fragments	HFR_P019	error	repaired	The phrase 'through 8.11.5' appears to be a citation error or corrupted text fragment that does not belong in the translation; The phrase 'διὰ πάντων' (dia pantōn) means 'through all things' not 'through 8.11.5' - this is a clear mistranslation or textual corruption	One thing is wisdom: to know the thought by which all things are steered through all things.
heraclitus_fragments	HFR_P020	error	repaired	Translation is incomplete - cuts off mid-sentence after 'neither any of'; Missing the entire main clause about gods and humans not making the cosmos; Missing the crucial second half about eternal fire kindling and extinguishing in measures	This world-order, the same for all, neither any god nor any human made, but it always was and is and will be: fire ever-living, kindling in measures and being e
zhongyong	ZY_13	sound	sound		
heraclitus_fragments	HFR_P021	error	repaired	πρηστήρ (prēstēr) means 'whirlwind' or 'fiery waterspout/hurricane', not 'lightning flash'; Typo: 'fiash' instead of 'flash' (though this is orthographic, the lexical error regarding πρηστήρ is substantive)	The turnings of fire: first, sea; and of the sea, one half is earth, the other half whirlwind.
heraclitus_fragments	HFR_P023	error	repaired	Complete mistranslation: the original discusses the sea being poured out and measured back to the same proportion it was before, with a textual problem regarding 'earth' (γῆ). The new translation instead presents content about harmony of oppositions and the bow and lyre, which comes from an entirely different Heraclitus fragment (DK B51), not this passage at all.	The sea is dispersed and measured into the same proportion as it was before it became earth.
heraclitus_fragments	HFR_P022	error	repaired	The new translation contains extensive extraneous material not present in the original Greek passage; After the first sentence, the translation includes commentary and references (mentions of Nicander, Epictetus, Stobaeus, Marcus Antoninus) that are not part of Fragment 90; The additional text about 'everlasting world' and 'perishable' appears to be from different fragments or commentary mixed in;	All things are an exchange for fire, and fire for all things, just as goods are for gold, and gold for goods.
heraclitus_fragments	HFR_P025	error	repaired	The new translation includes extraneous contextual material not present in the original Greek passage; The actual translation of the Greek text is incomplete - it only translates the first clause 'Fire lives in the death of earth' and then trails off with 'etc.'; The passage omits the complete cycle: air lives the death of fire, water lives the death of air, earth lives the death of water; Referen	Fire lives the death of earth, and air lives the death of fire; water lives the death of air, earth the death of water.
heraclitus_fragments	HFR_P027	error	repaired	Complete mistranslation - the Greek asks 'How could one hide from that which never sets?' but the translation discusses fire, divine Reason, moisture, sea, earth and heavens; The translation appears to be from an entirely different fragment or doxographical passage, not from the original Greek provided; No semantic correspondence whatsoever between original and translation	How could anyone escape the notice of that which never sets?
heraclitus_fragments	HFR_P026	error	repaired	Complete mistranslation: the Greek text is about fire judging and seizing all things, not about people knowing themselves or learning self-control; Wrong subject: πῦρ (fire) mistranslated as 'all people'; Wrong verb: κρινέει (will judge) and καταλήψεται (will seize/overtake) mistranslated as 'to know themselves and to learn self-control'; Wrong object: πάντα (all things) mistranslated as subject '	Fire, coming upon all things, will judge and seize them.
heraclitus_fragments	HFR_P024	error	repaired	Complete mistranslation: the Greek text 'Χρησμοσύνη . . . κόρος' means 'Oracle/prophecy ... satiety/excess', not anything about elemental transformations; The new translation describes a cycle of elemental deaths/transformations that has no correspondence to the original Greek words provided; The original appears to be a fragment beginning with 'chresmosyne' (oracular wisdom/need) and ending with 	Oracular wisdom ... satiety.
heraclitus_fragments	HFR_P031	error	repaired	The new translation contains extraneous material not present in the original Greek fragment; The phrase 'one may escape the sensible light, but the intellectual it is impossible to escape' is not in the Greek text; The reference 'Or, as Heraclitus says, How can one escape that which never sets' appears to be from a different fragment (DK B16) and commentary; The notation 'Ὁ XX VIII.—' is editorial	If the sun did not exist, it would be night.
heraclitus_fragments	HFR_P032	error	repaired	The original Greek is a simple three-word fragment meaning 'New upon/with each day (is the) sun' or 'The sun is new each day'; The NEW translation presents an extended commentary by Olympiodorus ABOUT Heraclitus's statement, not the fragment itself; The actual Heraclitean fragment is only the final clause 'the sun is new each day' - the rest is Olympiodorus's philosophical discussion; The translat	The sun is new each day.
heraclitus_fragments	HFR_P038	error	repaired	Complete mistranslation: the original states 'Souls smell in Hades' or 'Souls perceive by smell in the underworld', but the new translation discusses dry land and wisdom with no connection to the original meaning; The Greek contains no reference to dryness, land, wisdom being wisest, or 'best'; The subject 'souls' (ψυχαί) is omitted; The verb 'smell/perceive by smell' (ὀσμῶνται) is completely repl	Souls smell in Hades.
heraclitus_fragments	HFR_P033	error	repaired	Complete mistranslation: the original Greek passage is about Thales being the first to study astronomy and predict solar eclipses and solstices, with testimony from Xenophanes, Herodotus, Heraclitus, and Democritus. The new translation about people fighting for law and walls comes from an entirely different Heraclitus fragment (DK B44) and has no connection to this passage.	It seems that Thales, according to some, was the first to practice astronomy and to predict solar eclipses and solstices, as Eudemus says in his History of Astr
heraclitus_fragments	HFR_P036	error	repaired	Complete mistranslation - the new translation appears to be from a different fragment entirely (about the sun and intellectual light, likely Fragment 16); The original Greek text is Fragment 67 about god being day-night, winter-summer, war-peace, satiety-hunger, and being altered like fire mixed with spices; None of the content of the original passage appears in the new translation; The new transl	God is day night, winter summer, war peace, satiety hunger; but he undergoes alteration, just as fire, when it is mixed with spices, is named according to the p
heraclitus_fragments	HFR_P035	error	repaired	The phrase 'who indeed did not know day and night' incorrectly refers to Hesiod himself, when the Greek structure indicates this is Heraclitus' ironic comment about Hesiod's ignorance; The translation obscures the critical irony: people think Hesiod knows most, yet he didn't even understand that day and night are one; The referent of 'ὅστις' (who/he who) is Hesiod, but the translation's 'who indee	Hesiod is the teacher of most people. They believe he knew the most—he who did not recognize that day and night are one. For they are one.
heraclitus_fragments	HFR_P042	error	repaired	Complete mistranslation: the original discusses rivers and waters flowing, not mixtures or motion; The Greek text states 'upon those stepping into the same rivers, different and different waters flow' - nothing about separation or mixtures; Core subject matter changed from rivers/flux to mixtures/motion; All key terms mistranslated: ποταμοῖσι (rivers), ὕδατα (waters), ἐπιρρεῖ (flows upon) are abse	Upon those stepping into the same rivers, different and different waters flow.
heraclitus_fragments	HFR_P037	error	repaired	The phrase 'and that for smell all things are converted into this' inverts the meaning - the original says 'all bring forward/adduce this concerning smell' (i.e., all theorists cite this view about smell), not that all things convert into smell; The phrase 'And it was for this Logos that Heraclitus thus said' misrepresents the connection - the Greek 'διὸ καὶ' means 'wherefore also/for this reason 	Some think that odor is smoky exhalation, being common to both earth and air. And all adduce this view concerning smell; wherefore Heraclitus also spoke thus: t
heraclitus_fragments	HFR_P044	error	repaired	The original text is misidentified as Sanskrit (IAST) when it is actually Ancient Greek in transliteration; The verb 'éthēke' (ἔδειξε/ἔθηκε) means 'made/appointed/established' not 'revealed' - this is a significant semantic error that changes Heraclitus's meaning from active creation/establishment to passive disclosure	War is the father of all and king of all, and some he has made gods, others humans; some he has made slaves, others free.
heraclitus_fragments	HFR_P053	error	repaired	Complete mistranslation: the original Latin passage is about pigs washing in mud and barnyard birds washing in dust/ashes, attributed to Heraclitus. The new translation about 'dry beam' and 'wisest soul' comes from an entirely different Heraclitus fragment (DK B118) and has no connection to this passage whatsoever.	Pigs wash themselves in mud, and barnyard fowl in dust (or ashes).
heraclitus_fragments	HFR_P055	error	repaired	ἑρπετόν means 'creeping thing' or 'reptile', not 'animal' in general; πληγῇ means 'by a blow/stroke' (singular), though the translation's plural 'blows' is acceptable; The word appears to be ἑρπετόν (creeping thing), not ἑπρετόν as written	Every creeping thing is driven to pasture by the blow.
heraclitus_fragments	HFR_P043	error	repaired	The phrase 'in plain terms calls war the father and king and lord of all (= frag. 44)' is completely absent from the original Greek text provided; The translation attributes the prayer to Homer when the Greek says 'τῷ ποιήσαντι' (the one who made/composed it), which could refer to Homer but is not explicitly named in this passage; The phrase 'Discord be damned that' appears to be an interpretive a	And Heraclitus criticizes the one who composed: 'Would that strife might perish from among gods and men.' For there would be no harmony if high and low did not 
heraclitus_fragments	HFR_P058	error	repaired	Opening phrase 'evil (scil. are one)' is incomplete - missing 'good and' (ἀγαθὸν καὶ κακόν); Phrase 'says turing the sick' is garbled - should be 'says Heraclitus, cutting, burning, torturing in every way badly the sick'; The verb phrase 'cutting, burning, torturing' is completely omitted or corrupted; Final phrase 'yand sufferings.t' is corrupted - should refer to 'these goods and the diseases' o	Both good and evil (are one). For physicians, says Heraclitus, cutting and burning and torturing the sick badly in every way, complain that they receive no wort
heraclitus_fragments	HFR_P059	error	repaired	συνάψειας rendered as imperative 'Unite' when it is a noun (genitive plural) meaning 'connections/joinings'; οὖλα καὶ οὐχὶ οὖλα mistranslated as 'whole and part' when it means 'whole and not-whole'; συμφερόμενον διαφερόμενον means 'converging diverging' or 'brought together carried apart', not 'agreement and disagreement'; ἐκ πάντων ἓν mistranslated as 'all comes one' when it means 'one out of all	Connections: whole and not whole, converging diverging, consonant dissonant; from all things one and from one all things.
heraclitus_fragments	HFR_P065	error	repaired	The phrase 'There is only one supreme Wisdom' adds the adjective 'supreme' which is not in the Greek original (Ἓν τὸ σοφὸν μοῦνον means 'One thing, the wise/wisdom, alone'); The translation includes extraneous material not present in the original passage: 'clitus' writing' at the beginning and 'And again, Law is to obey the will of one (= frag. 110)' at the end; The structure conflates this fragme	The wise is one alone: it is willing and unwilling to be called by the name of Zeus.
heraclitus_fragments	HFR_P062	error	repaired	The phrase 'strife right' misrepresents 'δίκην ἔριν' which means 'justice is strife' or 'strife is justice' (δίκη = justice, not 'right' as an adjective modifying strife); The word 'tare' appears to be a typo for 'are' but this affects readability; The phrase 'χρεώμενα' (though textually corrupt/disputed) is typically rendered as 'by necessity' or 'as is needful/ordained' rather than 'are used'	One must understand that war is common to all, and that justice is strife, and that all things come to be in accordance with strife and necessity.
heraclitus_fragments	HFR_P061	error	repaired	The phrase 'it is not so' (οὐκ ἀπρεπές) should be 'it is not unfitting' - the translation drops the key term; Critical error: 'ἃ μὲν ἄδικα ὑπειλήφασιν, ἃ δὲ δίκαια' means 'some things they have supposed unjust, others just' - the translation inverts this to 'some are right and others wrong', losing the contrast that humans distinguish between just and unjust while God sees all as good	that it is unseemly if the spectacle of wars delights the gods. But it is not unseemly: for noble deeds give delight. Moreover, wars and battles seem terrible t
heraclitus_fragments	HFR_P067	error	repaired	Complete mistranslation: the original discusses immortals and mortals living each other's death and dying each other's life, with no mention of 'after death', 'hope', or 'think'; Wrong fragment: the new translation appears to be from a different Heraclitus fragment (likely B27), not the provided Greek text (B62)	Immortals are mortal, mortals immortal, living the death of those ones and having died the life of those ones.
heraclitus_fragments	HFR_P064	error	repaired	The original Greek states 'Death is what we see when awake, and what we see when sleeping is sleep' - the NEW translation incorrectly renders 'ὕπνος' (sleep) as 'a dream'; The NEW translation includes additional fragments (LXV, LXVI, LXVII) that are not present in the ORIGINAL Greek passage provided; The structure 'ὁκόσα...ὁκόσα δὲ' (what...and what) is a parallel construction about two states, bu	Death is all that we see when awake; all that we see when asleep is sleep.
heraclitus_fragments	HFR_P071	error	repaired	The NEW TRANSLATION includes material not present in the ORIGINAL Greek passage - specifically the phrase 'also says' at the beginning, the explanatory clause 'so deep lies its principle (οὕτω βαθὺν λόγον ἔχει)' at the end, and the source citations 'Tertullian, de Anima 2. LX XIJ.—Numenius from Porphyry, de Antro nymph. 10'; The Greek text provided contains only the fragment itself, not the framin	You would not find out the limits of soul, even traveling every road.
heraclitus_fragments	HFR_P070	error	repaired	Complete mistranslation: the original text means 'Common are beginning and end' or 'Beginning and end are shared/the same', but the new translation discusses 'the driest soul' being 'wisest and best', which appears nowhere in the Greek; The Greek contains ξυνόν (common/shared), ἀρχή (beginning), and πέρας (end) - none of which relate to soul, dryness, wisdom, or excellence; This translation appear	Common are the beginning and the end.
heraclitus_fragments	HFR_P072	error	repaired	Complete mistranslation: the Greek text discusses souls (ψυχῇσι) finding pleasure/delight (τέρψις) in becoming moist/wet (ὑγρῇσι γενέσθαι), but the translation instead describes a mixture separating without motion - an entirely different subject matter; Wrong subject: 'souls' (ψυχῇσι) translated as 'mixture'; Wrong predicate: 'pleasure/delight' (τέρψις) and 'becoming moist' (ὑγρῇσι γενέσθαι) repla	For souls, it is pleasure (or: delight) to become moist.
heraclitus_fragments	HFR_P073	error	repaired	Complete mistranslation: the original describes a drunk man being led by a boy and stumbling, not understanding where he walks, having a wet/moist soul; The new translation appears to be from an entirely different fragment (DK B85) about thumos/passion, not this fragment about drunkenness; No correspondence between original content (drunkenness, child leading, stumbling, wet soul) and translated c	When a man gets drunk, he is led by a beardless boy, stumbling and not perceiving where he is going, having his soul moist.
heraclitus_fragments	HFR_P075	error	repaired	αὐγή means 'light' or 'gleam/ray of light', not 'beam' in the sense of a wooden beam or structural element; The translation 'dry beam' suggests a physical wooden object rather than the intended meaning of 'dry light' or 'dry radiance'	A dry light is the wisest and best soul.
heraclitus_fragments	HFR_P077	error	repaired	The NEW translation includes extensive material not present in the ORIGINAL Greek passage; The phrase 'For when is death not present with us?' does not appear in the Greek text; The sentence 'As indeed Heraclitus says: Living and dead...' is not in the original passage; The explanation about 'transmutations' is additional commentary not found in the Greek; The original is a single sentence; the tr	A man, like a light in the night, kindles himself and is extinguished.
heraclitus_fragments	HFR_P081	error	repaired	Complete mistranslation - the original discusses stepping into the same rivers and being/not being, but the translation discusses justice and knowledge; Wrong fragment entirely - the translation appears to be from a different Heraclitus fragment about justice (δίκη), not this river fragment; No correspondence between Greek content (rivers, stepping, being) and English content (justice, knowing, na	We step and do not step into the same rivers; we are and we are not.
heraclitus_fragments	HFR_P078	error	repaired	The entire Greek passage is mistranslated as a bibliographic reference 'Tzetze's Chil. 11. 722' instead of being translated; The actual philosophical content about death, living/dead, waking/sleeping, young/old, and their transformations is completely omitted; This appears to be a citation source rather than a translation of the Greek text	For when is death not present within us ourselves? And as Heraclitus says, the same thing is living and dead, and waking and sleeping, and young and old; for th
heraclitus_fragments	HFR_P080	error	repaired	The original Greek is a single first-person statement 'I sought/inquired into myself' (3 words). The new translation provides extensive third-person biographical commentary with multiple clauses about being a pupil, learning from himself, Delphic maxims, etc. that are completely absent from the original text.; Changed first-person 'I' to third-person 'he'; Added invented content about being a pupi	I searched into myself.
heraclitus_fragments	HFR_P087	error	repaired	Complete mistranslation: the new translation provides only a bibliographic reference 'Aeneas, Gaz. Theophrast. p. 9' instead of translating the actual Greek content; The original passage discusses those who read 'hēbōntos' in Hesiod making a generation thirty years according to Heraclitus, in which time the one who begot provides the one begotten from himself; No semantic content from the Greek te	Those who read 'in his prime' make the generation thirty years according to Heraclitus; in which time the one who has begotten provides the one begotten from hi
heraclitus_fragments	HFR_P082	error	repaired	The phrase 'upon the same things' misrepresents τοῖς αὐτοῖς (dative) which means 'for the same people/things' not 'upon the same things'; The phrase 'by them to be controlled' incorrectly supplies 'by them' - ἄρχεσθαι means 'to be ruled' but the dative τοῖς αὐτοῖς applies to both infinitives equally, meaning 'for the same [people]' not 'by the same [people]'; The overall sense should be: it is toi	It is toil for the same people to labor and to be ruled.
heraclitus_fragments	HFR_P090	error	repaired	The original Greek states 'you neither step nor do not step' (oúte...oúte mḗ = neither...nor), but the translation renders this as 'both...and' (a positive conjunction rather than double negation); The phrase 'the same rivers' is not present in the provided Greek text fragment; The second clause 'you are and you are not' appears to be from a different part of the fragment or a conflation with othe	Into the same river you neither step nor do you not step.
heraclitus_fragments	HFR_P089	error	error_unconfirmed	This is not Heraclitus at all - this is Latin, not ancient Greek; Heraclitus wrote in Greek circa 500 BCE; this appears to be a Latin proverb or statement from a much later period; The content (biological observation about human reproduction) is completely uncharacteristic of Heraclitus's philosophical fragments about logos, fire, flux, and cosmic principles; This passage does not appear in any st	This passage cannot be corrected as an English translation of Heraclitus because it is not a Heraclitus fragment. The Latin text translates accurately as 'From 
heraclitus_fragments	HFR_P091	error	repaired	The translation breaks off mid-sentence after 'even more strongly than' and inserts completely unrelated Greek text about the lifespans of crows, stags, ravens, phoenixes, and nymphs (from Hesiod); The entire second half of the fragment is replaced with foreign content that has nothing to do with Heraclitus; Missing translation of the crucial analogy about law and the city; Missing translation of 	Understanding is common to all. Those who speak with intelligence must strengthen themselves by what is common to all, just as a city does by law, and indeed fa
heraclitus_fragments	HFR_P096	error	repaired	The new translation includes extensive commentary and additional text not present in the original Greek fragment; The original fragment contains only one sentence about human vs divine ethos/nature and gnōmai (judgments/understanding); The new translation adds multiple sentences about 'following the common', 'ξυνὸς', 'law of reason', 'memory', 'participation in divine reason' - none of which appea	For human character does not possess judgments, but divine character does.
heraclitus_fragments	HFR_P097	error	repaired	The verb 'ἤκουσε' means 'heard' or 'listened to', not 'understands'; the translation invents a cognitive understanding not present in the Greek; The phrase 'ὅκωσπερ' means 'just as' or 'in the same way as', establishing a comparison of manner, not degree of understanding; The translation adds 'the voice of' which is not in the original; the Greek simply has the man heard/listened 'in relation to' 	A foolish man has heard in relation to a divine being just as a child in relation to a man.
heraclitus_fragments	HFR_P099	error	repaired	The phrase 'ἄλλῳ γένει συμβάλλειν' (when compared with another kind/genus) is correctly rendered in the first comparison but then 'παρθένων γένει συμβάλλειν' (when compared with the genus/kind of maidens) is mistranslated as 'when compared with maidenkind' - this loses the parallel structure where both comparisons use 'genus/kind'; More critically, the attribution 'ὥς φησιν Ἱππίας ὁ σοφός' (as Hip	my man, are you unaware that the saying of Heraclitus is sound, namely that the most beautiful of apes is ugly when compared with another kind, and the most bea
heraclitus_fragments	HFR_P102	error	repaired	Complete mistranslation - the Greek text states 'Gods and men honor those slain in war' but the translation discusses fresh/drinkable water and sea water being pure and foul; The translation appears to be from an entirely different fragment about opposites and sea water; No correspondence whatsoever between the Greek original about war-dead being honored and the English about water qualities; The 	Gods and men honor those slain by Ares.
heraclitus_fragments	HFR_P103	error	repaired	Complete mistranslation: the original discusses extinguishing hubris/insolence rather than fire, not corpses or excrement; Wrong subject: 'ὕβριν' (hubris/insolence) mistranslated as 'corpses'; Wrong predicate: 'χρὴ σβεννύειν' (one must extinguish) completely omitted; Wrong comparison: 'μᾶλλον ἢ πυρκαϊήν' (more than a conflagration/fire) mistranslated as comparison to excrement; This translation ap	One must quench insolence more than a fire.
heraclitus_fragments	HFR_P115	error	repaired	The NEW translation includes two additional fragments (CX VI and CX VII) that are not present in the ORIGINAL Greek text provided; The ORIGINAL contains only the single sentence about dogs barking at what they don't know; CX VI ('By its incredibility, it escapes their knowledge') and CX VII ('A stupid man loves to be puzzled by every discourse') are separate fragments entirely absent from the prov	Dogs bark at those whom they do not recognize.
heraclitus_fragments	HFR_P117	error	repaired	Translation is incomplete and corrupted; Contains editorial apparatus ('proach Heraclitus for saying') that is not part of the original Greek text; Contains citation reference ('CX VIII.—Clement of Alex. Strom. v. 1, p.649') that is not part of the original; The actual Greek sentence is not fully translated; Missing the key phrase 'ἐπὶ παντὶ λόγῳ ἐπτοῆσθαι' (to be fluttered/excited at every word/a	A foolish man is inclined to be excited at every utterance.
heraclitus_fragments	HFR_P116	error	repaired	Complete mistranslation: the Greek text concerns 'escaping notice through disbelief/incredulity', but the translation renders it as 'one wisdom to understand intelligent will governing all things'; The phrase 'one wisdom' does not appear in the original; The concept of 'intelligent will by which all things are governed' is entirely absent from the Greek; The numerical reference '8.11.5' appears to	Through disbelief it escapes being known.
heraclitus_fragments	HFR_P119	error	repaired	The new translation appears to be corrupted or from a different passage entirely; The original Greek discusses Homer deserving to be expelled from contests and beaten, and Archilochus likewise; The new translation contains fragments about 'the obscure', 'Hermodorus', 'Ephesians' and various citations that do not correspond to the original Greek text at all; Complete mistranslation - no semantic co	He said that Homer deserved to be cast out from the contests and flogged, and Archilochus likewise.
heraclitus_fragments	HFR_P120	error	repaired	This is Latin, not Greek - Heraclitus wrote in Greek, not Latin; This appears to be a Latin rendering/paraphrase, not an original Heraclitus fragment; The phrase 'Unus dies par omni est' is not found in the standard Greek fragments of Heraclitus; This may be a later Latin interpretation or misattribution	Unable to provide corrected translation - this is not an authentic Greek fragment of Heraclitus. The Latin text 'Unus dies par omni est' does not correspond to 
heraclitus_fragments	HFR_P114	error	repaired	The phrase 'man for man' misrepresents 'ἡβηδόν' which means 'all adults' or 'all those of adult age'; Translation inverts the sense: 'the worthiest man' (ὀνήιστον) should be 'the most useful/beneficial man' - the term emphasizes practical value/usefulness rather than abstract worth; The saying is incomplete and cuts off mid-sentence, omitting the conclusion 'let him be elsewhere and among others';	It would be fitting for the Ephesians to hang themselves, every adult among them, and to leave the city to the minors, seeing that they expelled Hermodorus, the
heraclitus_fragments	HFR_P118	error	repaired	γινώσκει πλάσσειν mistranslated as 'knows how to cheat' - πλάσσειν means 'to fashion/mold/fabricate' not specifically 'to cheat'; the sense is about maintaining/guarding fabrications or seeming knowledge; δοκεόντων ὁ δοκιμώτατος better rendered as emphasizing reputation/opinion rather than just 'approved of those who are of repute'; The fragment criticizes that even the most esteemed person guards	The most esteemed of those who seem to know guards fabrications. And yet justice will overtake the fabricators and witnesses of falsehoods.
heraclitus_fragments	HFR_P123	error	repaired	Mistranslation of ἐόντας as 'that are there' instead of 'being here/present here'; Mistranslation of ἐπανίστασθαι as 'shall arise' (future) instead of present infinitive 'to rouse themselves/wake up'; Missing translation of ἐγερτί (wakefully/vigilantly); Addition of quotation marks suggesting direct speech not present in original; Wrong spatial deixis: ἔνθαδε means 'here' not 'there'	Those who are here must rouse themselves and become watchful guardians of the living and the dead.
heraclitus_fragments	HFR_P127	error	repaired	Incomplete sentence: 'But and Hades are the same' is grammatically broken and missing the subject 'Dionysus'; Missing final clause: the original contains 'ὅτεῳ μαίνονται καὶ ληναΐζουσι' (for whom they rage and celebrate the Lenaia) which is completely omitted; The connection between the two main statements is obscured by the broken syntax	For if they did not make procession for Dionysus and sing hymns to the genitals, they would be acting most shamelessly. But Hades and Dionysus are the same, he 
heraclitus_fragments	HFR_P125	error	repaired	μυεῦνται means 'are initiated into' (mysteries), not 'celebrate' — this is a technical term for mystery initiation; ἀνιερωστί means 'in an unholy/profane manner' during initiation, not 'sacrilegiously celebrate' — the verb governs the meaning	For the mysteries customarily practiced among humans are initiated into in an unholy manner.
heraclitus_fragments	HFR_P128	error	repaired	The translation invents extensive content not present in the original Greek passage; References to 'idle-minded people of the Erechthidae' are completely absent from the source; References to 'other Greeks' and fragment 122 are not in this passage; The entire section about 'night-roamers, Magians, bacchanals' etc. and fragment 125 is invented; The original describes TWO types of sacrifices but the	I therefore posit two kinds of sacrifices: on the one hand, those of people who have been completely purified, such as might rarely occur in the case of a singl
heraclitus_fragments	HFR_P130	error	repaired	The participle 'μιαινόμενοι' (being defiled) is rendered as 'When defiled' but actually modifies the subject performing the purification, meaning they are defiling themselves WITH blood while purifying; The logic is inverted: the original says they purify themselves while being defiled BY blood (the blood itself defiles), not that they are already defiled and then use blood to purify; The conditio	They purify themselves by being defiled with blood, just as if someone who had stepped into mud were to wash himself off with mud.
pseudo_dionysius	PD_DN_02	error	repaired	Final clause 'ὡς ἂν αὐτὴ περὶ ἑαυτῆς κυρίως καὶ ἐπιστητῶς ἀποφαίνοιτο' is completely omitted; The phrase 'ἀλογία καὶ ἀνοησία καὶ ἀνωνυμία' is rendered as 'beyond discourse and intuition and naming' but these are substantive nouns (unreason, non-intellection, namelessness) not prepositional phrases with 'beyond'	Just as intelligible realities are incomprehensible and unobservable to sensory things, and simple and formless realities to those in molding and type, and the 
pseudo_dionysius	PD_002	error	repaired	The vocative 'Τριπέρυξ ἅγιε' is mistranslated as 'O thrice-winged holy one' when it should be 'O Trinity' or 'O Triune Holy One' - this is a standard liturgical address to the Trinity, not a reference to wings; The phrase 'ὑπεράνω οὐσίας καὶ γνώσεως' modifies the Trinity being addressed, not the action of leading upward - the syntax incorrectly makes these phrases appear to modify 'leading us up';	O Holy Trinity, you who are beyond being and knowledge, raising us up beyond the sacred light into the super-radiant darkness.
meister_eckhart	ECK_003	error	repaired	Final sentence mistranslates 'stânt alliu dinc von ir unbeswæret' as 'all things stand unburdened by it' — the preposition 'von' here means 'from/because of' detachment, not 'by' it in a passive sense; detachment leaves things unburdened; The phrase 'wils to be nothing at all' for 'enwil nihtes niht sîn' is problematic — this is a double negative construction meaning detachment does not will to be	The masters also praise humility above many other virtues. But I praise detachment above all humility, and this is because humility can exist without detachment
pseudo_dionysius	PD_DN_07	error	repaired	Final sentence 'In short, evil is weakness...' is not present in the original Greek passage and appears to be imported from elsewhere or added as interpretation	Evil, therefore, has no being, nor does evil exist among beings. For evil is nowhere, insofar as it is evil. And the coming-to-be of evil is not according to po
pseudo_dionysius	PD_DN_11	error	repaired	The phrase 'and in that he is beyond utterance and beyond knowledge' is incomplete and disconnected from its proper context; The original continues with 'καὶ ἀνεπινοήτῳ τῆς πάντα ὑπερεχούσης αὐτοῦ δυνάμεως ἢ διὰ περιουσίαν τοῦ δυνατοῦ καὶ τὴν ἀσθένειαν δυναμοῖ' which means that through the ineffable/unknowable/inconceivable nature of his all-surpassing power, he empowers even weakness; The transla	Let us say, then, that God is power inasmuch as he possesses and surpasses all power within himself beforehand, and inasmuch as he is the cause of all power and
pseudo_dionysius	PD_DN_08	error	repaired	The opening phrase 'ὄντως οὖσαν...θεωνυμικὴν οὐσιωνυμίαν' is mistranslated as 'Name of Being' when it refers to the 'truly existing essence-naming divine name' or 'the divine name that truly names the essence'; 'ἐκφαίνειν' (to manifest/display) is rendered as 'reveal' which is acceptable, but the structure loses the contrast between what cannot be manifested versus what can be hymned; 'αὐτὴν ὑπερα	We must now proceed to the truly existing essence-naming divine name of that which truly is. But let us recall this much: that the purpose of our discourse is n
pseudo_dionysius	PD_DN_10	error	repaired	The phrase 'he who is our common sun and that of our teacher' mistranslates 'ὁ κοινὸς ἡμῶν καὶ τοῦ καθηγεμόνος ἥλιος' which means 'the common sun of us and of the hierarch/leader' - referring to Paul as the shared teacher/sun of both Dionysius and Timothy (the hierarch), not 'our teacher's sun'; The translation ends mid-sentence with 'but because it is also customary...' without completing the tho	Come now, if it seems good, let us hymn the good and eternal Life both as wise and as Wisdom itself, or rather as the substantial foundation of all wisdom and a
pseudo_dionysius	PD_DN_09	error	repaired	The phrase 'and yet again they are not immortal' misrepresents the Greek 'καὶ οὐκ ἀθάνατοι πάλιν' which means 'and again [they are said to be] not immortal' - it's about how they are called/said to be, not a contradiction; The phrase 'there is an eternity of self-life' mistranslates 'ἡ θεία ζωὴ ζωτικὴ καὶ ὑποστατικὴ' which means 'the divine life is life-giving and subsistence-giving to self-life' 	"Now we must hymn ""eternal life,"" from which self-life and all life proceed, and by which living is distributed appropriately to each of all things that particip"
pseudo_dionysius	PD_DN_06	error	repaired	The phrase 'καὶ ἀπὸ πάντων ἀφορίζουσιν αὐτήν' means 'and distinguish/separate it FROM all things' — referring to how theologians distinguish the divine goodness from all other things. The translation renders this as 'in a sense that separates it from all creation' which makes it sound like the Goodness itself is separated, when the Greek indicates the theologians are doing the distinguishing/separ	Come then, let us now proceed in our discourse to the name 'Good' itself, which the theologians distinctively apply to the supra-divine Divinity and distinguish
pseudo_dionysius	PD_DN_12	error	repaired	The phrase 'if you are willing' mistranslates 'εἰ δοκεῖ' which means 'if it seems good/fitting' not 'if you are willing'; The phrase 'by means of reason' (τῷ λόγῳ) is mistranslated - it should be 'in discourse/argument' or 'in our account', not 'by means of reason'; The translation 'attributes all things to it and attributes them all together' misses the force of 'καὶ πάντα καὶ ἅμα πάντα κατηγορεῖ	So much concerning these matters. But now let us proceed, if it seems fitting, in our discourse to the most powerful [name]. For indeed the theology concerning 
pseudo_dionysius	PD_MT_02	error	repaired	The phrase 'πάντα οὐκ ὄντα καὶ ὄντα' (all non-beings and beings) is mistranslated as 'all things in this world of non-being, or in that world of being' — this introduces a dualistic cosmology not present in the original; The phrase 'ἀγνώστως ἀνατάθητι' (be raised up unknowingly/without knowledge) is rendered as 'Let your understanding come to rest, and strain' — this inverts the sense by making it	Such things have been my prayer; but you, dear Timothy, through intense application to mystical contemplations, abandon both sense-perceptions and intellectual 
pseudo_dionysius	PD_MT_05	error	repaired	The phrase 'τὰς ἀφαιρέσεις...ὑμνῆσαι' means 'to hymn/celebrate the negations' not 'distinguish this negative method'; The phrase 'τὰς γνῶμεν' appears incomplete in the original but should connect to 'ἀναλύομεν' (we strip away/remove) - the translation adds 'strip away all qualities' without clear textual basis for 'all qualities'; The phrase 'ἵνα γυμνὴν ἐπιγνῶμεν' (that we may know nakedly/in a na	But we must, as I think, hymn the negations in the opposite manner from the affirmations; for indeed in making those affirmations we began from the most primary
rūmī_mathnawī_yi_maʿnawī	RUM_010	error	repaired	The shepherd's response 'to the One who created us, earth and sphere' is incorrectly attributed. In the original, line 1 shows the shepherd speaking ('گفت') about God ('با آنکس که ما را آفرید'), not answering Moses's question.; The phrase 'earth and sphere' (زمین و چرخ) is part of the shepherd's original statement, not a separate answer.; The translation omits the shepherd's reaction (lines 6-8): 	He said to the One who created us: this earth and heavens came into being from Him. Moses said: Alas, you have become utterly confused; not yet having become Mu
rūmī_mathnawī_yi_maʿnawī	RUM_012	error	repaired	First two lines ('We do not look at tongue and speech; We look at spirit and state. If the heart is humble, even if the wording is not. The heart is substance; speech is accident. How long words and metaphors? I want burning — burn thought and expression') are NOT present in the original Persian text provided; The original begins with 'Kindle a fire of love in the soul' (آتشی از عشق در جانْ بَر فُ	Kindle a fire of love in the soul; burn thought and expression entirely. The religion of love is separate from all religions; for lovers, their religion and cre
rūmī_mathnawī_yi_maʿnawī	RUM_008	error	repaired	Line 3: 'You remain, You who are pure like this' mistranslates the address and comparison. The original addresses a specific 'You' (the beloved/God) saying 'remain, O You whom none is pure like You' - it's a statement of uniqueness, not similarity.; Line 6: 'and peace' (wa-s-salām) is added but does not appear in the provided three couplets of the original text.	In our grief the days became untimely; the days became companions with burnings. If the days have gone, say 'Go' — there is no harm; You remain, O You like whom
rūmī_mathnawī_yi_maʿnawī	RUM_005	error	repaired	The phrase 'نیست باد' (nīst bād) in line 1 is mistranslated as 'is nothing' — it should mean 'may he not be' or 'let him not exist' (a curse/negation of existence), not a simple statement of nullity; The word 'جوشش' (jūshish) means 'boiling/ebullition/effervescence' not 'ferment' — while ferment can bubble, jūshish specifically denotes the boiling/bubbling action itself	This sound of the reed is fire, not wind; whoever does not have this fire, may he not exist. It is love's fire that fell into the reed; it is love's ebullition 
rūmī_mathnawī_yi_maʿnawī	RUM_011	error	repaired	The opening sentence 'The shepherd tore his cloak, sighed hot, and fled to the desert' is not present in the provided original text; The phrase 'Revelation came to Moses' is not in the provided original text; The sentence 'You have separated Our servant from Us' is not in the provided original text; The translation 'I have given each a way and a tongue' is incomplete - the original says 'I have gi	Did you come to unite or to separate? As much as you can, do not set foot in separation — 'The most hateful of things to Me is divorce.' I have appointed for ea
pseudo_dionysius	PD_MT_07	error	repaired	The phrase 'οὔτε λέγεται οὔτε νοεῖται' means 'nor is it spoken/named nor is it thought/conceived' but is completely omitted from the translation; The phrase 'οὐδὲ ἐπαφή ἐστιν αὐτῆς νοητὴ' means 'nor is there intelligible contact/touch of it' but is rendered as 'nor can it be grasped by understanding' which conflates it with the following clause; The final clause 'οὔτε τὰ ὄντα αὐτὴν γινώσκει, ἧι αὐ	Again, ascending upward, we say that it is neither soul nor mind, nor does it possess imagination or opinion or reason or intellection; nor is it reason or inte
rūmī_mathnawī_yi_maʿnawī	RUM_017	error	repaired	Line 3480: 'the king came to the Greeks' - the subject is unspecified in the original, should be 'he came' or 'afterward he came'; Line 3481: 'they raised the curtain' - subject should be plural (both parties or attendants), but 'the curtain between them was raised' is more accurate; Line 3482: 'struck the purified walls' - missing 'these' (این), should be 'struck these purified walls'; Line 3483:	Afterward he came toward the Greeks; the curtain was raised from between them. The reflection of those images and those works struck upon these walls that had b
tao_te_ching	TTC_MD_024	error	repaired	Final passage inverts the meaning: should be 'values the world AS his body' or 'values acting-for-the-world AS (valuing) his body', not 'values his own body enough to be given the world'; 貴以身為天下 means 'values (using/taking) the body FOR the world' or 'values the world AS the body', not 'values his own body enough to be given the world'; 愛以身為天下 similarly means 'loves (using) the body FOR the world'	Favor and disgrace both startle like alarm; regard great affliction as you do your own body. What does it mean that favor and disgrace startle like alarm? Favor
tao_te_ching	TTC_MD_013	error	repaired	Line 'See the small as great, the few as many' inverts the meaning: original 大小多少 means 'treat the great as small, the many as few' (i.e., don't be overwhelmed by scale), not the reverse; Line 'Light promises — few keep trust' misses the causal structure: 輕諾必寡信 means 'light promises necessarily result in little trustworthiness' (the promiser becomes untrustworthy), not that few people keep trust	"Do non-doing; handle affairs as non-affairs; taste the flavorless.

Treat the great as small, the many as few; repay resentment with virtue.

Plan for the diffi"
rūmī_mathnawī_yi_maʿnawī	RUM_018	error	repaired	Line 1549: 'What gift shall I bring you from India?' is missing the subject 'he said to the parrot'; Line 1550: 'tell my state' omits the crucial instruction to 'describe/explain my condition to them'; Line 1551: 'longing for you' is incorrect — the parrot is longing for THEM (the parrots in India), not for the merchant; Line 1551: 'is in our prison' is wrong — it should be 'is in YOUR (the mercha	There was a merchant who had a parrot — a beautiful parrot imprisoned in a cage. He said to the parrot: 'What gift do you want from the land of India?' The parr
tao_te_ching	TTC_MD_041	error	repaired	Line 2: '天下莫能臣也' means 'nothing in the world can make it a subject/minister' or 'nothing can subjugate it' - but this refers to the Tao itself (道), not to 'uncarved simplicity' (樸). The original says '道常無名' (the Tao is eternally nameless), then '樸雖小' (the uncarved block, though small) appears to be from a different line/chapter. The translation incorrectly inserts 'in its uncarved simplicity, thou	"The Way is eternally nameless.

Nothing in the world can make it a subject.

If lords and kings could preserve it, the ten thousand things would naturally submi"
tao_te_ching	TTC_MD_015	error	repaired	Line '兵強則滅' mistranslated as 'An army that will not yield — perishes' - the original says 'when an army is strong, it perishes/is destroyed', not about yielding; Line '木強則共' mistranslated as 'a tree too hard — is felled' - the character 共 means 'broken/snapped', and the structure parallels the army line about strength leading to destruction, not about being cut down by others	"In life, people are supple and weak; in death, hard and strong. Living grasses and trees are tender and fragile; dead, they are withered and dry.

Therefore: th"
tao_te_ching	TTC_MD_061	error	repaired	Lines 3-5: The pronouns 'it' incorrectly refer to 'Mysterious Unity' as the object of these actions, when the original refers to the sage/person who embodies this state. The text describes how such a person cannot be approached/distanced, benefited/harmed, honored/debased by others.	"Those who know do not speak; those who speak do not know.

Block the openings, shut the doors, blunt the sharpness, untangle the knots, soften the glare, merge "
tao_te_ching	TTC_MD_073	error	repaired	Line 2 mistranslates '不知知病' as 'to not know that one does not know' when it means 'to not-know [yet think one] knows is an affliction' - the error is claiming knowledge one lacks, not being unaware of one's ignorance; The fundamental contrast is inverted: the passage opposes knowing one doesn't know (good) versus thinking one knows when one doesn't (bad), not two types of not-knowing	To know when you do not know is superior; to not know yet think you know is an affliction. Only by recognizing this affliction as an affliction can one be free 
tao_te_ching	TTC_MD_071	error	repaired	攘無臂 (rang wu bi) means 'baring/raising arms when there are no arms' not 'rolling up sleeves when there are no arms'; 扔無敵 (reng wu di) means 'throwing/thrusting at no enemy' not 'grasping when there is no enemy'; 執無兵 (zhi wu bing) means 'holding/wielding no weapons' not 'wielding when there are no weapons' - the negation structure is inverted	A master of war says: I do not dare to act as host, but rather as guest; I do not dare to advance an inch, but retreat a foot. This is called marching without m
tao_te_ching	TTC_MD_066	error	repaired	「不善人之所保」 mistranslated as 'what the not-good person preserves' — the character 保 here means 'to protect/shelter/refuge' not 'preserves'; the sense is that Tao serves as protection/refuge FOR the not-good person, not something they preserve; 「美言可以市」 mistranslated as 'can be traded in the marketplace' — 市 as verb means 'to buy/purchase/gain favor', not 'to trade'; the sense is that beautiful words c	The Tao is the mystery of all things. It is the treasure of the good person, and the refuge of the not-good person. Beautiful words can purchase favor, honorabl
tao_te_ching	TTC_MD_074	error	repaired	Line 3: '夫唯不厭，是以不厭' is mistranslated. The structure '夫唯不厭，是以不厭' means 'Only by not despising/rejecting (them), will (they) not despise/reject (you)' - it's about mutual non-rejection, not about oppression becoming oppressed; The word '厭' means 'to despise, to reject, to be weary of' not 'to oppress' - this is a consistent mistranslation affecting lines 2-3; Line 1: '大威' (great authority/awesomenes	"When the people do not fear authority, then great calamity will arrive.

Do not intrude upon their dwellings; do not despise their livelihood.

Only by not desp"
astavakra_gita	AG_02_01	sound	sound		
astavakra_gita	AG_01_12	sound	sound		
astavakra_gita	AG_01_11	sound	sound		
astavakra_gita	AG_15_07	sound	sound		
astavakra_gita	AG_18_01	sound	sound		
astavakra_gita	AG_20_01	sound	sound		
astavakra_gita	ASG_1_2	sound	sound		
bhagavad_gita	BG_01_02_04	sound	sound		
bhagavad_gita	BG_01_01	sound	sound		
astavakra_gita	ASG_11_5	sound	sound		
bhagavad_gita	BG_01_14_16	sound	sound		
astavakra_gita	ASG_1_4	sound	sound		
bhagavad_gita	BG_01_11_13	sound	sound		
astavakra_gita	ASG_1_9	sound	sound		
astavakra_gita	ASG_1_8	sound	sound		
bhagavad_gita	BG_01_23_25	sound	sound		
bhagavad_gita	BG_01_29_31	sound	sound		
bhagavad_gita	BG_01_20_22	sound	sound		
bhagavad_gita	BG_01_32_34	sound	sound		
bhagavad_gita	BG_01_38_40	sound	sound		
bhagavad_gita	BG_01_41_43	sound	sound		
bhagavad_gita	BG_01_47	sound	sound		
bhagavad_gita	BG_02_07	sound	sound		
bhagavad_gita	BG_02_08_10	sound	sound		
bhagavad_gita	BG_02_11	sound	sound		
bhagavad_gita	BG_01_44_46	sound	sound		
bhagavad_gita	BG_02_20	sound	sound		
bhagavad_gita	BG_02_01_03	sound	sound		
bhagavad_gita	BG_02_16	sound	sound		
bhagavad_gita	BG_02_13	sound	sound		
bhagavad_gita	BG_02_22	sound	sound		
bhagavad_gita	BG_02_21	sound	sound		
bhagavad_gita	BG_02_27	sound	sound		
bhagavad_gita	BG_02_37_39	sound	sound		
bhagavad_gita	BG_02_23_25	sound	sound		
bhagavad_gita	BG_02_26	sound	sound		
bhagavad_gita	BG_02_28_30	sound	sound		
bhagavad_gita	BG_02_31_33	sound	sound		
bhagavad_gita	BG_02_48	sound	sound		
bhagavad_gita	BG_02_47	sound	sound		
bhagavad_gita	BG_02_50	sound	sound		
bhagavad_gita	BG_02_55	sound	sound		
bhagavad_gita	BG_02_54	sound	sound		
bhagavad_gita	BG_02_56	sound	sound		
bhagavad_gita	BG_02_57_59	sound	sound		
bhagavad_gita	BG_02_63	sound	sound		
bhagavad_gita	BG_02_62	sound	sound		
bhagavad_gita	BG_02_64_66	minor	minor	Line 3: 'nor becoming for the unyoked' - bhāvanā means 'meditation' or 'contemplation', not 'becoming'; Line 3: 'for one without becoming' - should be 'for one without meditation/contemplation'	But moving among sense-objects with senses freed from attraction and aversion, self-controlled, the disciplined self attains serenity. In serenity, the destruct
bhagavad_gita	BG_03_01_03	sound	sound		
bhagavad_gita	BG_02_67_69	sound	sound		
bhagavad_gita	BG_02_71	sound	sound		
bhagavad_gita	BG_03_07_08	sound	sound		
bhagavad_gita	BG_03_09	sound	sound		
bhagavad_gita	BG_03_13_15	sound	sound		
bhagavad_gita	BG_03_10_12	sound	sound		
bhagavad_gita	BG_03_16_18	sound	sound		
bhagavad_gita	BG_03_19	sound	sound		
bhagavad_gita	BG_03_31_33	sound	sound		
bhagavad_gita	BG_03_20_22	sound	sound		
bhagavad_gita	BG_03_27	sound	sound		
bhagavad_gita	BG_02_72	sound	sound		
bhagavad_gita	BG_03_23_25	sound	sound		
bhagavad_gita	BG_03_39_41	sound	sound		
bhagavad_gita	BG_03_35	sound	sound		
bhagavad_gita	BG_03_42_43	sound	sound		
bhagavad_gita	BG_03_28_30	sound	sound		
bhagavad_gita	BG_03_34	sound	sound		
bhagavad_gita	BG_04_08	sound	sound		
bhagavad_gita	BG_04_12_14	sound	sound		
bhagavad_gita	BG_04_01_03	sound	sound		
bhagavad_gita	BG_04_18	sound	sound		
bhagavad_gita	BG_04_04_06	sound	sound		
bhagavad_gita	BG_04_07	sound	sound		
bhagavad_gita	BG_04_15_17	sound	sound		
bhagavad_gita	BG_04_25_27	sound	sound		
bhagavad_gita	BG_04_28_30	sound	sound		
bhagavad_gita	BG_04_09_11	sound	sound		
bhagavad_gita	BG_04_34_36	sound	sound		
bhagavad_gita	BG_04_22_23	sound	sound		
bhagavad_gita	BG_04_24	sound	sound		
bhagavad_gita	BG_04_19_21	sound	sound		
bhagavad_gita	BG_04_39_41	sound	sound		
bhagavad_gita	BG_04_37	sound	sound		
bhagavad_gita	BG_04_31_33	sound	sound		
bhagavad_gita	BG_05_01_03	sound	sound		
bhagavad_gita	BG_04_38	sound	sound		
bhagavad_gita	BG_05_04_06	sound	sound		
bhagavad_gita	BG_05_11_13	sound	sound		
bhagavad_gita	BG_05_14_16	sound	sound		
bhagavad_gita	BG_04_42	sound	sound		
bhagavad_gita	BG_05_22_24	sound	sound		
bhagavad_gita	BG_05_07_09	sound	sound		
bhagavad_gita	BG_05_10	sound	sound		
bhagavad_gita	BG_05_19_21	sound	sound		
bhagavad_gita	BG_05_17	sound	sound		
bhagavad_gita	BG_05_28_29	sound	sound		
bhagavad_gita	BG_06_04	sound	sound		
bhagavad_gita	BG_06_01_03	sound	sound		
bhagavad_gita	BG_06_05	sound	sound		
bhagavad_gita	BG_06_06	sound	sound		
bhagavad_gita	BG_06_16	sound	sound		
bhagavad_gita	BG_06_07_09	minor	minor	The phrase 'paramātmā samāhitaḥ' means 'the Supreme Self is steady/composed/absorbed' for such a person, not 'the supreme Self is gathered' which is awkward and unclear; The term 'kūṭastha' (unchanging, immovable like an anvil) is rendered as 'peak-steady' which misses the standard meaning of immutable/unchanging; The verse structure breaks across three verses (6.7-6.9) but the translation runs th	
bhagavad_gita	BG_06_18_20	sound	sound		
bhagavad_gita	BG_06_10_12	sound	sound		
bhagavad_gita	BG_06_13_15	sound	sound		
bhagavad_gita	BG_06_17	sound	sound		
bhagavad_gita	BG_06_27_28	sound	sound		
bhagavad_gita	BG_06_24_25	sound	sound		
bhagavad_gita	BG_06_30_31	sound	sound		
bhagavad_gita	BG_06_21_23	sound	sound		
bhagavad_gita	BG_06_29	sound	sound		
bhagavad_gita	BG_06_26	sound	sound		
bhagavad_gita	BG_06_32	sound	sound		
bhagavad_gita	BG_06_42_44	sound	sound		
bhagavad_gita	BG_06_35	sound	sound		
bhagavad_gita	BG_06_33_34	sound	sound		
bhagavad_gita	BG_06_39_41	sound	sound		
bhagavad_gita	BG_06_45_47	sound	sound		
bhagavad_gita	BG_07_01_03	sound	sound		
bhagavad_gita	BG_07_08_10	sound	sound		
bhagavad_gita	BG_07_04_06	sound	sound		
bhagavad_gita	BG_07_15_17	sound	sound		
bhagavad_gita	BG_07_07	sound	sound		
bhagavad_gita	BG_07_14	sound	sound		
bhagavad_gita	BG_07_19	sound	sound		
bhagavad_gita	BG_07_18	sound	sound		
bhagavad_gita	BG_07_29_30	sound	sound		
bhagavad_gita	BG_07_20_22	sound	sound		
bhagavad_gita	BG_08_01_03	sound	sound		
bhagavad_gita	BG_07_23_25	sound	sound		
bhagavad_gita	BG_07_26_28	sound	sound		
bhagavad_gita	BG_08_05	sound	sound		
bhagavad_gita	BG_08_04	sound	sound		
bhagavad_gita	BG_08_09_11	sound	sound		
bhagavad_gita	BG_08_12_14	sound	sound		
bhagavad_gita	BG_08_15	sound	sound		
bhagavad_gita	BG_08_16	sound	sound		
bhagavad_gita	BG_08_20_21	sound	sound		
bhagavad_gita	BG_08_17_19	sound	sound		
bhagavad_gita	BG_08_22	sound	sound		
bhagavad_gita	BG_08_23_25	sound	sound		
bhagavad_gita	BG_09_07_09	sound	sound		
bhagavad_gita	BG_08_26_28	sound	sound		
bhagavad_gita	BG_09_16_18	sound	sound		
bhagavad_gita	BG_09_19_21	sound	sound		
bhagavad_gita	BG_09_01_03	sound	sound		
bhagavad_gita	BG_09_22	sound	sound		
bhagavad_gita	BG_09_23_25	sound	sound		
bhagavad_gita	BG_09_13_15	sound	sound		
bhagavad_gita	BG_09_27	sound	sound		
bhagavad_gita	BG_10_04_06	sound	sound		
bhagavad_gita	BG_09_10_12	sound	sound		
bhagavad_gita	BG_09_28_30	sound	sound		
bhagavad_gita	BG_09_34	sound	sound		
bhagavad_gita	BG_10_12_14	sound	sound		
bhagavad_gita	BG_10_07	minor	minor	The phrase 'is joined by unshaking yoga' is awkward and unclear; the subject 'who' (saḥ) actively joins/unites through yoga, not passively 'is joined by' it	One who knows in truth this manifestation and yoga of Mine is united through unwavering yoga — of this there is no doubt.
bhagavad_gita	BG_10_01_03	sound	sound		
bhagavad_gita	BG_10_08	sound	sound		
bhagavad_gita	BG_10_21_23	sound	sound		
bhagavad_gita	BG_10_18_19	sound	sound		
bhagavad_gita	BG_10_24_26	sound	sound		
bhagavad_gita	BG_10_15_17	sound	sound		
bhagavad_gita	BG_10_20	sound	sound		
bhagavad_gita	BG_11_01_03	sound	sound		
bhagavad_gita	BG_11_04_06	sound	sound		
bhagavad_gita	BG_11_16_18	sound	sound		
bhagavad_gita	BG_10_41	sound	sound		
bhagavad_gita	BG_11_10_12	sound	sound		
bhagavad_gita	BG_11_07_09	sound	sound		
bhagavad_gita	BG_11_28_30	sound	sound		
bhagavad_gita	BG_11_40_42	sound	sound		
bhagavad_gita	BG_11_33	sound	sound		
bhagavad_gita	BG_11_43_45	sound	sound		
bhagavad_gita	BG_11_13_15	sound	sound		
bhagavad_gita	BG_11_31	sound	sound		
bhagavad_gita	BG_11_25_27	sound	sound		
bhagavad_gita	BG_11_46_48	sound	sound		
bhagavad_gita	BG_11_52_54	sound	sound		
bhagavad_gita	BG_12_01_03	sound	sound		
bhagavad_gita	BG_11_49_51	minor	minor	The phrase 'prītamanāḥ' means 'with pleased/joyful mind' not just 'mind at peace'; The phrase 'saumyavapuḥ' means 'gentle-bodied/gentle form' - 'pleasant' is added interpretation; 'sacetāḥ prakṛtiṃ gataḥ' means 'with consciousness restored, returned to my natural state' - 'mind restored' alone is incomplete	
bhagavad_gita	BG_12_10_12	sound	sound		
bhagavad_gita	BG_12_07_09	sound	sound		
bhagavad_gita	BG_11_55	sound	sound		
bhagavad_gita	BG_13_01	sound	sound		
bhagavad_gita	BG_12_13	sound	sound		
bhagavad_gita	BG_12_19_20	sound	sound		
bhagavad_gita	BG_12_14	minor	minor	'satataṃ' (constantly/always) is not reflected in the translation; 'ever content' suggests perpetual contentment but misses the adverbial 'constantly' that modifies the yogin's state	
bhagavad_gita	BG_12_15	sound	sound		
bhagavad_gita	BG_13_02	sound	sound		
bhagavad_gita	BG_13_10_11	sound	sound		
bhagavad_gita	BG_13_03	sound	sound		
bhagavad_gita	BG_13_04_06	sound	sound		
bhagavad_gita	BG_13_07_09	sound	sound		
bhagavad_gita	BG_13_12	sound	sound		
bhagavad_gita	BG_13_16_18	minor	minor	Verse 15: 'that knowable is to be known' is awkward phrasing - 'tajjñeyaṃ' means 'that which is to be known' as the object, not requiring the redundant 'is to be known'; Verse 16: 'reachable by knowledge' for 'jñānagamyaṃ' is acceptable but 'attainable through knowledge' or 'reached by knowledge' is more standard	
bhagavad_gita	BG_13_13_15	sound	sound		
bhagavad_gita	BG_14_01_03	sound	sound		
bhagavad_gita	BG_13_25_27	sound	sound		
bhagavad_gita	BG_14_06_08	sound	sound		
bhagavad_gita	BG_13_28_30	sound	sound		
bhagavad_gita	BG_13_31_33	sound	sound		
bhagavad_gita	BG_14_15_17	sound	sound		
bhagavad_gita	BG_14_09_11	sound	sound		
bhagavad_gita	BG_14_05	sound	sound		
bhagavad_gita	BG_14_04	sound	sound		
bhagavad_gita	BG_14_12_14	sound	sound		
bhagavad_gita	BG_14_26	sound	sound		
bhagavad_gita	BG_14_24_25	sound	sound		
bhagavad_gita	BG_15_05_06	sound	sound		
bhagavad_gita	BG_15_02_04	sound	sound		
bhagavad_gita	BG_14_21_23	sound	sound		
bhagavad_gita	BG_15_01	sound	sound		
bhagavad_gita	BG_14_27	sound	sound		
bhagavad_gita	BG_15_15	sound	sound		
bhagavad_gita	BG_15_07	sound	sound		
bhagavad_gita	BG_15_08_10	sound	sound		
bhagavad_gita	BG_16_01_03	sound	sound		
bhagavad_gita	BG_15_11_13	minor	minor	The phrase 'somo bhūtvā rasātmakaḥ' is rendered as 'having become soma, savor itself' which is awkward and unclear. The standard interpretation is 'having become the watery moon' or 'becoming soma (the moon), full of rasa (juice/essence)', referring to the moon's role in nourishing plants through moisture/sap, not 'savor itself'.	Striving yogins see Him established in the Self; but even though striving, those who are unprepared and lacking discernment do not see Him. Know that radiance w
bhagavad_gita	BG_15_19_20	sound	sound		
bhagavad_gita	BG_15_14	sound	sound		
bhagavad_gita	BG_15_16_18	sound	sound		
bhagavad_gita	BG_16_04_06	sound	sound		
bhagavad_gita	BG_16_16_18	sound	sound		
bhagavad_gita	BG_16_13_15	sound	sound		
bhagavad_gita	BG_16_07_09	sound	sound		
bhagavad_gita	BG_16_10_12	sound	sound		
bhagavad_gita	BG_16_22_23	sound	sound		
bhagavad_gita	BG_16_19_20	sound	sound		
bhagavad_gita	BG_17_03	sound	sound		
bhagavad_gita	BG_16_21	sound	sound		
bhagavad_gita	BG_16_24	sound	sound		
bhagavad_gita	BG_17_07_09	sound	sound		
bhagavad_gita	BG_17_01_02	sound	sound		
bhagavad_gita	BG_17_04_06	sound	sound		
bhagavad_gita	BG_17_25_27	sound	sound		
bhagavad_gita	BG_17_22_24	sound	sound		
bhagavad_gita	BG_17_10_12	sound	sound		
bhagavad_gita	BG_18_01_03	sound	sound		
bhagavad_gita	BG_17_19_21	sound	sound		
bhagavad_gita	BG_18_19_21	sound	sound		
bhagavad_gita	BG_18_04_06	sound	sound		
bhagavad_gita	BG_17_28	sound	sound		
bhagavad_gita	BG_18_07_09	sound	sound		
bhagavad_gita	BG_18_10_12	sound	sound		
bhagavad_gita	BG_18_16_18	sound	sound		
bhagavad_gita	BG_18_28_30	sound	sound		
bhagavad_gita	BG_18_22_24	sound	sound		
bhagavad_gita	BG_18_31_33	sound	sound		
bhagavad_gita	BG_18_34_36	sound	sound		
bhagavad_gita	BG_18_37_39	sound	sound		
bhagavad_gita	BG_18_43_45	sound	sound		
bhagavad_gita	BG_18_46	sound	sound		
bhagavad_gita	BG_18_47_49	sound	sound		
bhagavad_gita	BG_18_50_52	sound	sound		
bhagavad_gita	BG_18_53	sound	sound		
bhagavad_gita	BG_18_54	sound	sound		
bhagavad_gita	BG_18_56_58	sound	sound		
bhagavad_gita	BG_18_55	sound	sound		
bhagavad_gita	BG_18_59_60	sound	sound		
bhagavad_gita	BG_18_62	sound	sound		
bhagavad_gita	BG_18_61	sound	sound		
bhagavad_gita	BG_18_63	sound	sound		
bhagavad_gita	BG_18_66	minor	minor	'sarvapāpebhyaḥ' means 'from all sins/wrongdoings' not 'from all evils' - the term pāpa specifically refers to sin/wrongdoing rather than general evils or misfortunes	
bhagavad_gita	BG_18_73_75	sound	sound		
bhagavad_gita	BG_18_64	sound	sound		
bhagavad_gita	BG_18_65	sound	sound		
bhagavad_gita	BG_18_67_69	minor	minor	'bhakitaṃ' (bhaktiṃ) means 'devotion' as object, not 'having shown devotion'; the phrase means 'having placed/performed supreme devotion in Me', not merely 'having shown' it	
bhagavad_gita	BG_18_76_78	sound	sound		
bhagavad_gita	BG_18_70_72	sound	sound		
brihadaranyaka_upanishad	BU_05_01_01	sound	sound		
brihadaranyaka_upanishad	BAU_HONEY	sound	sound		
brihadaranyaka_upanishad	BAU_NETI	sound	sound		
brihadaranyaka_upanishad	BAU_FEAR	sound	sound		
brihadaranyaka_upanishad	BU_04_04_19	sound	sound		
chāndogya_upaniṣad	CHU_01_01_01	sound	sound		
chāndogya_upaniṣad	CHU_01_02_01	sound	sound		
chāndogya_upaniṣad	CHU_06_08_07	sound	sound		
chāndogya_upaniṣad	CHU_03_14_01	sound	sound		
chāndogya_upaniṣad	CHU_06_09_01	minor	minor	The verb 'nistiṣṭhanti' (prepare/make/produce) is not translated; 'madhukṛtaḥ' refers to bees (honey-makers) but the process described is their making/producing honey, not just gathering	
chāndogya_upaniṣad	CHU_06_13_01	sound	sound		
chāndogya_upaniṣad	CHU_06_15_01	sound	sound		
chāndogya_upaniṣad	CHU_06_16_01	sound	sound		
chāndogya_upaniṣad	CHU_08_01_01	sound	sound		
chāndogya_upaniṣad	CHU_08_07_01	sound	sound		
confucius_analects	AN_001	sound	sound		
chāndogya_upaniṣad	CHU_08_12_01	sound	sound		
confucius_analects	AN_002	sound	sound		
confucius_analects	AN_003	sound	sound		
confucius_analects	AN_01_01	sound	sound		
confucius_analects	AN_01_04	sound	sound		
confucius_analects	AN_007	sound	sound		
confucius_analects	AN_009	sound	sound		
confucius_analects	AN_008	sound	sound		
confucius_analects	AN_01_15	sound	sound		
confucius_analects	AN_011	sound	sound		
confucius_analects	AN_04_17	sound	sound		
confucius_analects	AN_02_15	sound	sound		
confucius_analects	AN_02_17	minor	minor	The phrase '誨女知之乎' is better understood as 'Shall I teach you what knowing is?' rather than 'shall I teach you what knowledge is?' — the focus is on the act/state of knowing rather than knowledge as an abstract concept; The character '女' (rǔ, archaic 'you') is being addressed directly as 'You' (the disciple You/Zilu), but the translation could be clearer that this is both a name and a pronoun; 'to	
confucius_analects	AN_04_08	minor	minor	The phrase 'without regret' is an interpretive addition not present in the original text, which simply states '可矣' (kě yǐ - 'it is acceptable/permissible')	
confucius_analects	AN_06_18	sound	sound		
confucius_analects	AN_03_03	sound	sound		
confucius_analects	AN_04_01	minor	minor	The phrase '里仁為美' is better understood as 'dwelling/residing in/with ren (benevolence) is beautiful/excellent' rather than 'virtuous manners constitute the excellence of a neighborhood' — the focus is on choosing to dwell where ren is present, not on what makes a neighborhood excellent; The subject 'a man' in the second sentence is not explicit in the original and the conditional structure is slig	The Master said, 'To dwell in benevolence is beautiful. If one chooses a place to live but does not settle where benevolence prevails, how can one be considered
confucius_analects	AN_05_11	sound	sound		
confucius_analects	AN_07_16	sound	sound		
confucius_analects	AN_06_20	sound	sound		
confucius_analects	AN_07_06	minor	minor	道 (dao) rendered as 'path of duty' is overly narrow; dao typically means 'the Way' or 'the path' in a broader philosophical sense; 據於德 rendered as 'every attainment in what is good be firmly grasped' adds the notion of 'attainment' not present in the original; 據 means 'to base oneself on' or 'to stand firm in'; 依於仁 rendered as 'let perfect virtue be accorded with' is awkward and unclear; 依 means '	
confucius_analects	AN_07_08	sound	sound		
confucius_analects	AN_08_07	sound	sound		
confucius_analects	AN_07_29	sound	sound		
confucius_analects	AN_12_01	sound	sound		
confucius_analects	AN_09_25	sound	sound		
confucius_analects	AN_13_03	sound	sound		
confucius_analects	AN_09_16	sound	sound		
confucius_analects	AN_09_28	sound	sound		
confucius_analects	AN_11_11	sound	sound		
confucius_analects	AN_15_08	sound	sound		
confucius_analects	AN_13_06	minor	minor	The original text uses '其身' (one's own person/self) without specifying 'prince' - this is a general statement about anyone in authority, not exclusively about princes; '不令而行' means 'without orders/commands, [things] proceed' rather than 'government is effective'	
confucius_analects	AN_14_25	sound	sound		
confucius_analects	AN_15_23	minor	minor	'reciprocity' (互惠) is not the most precise rendering of '恕' (shu), which specifically means forbearance/empathy/consideration, not mutual exchange	
confucius_analects	AN_15_20	sound	sound		
confucius_analects	AN_15_02	sound	sound		
confucius_analects	AN_15_30	sound	sound		
confucius_analects	AN_15_28	sound	sound		
confucius_analects	AN_16_08	sound	sound		
confucius_analects	AN_17_02	sound	sound		
dhammapada	DHP_004_007	sound	sound		
dhammapada	DHP_008_011	sound	sound		
dhammapada	DHP_016_019	sound	sound		
confucius_analects	AN_19_06	minor	minor	The phrase '切問而近思' is rendered as 'inquiring with earnestness, and reflecting with self-application' where '切問' means 'pressing/urgent questioning' (asking pointed, relevant questions) and '近思' means 'thinking about what is near/close' (reflecting on matters close to oneself or immediate concerns), not 'self-application'; The translation uses 'virtue' for '仁' which, while acceptable in some contex	
confucius_analects	AN_20_03	sound	sound		
confucius_analects	AN_17_06	minor	minor	恭則不侮: The original means 'if respectful/reverent, then [you] will not insult/affront [others]' — the subject does the not-insulting. The translation 'you will not be treated with disrespect' inverts this to make the subject the recipient of respectful treatment, which is a meaning-level error.	Zizhang asked Confucius about humaneness. Confucius said, 'To be able to practice five things everywhere under heaven constitutes humaneness.' He requested to k
dhammapada	DHP_020	sound	sound		
dhammapada	DHP_036_039	sound	sound		
dhammapada	DHP_028_031	sound	sound		
dhammapada	DHP_024_027	sound	sound		
dhammapada	DHP_040_043	sound	sound		
dhammapada	DHP_047_050	sound	sound		
dhammapada	DHP_051_054	sound	sound		
dhammapada	DHP_055_058	sound	sound		
dhammapada	DHP_032	sound	sound		
dhammapada	DHP_063_066	sound	sound		
dhammapada	DHP_012_015	sound	sound		
dhammapada	DHP_067_070	sound	sound		
dhammapada	DHP_079_082	sound	sound		
dhammapada	DHP_059	sound	sound		
dhammapada	DHP_083_086	sound	sound		
dhammapada	DHP_093_096	sound	sound		
dhammapada	DHP_107_110	sound	sound		
dhammapada	DHP_075	sound	sound		
dhammapada	DHP_111_114	sound	sound		
dhammapada	DHP_071_074	minor	minor	Verse 71: 'set' is unusual for describing karma's non-immediate ripening; published translations typically use 'curdle' or 'coagulate' matching the milk simile more directly; Verse 72: 'brings his head crashing down' is overly dramatic; the original 'muddhaṃ vipātayaṃ' means 'splitting/destroying his head' as an idiom for ruining his fortune/prospects, not literal physical crashing; Verse 73: 'pow	
dhammapada	DHP_119_122	sound	sound		
dhammapada	DHP_123_126	sound	sound		
dhammapada	DHP_132_135	sound	sound		
dhammapada	DHP_115	sound	sound		
dhammapada	DHP_153_156	sound	sound		
dhammapada	DHP_160_163	sound	sound		
dhammapada	DHP_127_128	sound	sound		
dhammapada	DHP_164_166	sound	sound		
dhammapada	DHP_170_173	sound	sound		
dhammapada	DHP_144_145	sound	sound		
dhammapada	DHP_149_152	sound	sound		
dhammapada	DHP_182_185	sound	sound		
dhammapada	DHP_204_207	sound	sound		
dhammapada	DHP_200_203	sound	sound		
dhammapada	DHP_208	sound	sound		
dhammapada	DHP_186_189	sound	sound		
dhammapada	DHP_178	sound	sound		
dhammapada	DHP_216_219	sound	sound		
dhammapada	DHP_194_196	sound	sound		
dhammapada	DHP_224_227	sound	sound		
dhammapada	DHP_228_231	sound	sound		
dhammapada	DHP_242_245	sound	sound		
dhammapada	DHP_238_241	sound	sound		
dhammapada	DHP_212_215	sound	sound		
dhammapada	DHP_254_255	sound	sound		
dhammapada	DHP_259_262	sound	sound		
dhammapada	DHP_220	sound	sound		
dhammapada	DHP_250_253	sound	sound		
dhammapada	DHP_246_249	minor	minor	Verse 248: 'pāpadhammā asaññatā' means 'evil/bad qualities are unrestrained' (describing the qualities themselves as lacking restraint), not 'unrestrained people are bound to harmful ways' (which shifts the subject to people); Verse 249: 'maṃku' means 'envious/jealous/sulky' rather than 'resentful'; 'samādhiṃ adhigacchati' is 'attains concentration/mental composure' which is adequately rendered as	
dhammapada	DHP_267_270	sound	sound		
dhammapada	DHP_276_279	sound	sound		
dhammapada	DHP_284_287	sound	sound		
dhammapada	DHP_288_289	sound	sound		
dhammapada	DHP_297_300	sound	sound		
dhammapada	DHP_309_312	sound	sound		
dhammapada	DHP_313_316	sound	sound		
dhammapada	DHP_271_272	sound	sound		
dhammapada	DHP_305	sound	sound		
dhammapada	DHP_317_319	sound	sound		
dhammapada	DHP_327_330	sound	sound		
dhammapada	DHP_363_366	sound	sound		
dhammapada	DHP_331_333	sound	sound		
dhammapada	DHP_367_370	sound	sound		
dhammapada	DHP_371_374	sound	sound		
dhammapada	DHP_379_382	sound	sound		
dhammapada	DHP_390_393	sound	sound		
dhammapada	DHP_345_348	minor	minor	Verse 345: 'sārattarattā' means 'deeply attached/infatuated' not 'longing delight' - the sense of being染色/stained by attachment is weakened; Verse 345: 'yā apekhā' (which is expectation/longing) is treated as part of the description rather than being the actual fetter itself; Verse 347: 'makkaṭako va jālaṃ' means 'like a spider [caught] in a web' - the image is of being trapped, not 'rushing into'	
dhammapada	DHP_394_397	sound	sound		
dhammapada	DHP_398_401	sound	sound		
dhammapada	DHP_410_413	sound	sound		
dhammapada	DHP_402_405	sound	sound		
dhammapada	DHP_414_417	sound	sound		
dhammapada	DHP_CH01	sound	sound		
dhammapada	DHP_CH06	sound	sound		
dhammapada	DHP_418_421	sound	sound		
dhammapada	DHP_CH05	sound	sound		
dhammapada	DHP_CH09	sound	sound		
dhammapada	DHP_CH08	sound	sound		
dhammapada	DHP_CH10	sound	sound		
dhammapada	DHP_CH17	sound	sound		
dhammapada	DHP_CH15	sound	sound		
dhammapada	DHP_CH03	sound	sound		
dhammapada	DHP_CH12	sound	sound		
dhammapada	DHP_CH21	sound	sound		
dhammapada	DHP_CH22	sound	sound		
dhammapada	DHP_CH14	minor	minor	v.179: 'Omniscient' is not directly supported by 'anantagocara' which means 'infinite/boundless range' not omniscience; v.180: 'desire with its snares and poisons' conflates two separate terms - 'jālinī' (ensnaring/net-like) and 'visattikā' (poisonous/sticky) as qualities of taṇhā (craving); v.181: 'awakened' for 'sambuddhānaṁ' is acceptable but 'sambuddhānaṁ' specifically means 'perfectly/fully a	
dhammapada	DHP_CH24	sound	sound		
dhammapada	DHP_CH25	sound	sound		
ecclesiastes_qoheleth	QOH_01_01_05	sound	sound		
ecclesiastes_qoheleth	QOH_01_11_15	sound	sound		
ecclesiastes_qoheleth	QOH_01_06_10	sound	sound		
ecclesiastes_qoheleth	QOH_01_16_18	sound	sound		
ecclesiastes_qoheleth	QOH_02_01_05	sound	sound		
dhammapada	DHP_CH23	minor	minor	Verse 320: 'Silently' is added interpretation - the original 'titikkhissaṁ' means 'I will endure/bear' without necessarily implying silence; Verse 321: 'silently' again added where original just has 'titikkhati' (endures); Verse 322: 'noble Sindhu horses' - 'ājānīyā' means 'thoroughbred/well-bred' rather than specifically 'noble'; 'sindhavā' refers to Sindh horses but the translation could be clea	
ecclesiastes_qoheleth	QOH_02_16_20	sound	sound		
ecclesiastes_qoheleth	QOH_03_01_05	sound	sound		
ecclesiastes_qoheleth	QOH_04_01_05	sound	sound		
ecclesiastes_qoheleth	QOH_04_06_10	sound	sound		
ecclesiastes_qoheleth	QOH_05_01_05	sound	sound		
ecclesiastes_qoheleth	QOH_03_06_10	minor	minor	לְאַבֵּד means 'to lose' or 'to destroy/let perish' rather than 'to let go' - the latter is too vague and misses the sense of loss/destruction	
ecclesiastes_qoheleth	QOH_02_11_15	minor	minor	Verse 15: 'to such excess' adds an interpretive nuance not clearly present in 'אָז יוֹתֵר' which more straightforwardly means 'then more' or 'then excessively/overmuch' - the phrase is better rendered as 'why then was I so much wiser' or 'why have I been wiser then, excessively' without the 'to such excess' construction which slightly shifts emphasis	
ecclesiastes_qoheleth	QOH_05_11_15	sound	sound		
ecclesiastes_qoheleth	QOH_02_26	sound	sound		
ecclesiastes_qoheleth	QOH_05_16_19	sound	sound		
ecclesiastes_qoheleth	QOH_07_01_05	sound	sound		
ecclesiastes_qoheleth	QOH_07_06_10	sound	sound		
ecclesiastes_qoheleth	QOH_07_16_20	sound	sound		
ecclesiastes_qoheleth	QOH_07_26_29	sound	sound		
ecclesiastes_qoheleth	QOH_09_06_10	sound	sound		
ecclesiastes_qoheleth	QOH_06_11_12	sound	sound		
ecclesiastes_qoheleth	QOH_09_16_18	sound	sound		
ecclesiastes_qoheleth	QOH_08_16_17	sound	sound		
ecclesiastes_qoheleth	QOH_07_21_25	sound	sound		
ecclesiastes_qoheleth	QOH_09_11_15	sound	sound		
ecclesiastes_qoheleth	QOH_10_06_10	sound	sound		
ecclesiastes_qoheleth	QOH_11_01_05	sound	sound		
ecclesiastes_qoheleth	QOH_11_06_10	sound	sound		
epictetus_works	ENCH_04	sound	sound		
ecclesiastes_qoheleth	QOH_10_11_15	sound	sound		
epictetus_works	ENCH_12	sound	sound		
epictetus_works	ENCH_06	sound	sound		
epictetus_works	ENCH_07	sound	sound		
epictetus_works	ENCH_13	sound	sound		
epictetus_works	ENCH_10	sound	sound		
epictetus_works	ENCH_15	sound	sound		
epictetus_works	ENCH_08	sound	sound		
epictetus_works	ENCH_20	sound	sound		
epictetus_works	ENCH_19	sound	sound		
epictetus_works	ENCH_14	sound	sound		
epictetus_works	ENCH_18	sound	sound		
epictetus_works	ENCH_21	sound	sound		
epictetus_works	ENCH_16	sound	sound		
epictetus_works	ENCH_22	sound	sound		
epictetus_works	ENCH_23	sound	sound		
epictetus_works	ENCH_27	sound	sound		
epictetus_works	ENCH_25	sound	sound		
epictetus_works	ENCH_26	sound	sound		
epictetus_works	ENCH_28	sound	sound		
epictetus_works	ENCH_24	sound	sound		
epictetus_works	ENCH_30	sound	sound		
epictetus_works	ENCH_34	sound	sound		
epictetus_works	ENCH_31	sound	sound		
epictetus_works	ENCH_38	sound	sound		
epictetus_works	ENCH_37	sound	sound		
epictetus_works	ENCH_35	sound	sound		
epictetus_works	ENCH_32	sound	sound		
epictetus_works	ENCH_41	minor	minor	The phrase 'ἐπὶ πολὺ ἀποπατεῖν' (to defecate for too long) is rendered as 'evacuate oneself' without the temporal qualifier 'for too long', breaking the parallel structure with the other activities	
epictetus_works	ENCH_40	minor	minor	'κυρίαι' means 'mistresses' or 'ladies' in the sense of being addressed respectfully, but the translation 'ladies' is acceptable; 'συγκοιμῶνται' means 'they serve as bedmates/sleeping companions' - the translation 'sleeping with men' captures the sense adequately; 'κόσμιαι' means 'well-ordered/decorous/modest in appearance' and 'αἰδήμονες' means 'modest/respectful' - both are rendered acceptably	
epictetus_works	ENCH_39	sound	sound		
epictetus_works	ENCH_43	sound	sound		
epictetus_works	ENCH_42	sound	sound		
epictetus_works	ENCH_44	sound	sound		
epictetus_works	ENCH_49	sound	sound		
epictetus_works	ENCH_50	sound	sound		
epictetus_works	ENCH_53	minor	minor	The phrase 'κακὸς γενόμενος' means 'having become bad/base/wicked' not 'made cowardly by it' - this is a mistranslation of the moral quality being described	"Keep these words ready for every occasion: ""Lead me, Zeus, and you, Fate, wherever you have assigned my place. I will follow without hesitation; but even if I r"
epictetus_works	ENCH_52	sound	sound		
gospel_of_thomas	THOM_001	sound	sound		
gospel_of_thomas	THOM_005	sound	sound		
epictetus_works	ENCH_51	minor	minor	The phrase 'τὸν διαιροῦντα λόγον' (the distinguishing/discriminating reason) is rendered as 'the principle that distinguishes what is within your power from what is not' - while this captures a key Stoic application, the original is more general about 'the discriminating/distinguishing reason' without explicitly specifying the in eph' hēmin distinction; 'ἄδοξον' means 'inglorious/disreputable' not	How much longer will you put off judging yourself worthy of the best things and in no matter transgressing the discriminating reason? You have received the prin
gospel_of_thomas	THOM_017	sound	sound		
gospel_of_thomas	THOM_023	sound	sound		
gospel_of_thomas	THOM_020	sound	sound		
epictetus_works	EPI_ENC_003	sound	sound		
gospel_of_thomas	THOM_026	sound	sound		
gospel_of_thomas	THOM_034	sound	sound		
gospel_of_thomas	THOM_039	sound	sound		
gospel_of_thomas	THOM_041	sound	sound		
gospel_of_thomas	THOM_044	sound	sound		
gospel_of_thomas	THOM_049	sound	sound		
gospel_of_thomas	THOM_PROLOGUE	sound	sound		
gospel_of_thomas	THOM_058	sound	sound		
gospel_of_thomas	THOM_059	sound	sound		
heart_sutra	HS_002	sound	sound		
heraclitus_fragments	HFR_P010	sound	sound		
heart_sutra	HS_003	sound	sound		
heraclitus_fragments	HFR_P057	sound	sound		
heraclitus_fragments	HFR_P121	sound	sound		
isavasya_upanishad	ISA_004	sound	sound		
isavasya_upanishad	ISA_001	sound	sound		
isavasya_upanishad	ISA_007	sound	sound		
isavasya_upanishad	ISA_011	sound	sound		
isavasya_upanishad	ISA_009	minor	minor	The translation omits the intensifying phrase 'andhena tamasavrtah' (covered/enveloped by blinding darkness) - 'andhena' emphasizes the darkness is blinding/dense, not merely 'darkness'; The temporal marker 'pretya' (after death/departing) is omitted, which specifies when this journey occurs; The emphatic 'ye ke ca' (whoever, whosoever) is reduced to simple 'those who', losing the universalizing f	Those worlds called sunless, enveloped in blinding darkness — to them go, after departing (from this life), whatever people are destroyers of the Self.
isavasya_upanishad	ISA_012	sound	sound		
isavasya_upanishad	ISA_017	sound	sound		
isavasya_upanishad	ISA_020	minor	minor	The instrumental case 'vinasena' (by means of dissolution) is rendered as generic 'knowing' rather than showing dissolution as the specific means for crossing death; The instrumental case 'sambhutya' (by means of becoming) is similarly not clearly marked as the means for attaining immortality	One who knows both becoming and dissolution together — by means of dissolution crosses beyond death, and by means of becoming attains immortality.
isavasya_upanishad	IU_01	minor	minor	The phrase 'īśā vāsyam' is typically rendered as 'to be covered/pervaded/indwelt by the Lord' rather than 'to be clothed in the Lord' - while 'clothed' captures the vāsyam root, it slightly misses the standard interpretation of divine pervasion/indwelling; The translation 'By relinquishment, partake of it' is acceptable but 'tena tyaktena' (by that renounced/through renunciation) more standardly m	
katha_upanishad	KAT_01_07_08	sound	sound		
isavasya_upanishad	IU_07	sound	sound		
isavasya_upanishad	IU_06	sound	sound		
katha_upanishad	KAT_03_10_14	sound	sound		
katha_upanishad	KAT_02_17	sound	sound		
katha_upanishad	KAT_03_15_17	sound	sound		
isavasya_upanishad	IU_15	sound	sound		
katha_upanishad	KAT_04_05_09	sound	sound		
katha_upanishad	KAT_05_06_08	sound	sound		
katha_upanishad	KAT_06_06_09	sound	sound		
katha_upanishad	KAU_01_GIFT	sound	sound		
katha_upanishad	KAT_04_15	sound	sound		
katha_upanishad	KAT_06_18	sound	sound		
katha_upanishad	KAT_04_10_14	minor	minor	Verse 12: 'he therefore does not turn away in revulsion' - the subject of 'na tato vijugupsate' is more naturally the knower/seeker who, having known this Lord, does not shrink back from Him, rather than the Lord turning away; Verse 14: 'runs streaming down among the slopes' - 'vidhāvati' means 'runs in different directions/disperses', not specifically 'streaming down among slopes'	"10. What is here is also there; what is there is also here. Whoever sees multiplicity here goes from death to death.

11. This must be grasped by the mind alone"
katha_upanishad	KAU_04_TWO_PATHS	minor	minor	Verse 2.5: 'dandramyamāṇāḥ' (stumbling/reeling) is rendered as 'stumbling, afflicted' - the word means 'staggering' or 'wandering about confusedly', not necessarily 'afflicted'; Verse 2.3: 'sṛṅkāṃ' (chain/fetter) could be more precisely 'garland' or 'necklace' - the metaphor is of an attractive ornament that entraps	
katha_upanishad	KU_01_02_05	sound	sound		
katha_upanishad	KU_01_02_12	sound	sound		
katha_upanishad	KU_01_02_20	minor	minor	The phrase 'dhātuprasādān mahimānam ātmanaḥ' is rendered as 'through the serenity of the faculties—the majesty of the Self' which splits what should be a single object ('the majesty of the Self through the grace/serenity of the Creator/dhātu'). Standard translations treat 'dhātuprasādāt' (ablative) as 'by the grace of the Creator' or 'through the tranquility granted by the Ordainer', with 'mahimān	
katha_upanishad	KU_01_02_23	sound	sound		
katha_upanishad	KU_01_03_03	sound	sound		
katha_upanishad	KU_01_03_10	sound	sound		
katha_upanishad	KU_02_02_15	sound	sound		
katha_upanishad	KU_01_03_11	sound	sound		
know_yourself_ibn_arabi_balyani	KY_001	sound	sound		
katha_upanishad	KU_02_01_01	sound	sound		
katha_upanishad	KU_02_01_11	sound	sound		
know_yourself_ibn_arabi_balyani	KY_008	sound	sound		
katha_upanishad	KU_02_03_14	sound	sound		
mandukya_upanishad_and_gaudapada_karika	MK_01	sound	sound		
know_yourself_ibn_arabi_balyani	KY_004	sound	sound		
know_yourself_ibn_arabi_balyani	KY_002	sound	sound		
mandukya_upanishad_and_gaudapada_karika	MK_02_32	sound	sound		
mandukya_upanishad_and_gaudapada_karika	MUK_003	sound	sound		
mandukya_upanishad_and_gaudapada_karika	MUK_002	sound	sound		
mandukya_upanishad_and_gaudapada_karika	MUK_005	sound	sound		
mandukya_upanishad_and_gaudapada_karika	MUK_006	sound	sound		
mandukya_upanishad_and_gaudapada_karika	MUK_009	sound	sound		
mandukya_upanishad_and_gaudapada_karika	MUK_008	sound	sound		
mandukya_upanishad_and_gaudapada_karika	MUK_013	sound	sound		
mandukya_upanishad_and_gaudapada_karika	MUK_014	sound	sound		
marcus_aurelius_meditations	MA_06_30	sound	sound		
marcus_aurelius_meditations	MA_09_06	sound	sound		
marcus_aurelius_meditations	MED_007	sound	sound		
marcus_aurelius_meditations	MED_02_05	sound	sound		
marcus_aurelius_meditations	MED_02_08	sound	sound		
marcus_aurelius_meditations	MED_02_09	sound	sound		
marcus_aurelius_meditations	MED_02_06	sound	sound		
marcus_aurelius_meditations	MED_02_12	sound	sound		
marcus_aurelius_meditations	MED_02_14	sound	sound		
marcus_aurelius_meditations	MED_02_16	sound	sound		
marcus_aurelius_meditations	MED_02_17	sound	sound		
marcus_aurelius_meditations	MED_02_10	sound	sound		
marcus_aurelius_meditations	MED_03_03	sound	sound		
marcus_aurelius_meditations	MED_03_04	sound	sound		
marcus_aurelius_meditations	MED_02_13	sound	sound		
marcus_aurelius_meditations	MED_03_07	sound	sound		
marcus_aurelius_meditations	MED_03_01	minor	minor	The phrase 'to lead oneself out of life' (ἐξακτέον ἑαυτόν) is slightly awkward; the standard meaning is 'to depart from life' or 'to take oneself out of life' in the sense of considering whether one should end one's life, which is better captured as 'to withdraw from life' or 'whether one must now depart'; The phrase 'attentively following them' for παρακολούθησιν is somewhat vague; this term more	
marcus_aurelius_meditations	MED_03_05	sound	sound		
marcus_aurelius_meditations	MED_03_02	sound	sound		
marcus_aurelius_meditations	MED_03_08	sound	sound		
marcus_aurelius_meditations	MED_03_09	sound	sound		
marcus_aurelius_meditations	MED_03_10	sound	sound		
marcus_aurelius_meditations	MED_03_11	sound	sound		
marcus_aurelius_meditations	MED_03_13	sound	sound		
marcus_aurelius_meditations	MED_03_12	sound	sound		
marcus_aurelius_meditations	MED_03_16	sound	sound		
marcus_aurelius_meditations	MED_03_14	sound	sound		
marcus_aurelius_meditations	MED_04_02	sound	sound		
marcus_aurelius_meditations	MED_04_01	sound	sound		
marcus_aurelius_meditations	MED_04_04	sound	sound		
marcus_aurelius_meditations	MED_04_06	sound	sound		
marcus_aurelius_meditations	MED_04_05	sound	sound		
marcus_aurelius_meditations	MED_04_07	sound	sound		
marcus_aurelius_meditations	MED_04_08	sound	sound		
marcus_aurelius_meditations	MED_04_10	sound	sound		
marcus_aurelius_meditations	MED_04_12	sound	sound		
marcus_aurelius_meditations	MED_04_13	sound	sound		
marcus_aurelius_meditations	MED_04_11	sound	sound		
marcus_aurelius_meditations	MED_04_15	sound	sound		
marcus_aurelius_meditations	MED_04_14	sound	sound		
marcus_aurelius_meditations	MED_04_21	sound	sound		
marcus_aurelius_meditations	MED_04_17	sound	sound		
marcus_aurelius_meditations	MED_04_16	sound	sound		
marcus_aurelius_meditations	MED_04_22	sound	sound		
marcus_aurelius_meditations	MED_04_20	sound	sound		
marcus_aurelius_meditations	MED_04_24	sound	sound		
marcus_aurelius_meditations	MED_04_25	sound	sound		
marcus_aurelius_meditations	MED_04_35	sound	sound		
marcus_aurelius_meditations	MED_04_26	sound	sound		
marcus_aurelius_meditations	MED_04_27	sound	sound		
marcus_aurelius_meditations	MED_04_32	sound	sound		
marcus_aurelius_meditations	MED_04_31	sound	sound		
marcus_aurelius_meditations	MED_04_41	sound	sound		
marcus_aurelius_meditations	MED_04_33	sound	sound		
marcus_aurelius_meditations	MED_04_36	sound	sound		
marcus_aurelius_meditations	MED_04_37	sound	sound		
marcus_aurelius_meditations	MED_04_39	sound	sound		
marcus_aurelius_meditations	MED_04_40	sound	sound		
marcus_aurelius_meditations	MED_04_50	sound	sound		
marcus_aurelius_meditations	MED_04_42	sound	sound		
marcus_aurelius_meditations	MED_04_44	sound	sound		
marcus_aurelius_meditations	MED_04_45	sound	sound		
marcus_aurelius_meditations	MED_04_47	sound	sound		
marcus_aurelius_meditations	MED_05_02	sound	sound		
marcus_aurelius_meditations	MED_04_51	sound	sound		
marcus_aurelius_meditations	MED_05_08	sound	sound		
marcus_aurelius_meditations	MED_05_03	sound	sound		
marcus_aurelius_meditations	MED_05_07	sound	sound		
marcus_aurelius_meditations	MED_05_13	sound	sound		
marcus_aurelius_meditations	MED_05_11	sound	sound		
marcus_aurelius_meditations	MED_05_10	sound	sound		
marcus_aurelius_meditations	MED_05_17	sound	sound		
marcus_aurelius_meditations	MED_05_15	sound	sound		
marcus_aurelius_meditations	MED_05_14	sound	sound		
marcus_aurelius_meditations	MED_05_21	sound	sound		
marcus_aurelius_meditations	MED_05_22	sound	sound		
marcus_aurelius_meditations	MED_05_24	sound	sound		
marcus_aurelius_meditations	MED_05_23	sound	sound		
marcus_aurelius_meditations	MED_05_26	sound	sound		
marcus_aurelius_meditations	MED_05_27	sound	sound		
marcus_aurelius_meditations	MED_05_32	sound	sound		
marcus_aurelius_meditations	MED_05_29	sound	sound		
marcus_aurelius_meditations	MED_05_30	sound	sound		
marcus_aurelius_meditations	MED_05_35	sound	sound		
marcus_aurelius_meditations	MED_05_34	sound	sound		
marcus_aurelius_meditations	MED_06_01	sound	sound		
marcus_aurelius_meditations	MED_06_02	sound	sound		
marcus_aurelius_meditations	MED_06_04	sound	sound		
marcus_aurelius_meditations	MED_06_05	sound	sound		
marcus_aurelius_meditations	MED_06_06	sound	sound		
marcus_aurelius_meditations	MED_06_07	sound	sound		
marcus_aurelius_meditations	MED_06_10	sound	sound		
marcus_aurelius_meditations	MED_06_08	sound	sound		
marcus_aurelius_meditations	MED_06_09	sound	sound		
marcus_aurelius_meditations	MED_06_16	sound	sound		
marcus_aurelius_meditations	MED_06_11	sound	sound		
marcus_aurelius_meditations	MED_06_12	sound	sound		
marcus_aurelius_meditations	MED_06_13	sound	sound		
marcus_aurelius_meditations	MED_06_17	sound	sound		
marcus_aurelius_meditations	MED_06_14	sound	sound		
marcus_aurelius_meditations	MED_06_19	sound	sound		
marcus_aurelius_meditations	MED_06_18	sound	sound		
marcus_aurelius_meditations	MED_06_20	sound	sound		
marcus_aurelius_meditations	MED_06_21	sound	sound		
marcus_aurelius_meditations	MED_06_22	sound	sound		
marcus_aurelius_meditations	MED_06_23	sound	sound		
marcus_aurelius_meditations	MED_06_25	sound	sound		
marcus_aurelius_meditations	MED_06_24	sound	sound		
marcus_aurelius_meditations	MED_06_26	sound	sound		
marcus_aurelius_meditations	MED_06_27	sound	sound		
marcus_aurelius_meditations	MED_06_28	sound	sound		
marcus_aurelius_meditations	MED_06_33	sound	sound		
marcus_aurelius_meditations	MED_06_29	sound	sound		
marcus_aurelius_meditations	MED_06_35	sound	sound		
marcus_aurelius_meditations	MED_06_34	sound	sound		
marcus_aurelius_meditations	MED_06_37	sound	sound		
marcus_aurelius_meditations	MED_06_44	sound	sound		
marcus_aurelius_meditations	MED_06_39	sound	sound		
marcus_aurelius_meditations	MED_06_41	sound	sound		
marcus_aurelius_meditations	MED_06_43	sound	sound		
marcus_aurelius_meditations	MED_06_42	sound	sound		
marcus_aurelius_meditations	MED_06_46	sound	sound		
marcus_aurelius_meditations	MED_06_48	sound	sound		
marcus_aurelius_meditations	MED_06_51	sound	sound		
marcus_aurelius_meditations	MED_06_54	sound	sound		
marcus_aurelius_meditations	MED_06_52	sound	sound		
marcus_aurelius_meditations	MED_06_55	sound	sound		
marcus_aurelius_meditations	MED_06_58	sound	sound		
marcus_aurelius_meditations	MED_06_56	sound	sound		
marcus_aurelius_meditations	MED_06_59	sound	sound		
marcus_aurelius_meditations	MED_07_03	sound	sound		
marcus_aurelius_meditations	MED_07_01	sound	sound		
marcus_aurelius_meditations	MED_07_04	sound	sound		
marcus_aurelius_meditations	MED_07_02	sound	sound		
marcus_aurelius_meditations	MED_07_09	sound	sound		
marcus_aurelius_meditations	MED_07_06	sound	sound		
marcus_aurelius_meditations	MED_07_07	sound	sound		
marcus_aurelius_meditations	MED_07_08	sound	sound		
marcus_aurelius_meditations	MED_07_15	sound	sound		
marcus_aurelius_meditations	MED_07_11	sound	sound		
marcus_aurelius_meditations	MED_07_10	sound	sound		
marcus_aurelius_meditations	MED_07_12	sound	sound		
marcus_aurelius_meditations	MED_07_14	sound	sound		
marcus_aurelius_meditations	MED_07_18	sound	sound		
marcus_aurelius_meditations	MED_07_17	sound	sound		
marcus_aurelius_meditations	MED_07_19	sound	sound		
marcus_aurelius_meditations	MED_07_20	sound	sound		
marcus_aurelius_meditations	MED_07_22	sound	sound		
marcus_aurelius_meditations	MED_07_24	sound	sound		
marcus_aurelius_meditations	MED_07_27	sound	sound		
marcus_aurelius_meditations	MED_07_25	sound	sound		
marcus_aurelius_meditations	MED_07_28	sound	sound		
marcus_aurelius_meditations	MED_07_26	sound	sound		
marcus_aurelius_meditations	MED_07_32	sound	sound		
marcus_aurelius_meditations	MED_07_29	sound	sound		
marcus_aurelius_meditations	MED_07_34	sound	sound		
marcus_aurelius_meditations	MED_07_35	sound	sound		
marcus_aurelius_meditations	MED_07_36	sound	sound		
marcus_aurelius_meditations	MED_07_33	sound	sound		
marcus_aurelius_meditations	MED_07_39	sound	sound		
marcus_aurelius_meditations	MED_07_38	sound	sound		
marcus_aurelius_meditations	MED_07_41	sound	sound		
marcus_aurelius_meditations	MED_07_42	sound	sound		
marcus_aurelius_meditations	MED_07_48	sound	sound		
marcus_aurelius_meditations	MED_07_47	sound	sound		
marcus_aurelius_meditations	MED_07_49	sound	sound		
marcus_aurelius_meditations	MED_07_55	sound	sound		
marcus_aurelius_meditations	MED_07_52	sound	sound		
marcus_aurelius_meditations	MED_07_50	sound	sound		
marcus_aurelius_meditations	MED_07_53	sound	sound		
marcus_aurelius_meditations	MED_07_54	sound	sound		
marcus_aurelius_meditations	MED_07_56	sound	sound		
marcus_aurelius_meditations	MED_07_57	sound	sound		
marcus_aurelius_meditations	MED_07_60	sound	sound		
marcus_aurelius_meditations	MED_07_61	sound	sound		
marcus_aurelius_meditations	MED_07_64	sound	sound		
marcus_aurelius_meditations	MED_07_62	sound	sound		
marcus_aurelius_meditations	MED_07_63	sound	sound		
marcus_aurelius_meditations	MED_07_67	sound	sound		
marcus_aurelius_meditations	MED_07_69	sound	sound		
marcus_aurelius_meditations	MED_07_70	sound	sound		
marcus_aurelius_meditations	MED_07_68	sound	sound		
marcus_aurelius_meditations	MED_07_71	sound	sound		
marcus_aurelius_meditations	MED_07_72	sound	sound		
marcus_aurelius_meditations	MED_07_73	sound	sound		
marcus_aurelius_meditations	MED_07_75	sound	sound		
marcus_aurelius_meditations	MED_08_05	sound	sound		
marcus_aurelius_meditations	MED_08_07	sound	sound		
marcus_aurelius_meditations	MED_08_04	sound	sound		
marcus_aurelius_meditations	MED_08_01	sound	sound		
marcus_aurelius_meditations	MED_08_06	sound	sound		
marcus_aurelius_meditations	MED_08_08	sound	sound		
marcus_aurelius_meditations	MED_08_09	sound	sound		
marcus_aurelius_meditations	MED_08_11	sound	sound		
marcus_aurelius_meditations	MED_08_12	sound	sound		
marcus_aurelius_meditations	MED_08_15	sound	sound		
marcus_aurelius_meditations	MED_08_16	sound	sound		
marcus_aurelius_meditations	MED_08_18	sound	sound		
marcus_aurelius_meditations	MED_08_19	sound	sound		
marcus_aurelius_meditations	MED_08_25	sound	sound		
marcus_aurelius_meditations	MED_08_21	sound	sound		
marcus_aurelius_meditations	MED_08_24	sound	sound		
marcus_aurelius_meditations	MED_08_23	sound	sound		
marcus_aurelius_meditations	MED_08_27	sound	sound		
marcus_aurelius_meditations	MED_08_26	sound	sound		
marcus_aurelius_meditations	MED_08_29	sound	sound		
marcus_aurelius_meditations	MED_08_33	sound	sound		
marcus_aurelius_meditations	MED_08_39	sound	sound		
marcus_aurelius_meditations	MED_08_35	sound	sound		
marcus_aurelius_meditations	MED_08_42	sound	sound		
marcus_aurelius_meditations	MED_08_50	sound	sound		
marcus_aurelius_meditations	MED_08_44	sound	sound		
marcus_aurelius_meditations	MED_08_43	sound	sound		
marcus_aurelius_meditations	MED_08_48	sound	sound		
marcus_aurelius_meditations	MED_08_45	sound	sound		
marcus_aurelius_meditations	MED_08_52	sound	sound		
marcus_aurelius_meditations	MED_08_53	sound	sound		
marcus_aurelius_meditations	MED_08_57	sound	sound		
marcus_aurelius_meditations	MED_08_51	sound	sound		
marcus_aurelius_meditations	MED_08_54	sound	sound		
marcus_aurelius_meditations	MED_09_01	sound	sound		
marcus_aurelius_meditations	MED_08_58	sound	sound		
marcus_aurelius_meditations	MED_08_56	sound	sound		
marcus_aurelius_meditations	MED_08_59	sound	sound		
marcus_aurelius_meditations	MED_08_60	sound	sound		
marcus_aurelius_meditations	MED_09_10	sound	sound		
marcus_aurelius_meditations	MED_09_02	sound	sound		
marcus_aurelius_meditations	MED_09_04	sound	sound		
marcus_aurelius_meditations	MED_09_05	sound	sound		
marcus_aurelius_meditations	MED_09_07	sound	sound		
marcus_aurelius_meditations	MED_09_12	sound	sound		
marcus_aurelius_meditations	MED_09_11	sound	sound		
marcus_aurelius_meditations	MED_09_13	sound	sound		
marcus_aurelius_meditations	MED_09_14	sound	sound		
marcus_aurelius_meditations	MED_09_17	sound	sound		
marcus_aurelius_meditations	MED_09_15	sound	sound		
marcus_aurelius_meditations	MED_09_19	sound	sound		
marcus_aurelius_meditations	MED_09_20	sound	sound		
marcus_aurelius_meditations	MED_09_21	sound	sound		
marcus_aurelius_meditations	MED_09_22	sound	sound		
marcus_aurelius_meditations	MED_09_23	sound	sound		
marcus_aurelius_meditations	MED_09_25	sound	sound		
marcus_aurelius_meditations	MED_09_26	sound	sound		
marcus_aurelius_meditations	MED_09_24	sound	sound		
marcus_aurelius_meditations	MED_09_35	sound	sound		
marcus_aurelius_meditations	MED_09_30	sound	sound		
marcus_aurelius_meditations	MED_09_31	sound	sound		
marcus_aurelius_meditations	MED_09_33	sound	sound		
marcus_aurelius_meditations	MED_09_40	sound	sound		
marcus_aurelius_meditations	MED_09_38	sound	sound		
marcus_aurelius_meditations	MED_09_32	sound	sound		
marcus_aurelius_meditations	MED_10_06	sound	sound		
marcus_aurelius_meditations	MED_10_08	sound	sound		
marcus_aurelius_meditations	MED_10_04	sound	sound		
marcus_aurelius_meditations	MED_10_05	sound	sound		
marcus_aurelius_meditations	MED_09_42	sound	sound		
marcus_aurelius_meditations	MED_10_10	sound	sound		
marcus_aurelius_meditations	MED_10_07	sound	sound		
marcus_aurelius_meditations	MED_10_11	sound	sound		
marcus_aurelius_meditations	MED_10_17	sound	sound		
marcus_aurelius_meditations	MED_10_14	sound	sound		
marcus_aurelius_meditations	MED_10_20	sound	sound		
marcus_aurelius_meditations	MED_10_21	sound	sound		
marcus_aurelius_meditations	MED_10_18	sound	sound		
marcus_aurelius_meditations	MED_10_22	sound	sound		
marcus_aurelius_meditations	MED_10_24	sound	sound		
marcus_aurelius_meditations	MED_10_25	sound	sound		
marcus_aurelius_meditations	MED_10_33	sound	sound		
marcus_aurelius_meditations	MED_10_35	sound	sound		
marcus_aurelius_meditations	MED_10_26	sound	sound		
marcus_aurelius_meditations	MED_10_29	sound	sound		
marcus_aurelius_meditations	MED_10_31	sound	sound		
marcus_aurelius_meditations	MED_10_36	minor	minor	The phrase 'μὴ τὸ πανύστατον ἔσται τις ὁ καθ̓ αὑτὸν λέγων' is rendered as 'yet will there not, at the very end, be someone saying privately' but the Greek more directly means 'will there not at the very last be someone who says to himself' - the interrogative structure should be clearer; The phrase 'ἀναπνεύσομέν ποτε' means 'we shall breathe again' or 'we shall finally breathe' rather than 'we sha	
marcus_aurelius_meditations	MED_10_37	sound	sound		
marcus_aurelius_meditations	MED_10_38	sound	sound		
marcus_aurelius_meditations	MED_11_02	sound	sound		
marcus_aurelius_meditations	MED_11_03	sound	sound		
marcus_aurelius_meditations	MED_11_05	sound	sound		
marcus_aurelius_meditations	MED_11_04	sound	sound		
marcus_aurelius_meditations	MED_11_13	sound	sound		
marcus_aurelius_meditations	MED_11_07	sound	sound		
marcus_aurelius_meditations	MED_11_06	sound	sound		
marcus_aurelius_meditations	MED_11_09	sound	sound		
marcus_aurelius_meditations	MED_11_11	sound	sound		
marcus_aurelius_meditations	MED_11_21	sound	sound		
marcus_aurelius_meditations	MED_11_12	sound	sound		
marcus_aurelius_meditations	MED_11_22	sound	sound		
marcus_aurelius_meditations	MED_11_14	sound	sound		
marcus_aurelius_meditations	MED_11_24	sound	sound		
marcus_aurelius_meditations	MED_11_23	sound	sound		
marcus_aurelius_meditations	MED_11_27	sound	sound		
marcus_aurelius_meditations	MED_11_26	sound	sound		
marcus_aurelius_meditations	MED_11_25	sound	sound		
marcus_aurelius_meditations	MED_11_28	sound	sound		
marcus_aurelius_meditations	MED_11_30	sound	sound		
marcus_aurelius_meditations	MED_11_29	sound	sound		
marcus_aurelius_meditations	MED_11_34	sound	sound		
marcus_aurelius_meditations	MED_11_31	sound	sound		
marcus_aurelius_meditations	MED_11_33	sound	sound		
marcus_aurelius_meditations	MED_11_32	sound	sound		
marcus_aurelius_meditations	MED_11_35	minor	minor	'σταφυλή' means 'ripe grape' not 'cluster of grapes' - the sequence shows ripening stages of a single grape	Unripe grape, ripe grape, raisin: all are transformations—not into nonbeing, but into what does not yet exist.
marcus_aurelius_meditations	MED_12_01	sound	sound		
marcus_aurelius_meditations	MED_11_36	sound	sound		
marcus_aurelius_meditations	MED_11_37	sound	sound		
marcus_aurelius_meditations	MED_12_05	sound	sound		
marcus_aurelius_meditations	MED_12_02	sound	sound		
marcus_aurelius_meditations	MED_11_38	sound	sound		
marcus_aurelius_meditations	MED_12_04	sound	sound		
marcus_aurelius_meditations	MED_12_08	sound	sound		
marcus_aurelius_meditations	MED_12_07	sound	sound		
marcus_aurelius_meditations	MED_12_06	sound	sound		
marcus_aurelius_meditations	MED_12_10	sound	sound		
marcus_aurelius_meditations	MED_12_11	sound	sound		
marcus_aurelius_meditations	MED_12_09	sound	sound		
marcus_aurelius_meditations	MED_12_13	sound	sound		
marcus_aurelius_meditations	MED_12_14	sound	sound		
marcus_aurelius_meditations	MED_12_15	sound	sound		
marcus_aurelius_meditations	MED_12_17	sound	sound		
marcus_aurelius_meditations	MED_12_18	sound	sound		
marcus_aurelius_meditations	MED_12_20	sound	sound		
marcus_aurelius_meditations	MED_12_19	sound	sound		
marcus_aurelius_meditations	MED_12_21	sound	sound		
marcus_aurelius_meditations	MED_12_30	sound	sound		
marcus_aurelius_meditations	MED_12_22	sound	sound		
marcus_aurelius_meditations	MED_12_25	sound	sound		
marcus_aurelius_meditations	MED_12_28	sound	sound		
marcus_aurelius_meditations	MED_12_26	sound	sound		
marcus_aurelius_meditations	MED_12_33	sound	sound		
milarepa_songs	MIL_COMFORTS_005	sound	sound		
marcus_aurelius_meditations	MED_12_34	sound	sound		
meister_eckhart	ECK_004	sound	sound		
marcus_aurelius_meditations	MED_12_35	sound	sound		
milarepa_songs	MIL_010	sound	sound		
milarepa_songs	MIL_SATIS_009	sound	sound		
mundaka_upanishad	MU_01_02_12	sound	sound		
mundaka_upanishad	MU_02_01_10	sound	sound		
milarepa_songs	MIL_WISDOM_003	sound	sound		
mundaka_upanishad	MU_02_02_05	sound	sound		
mundaka_upanishad	MU_03_01_03	sound	sound		
mundaka_upanishad	MU_02_02_09	sound	sound		
mundaka_upanishad	MU_03_01_01	sound	sound		
mundaka_upanishad	MU_03_02_03	sound	sound		
mundaka_upanishad	MUK_01_04	sound	sound		
nagarjuna_mulamadhyamakakarika	MMK_01_02_06	sound	sound		
mundaka_upanishad	MUK_02_BIRDS	sound	sound		
nagarjuna_mulamadhyamakakarika	MMK_01_12_14	sound	sound		
nagarjuna_mulamadhyamakakarika	MMK_01_01	sound	sound		
nagarjuna_mulamadhyamakakarika	MMK_02_12_16	sound	sound		
nagarjuna_mulamadhyamakakarika	MMK_03_07_09	sound	sound		
nagarjuna_mulamadhyamakakarika	MMK_04_01_05	sound	sound		
nagarjuna_mulamadhyamakakarika	MMK_04_06_09	sound	sound		
nagarjuna_mulamadhyamakakarika	MMK_02_01	sound	sound		
nagarjuna_mulamadhyamakakarika	MMK_03_01	sound	sound		
nagarjuna_mulamadhyamakakarika	MMK_05_01_05	sound	sound		
nagarjuna_mulamadhyamakakarika	MMK_02_22_25	sound	sound		
nagarjuna_mulamadhyamakakarika	MMK_07_06_10	sound	sound		
nagarjuna_mulamadhyamakakarika	MMK_07_11_15	sound	sound		
nagarjuna_mulamadhyamakakarika	MMK_06_07_10	sound	sound		
nagarjuna_mulamadhyamakakarika	MMK_07_16_20	minor	minor	Verse 17: 'could it arise? When that entity is absent, what entity could arise in it?' - The second question's meaning is unclear. The original asks about what arises 'in/from that absent entity' (tasmin...asati), questioning the logical basis of arising when the entity is non-existent, not what arises 'in it'; Verse 19: 'But if an unarisen arising is produced' - slightly awkward phrasing that cou	
nagarjuna_mulamadhyamakakarika	MMK_18_06	sound	sound		
nagarjuna_mulamadhyamakakarika	MMK_15_02	sound	sound		
nagarjuna_mulamadhyamakakarika	MMK_20_20	sound	sound		
nagarjuna_mulamadhyamakakarika	MMK_22_15	sound	sound		
nagarjuna_mulamadhyamakakarika	MMK_21_01	sound	sound		
nagarjuna_mulamadhyamakakarika	MMK_24_18	sound	sound		
nagarjuna_mulamadhyamakakarika	MMK_23_02	sound	sound		
nagarjuna_mulamadhyamakakarika	MMK_24_09	sound	sound		
nagarjuna_mulamadhyamakakarika	MMK_24_10	sound	sound		
nagarjuna_mulamadhyamakakarika	MMK_24_08	sound	sound		
nagarjuna_mulamadhyamakakarika	MMK_25_19	sound	sound		
nagarjuna_mulamadhyamakakarika	MMK_24_14	sound	sound		
nagarjuna_mulamadhyamakakarika	MMK_25_24	sound	sound		
nagarjuna_mulamadhyamakakarika	MMK_27_30	sound	sound		
nagarjuna_mulamadhyamakakarika	MMK_26_01	sound	sound		
parmenides_fragments	PARM_01	sound	sound		
patañjali_yoga_sūtras	YS_1_01_04	sound	sound		
patañjali_yoga_sūtras	YS_1_23_29	sound	sound		
parmenides_fragments	PARM_03	sound	sound		
patañjali_yoga_sūtras	YS_1_30_32	sound	sound		
patañjali_yoga_sūtras	YS_2_01_02	sound	sound		
parmenides_fragments	PARM_04	sound	sound		
patañjali_yoga_sūtras	YS_2_12_14	sound	sound		
patañjali_yoga_sūtras	YS_2_28_29	sound	sound		
patañjali_yoga_sūtras	YS_1_12_16	sound	sound		
patañjali_yoga_sūtras	YS_2_46_48	sound	sound		
patañjali_yoga_sūtras	YS_2_10_11	sound	sound		
patañjali_yoga_sūtras	YS_2_54_55	sound	sound		
patañjali_yoga_sūtras	YS_2_03_09	minor	minor	2.6: 'darśana' translated as 'power of the seen' is imprecise; darśana here refers to the instrument/power of seeing (buddhi), not what is seen. The error is identifying puruṣa (pure consciousness/seer) with buddhi (seeing apparatus), not seer with seen object.	"**2.3** Ignorance (avidyā), I-am-ness (asmitā), attachment (rāga), aversion (dveṣa), and clinging to life (abhiniveśa)—these are the afflictions (kleśa).
**2.4*"
patañjali_yoga_sūtras	YS_3_01_03	sound	sound		
patañjali_yoga_sūtras	YS_3_07_08	sound	sound		
patañjali_yoga_sūtras	YS_3_23_29	sound	sound		
patañjali_yoga_sūtras	YS_2_49_53	minor	minor	2.50: 'held' is vague for 'stambha' which specifically means 'retention/suspension'; 'grasped' (paridṛṣṭa) is better rendered as 'observed/regulated/measured'; 2.51: 'transcends both external and internal objects' misses that viṣayākṣepī means 'going beyond/transcending the domain/sphere of external and internal' (referring to the breath movements themselves, not generic objects)	
patañjali_yoga_sūtras	YS_3_04_06	sound	sound		
patañjali_yoga_sūtras	YS_4_18_21	sound	sound		
patañjali_yoga_sūtras	YS_4_31_34	sound	sound		
patañjali_yoga_sūtras	YS_3_38_43	minor	minor	3.38: 'movement of life-force' is interpretive; pracāra means 'movement/passage' and saṃvedana means 'awareness/perception', so 'pracārasaṃvedana' is 'awareness/perception of the movement/channels' (of citta), not specifically 'life-force'; 3.43: 'unformed' for akalpitā is weak; akalpitā means 'not constructed/not imagined/uncontrived'; also 'outward fluctuation' could be clearer as 'external ment	"**3.38** From the slackening of the causes of bondage and from perception of the channels (of movement), entry of consciousness into another's body occurs.
**3."
phaedo_plato	PHAEDO_MD_002	sound	sound		
patañjali_yoga_sūtras	YS_4_27_30	sound	sound		
phaedo_plato	PHAEDO_MD_003	sound	sound		
phaedo_plato	PHAEDO_MD_004	sound	sound		
phaedo_plato	PHAEDO_MD_006	sound	sound		
phaedo_plato	PHAEDO_MD_010	sound	sound		
phaedo_plato	PHAEDO_MD_009	sound	sound		
phaedo_plato	PHAEDO_MD_005	sound	sound		
phaedo_plato	PHAEDO_MD_011	sound	sound		
phaedo_plato	PHD_001	sound	sound		
phaedo_plato	PHAEDO_MD_008	sound	sound		
plotinus_enneads	ENN_I_6_07	sound	sound		
plotinus_enneads	ENN_I_6_09	sound	sound		
plotinus_enneads	ENN_001	sound	sound		
plotinus_enneads	ENN_I_6_01	sound	sound		
plotinus_enneads	ENN_I_6_08	sound	sound		
plotinus_enneads	ENN_V_1_04	sound	sound		
plotinus_enneads	ENN_VI_9_06	sound	sound		
pratyabhijnahrdayam	PHR_003	sound	sound		
pratyabhijnahrdayam	PHR_002	sound	sound		
pratyabhijnahrdayam	PHR_004	sound	sound		
pratyabhijnahrdayam	PHR_007	sound	sound		
pratyabhijnahrdayam	PHR_014	minor	minor	The term 'avaroha-pade' means 'in the descending stage/phase' (referring to the descent of consciousness into manifestation), not merely 'inferior stage' which loses the technical sense of descent; 'mātrayā' means 'to a limited extent/measure' or 'in small measure', which 'partially' captures but less precisely	
pratyabhijnahrdayam	PHR_009	sound	sound		
pratyabhijnahrdayam	PHR_015	sound	sound		
shantideva_bodhicaryavatara	BCA_01_15	sound	sound		
pratyabhijnahrdayam	PHR_017	sound	sound		
rumi_mathnawi	MTH_011	sound	sound		
shantideva_bodhicaryavatara	BCA_01_01	sound	sound		
shantideva_bodhicaryavatara	BCA_02_01	sound	sound		
shantideva_bodhicaryavatara	BCA_05_01	sound	sound		
shantideva_bodhicaryavatara	BCA_02_22	sound	sound		
shantideva_bodhicaryavatara	BCA_03_06	sound	sound		
shantideva_bodhicaryavatara	BCA_04_01	sound	sound		
shantideva_bodhicaryavatara	BCA_07_01	sound	sound		
shantideva_bodhicaryavatara	BCA_08_01	sound	sound		
shantideva_bodhicaryavatara	BCA_05_101	sound	sound		
shantideva_bodhicaryavatara	BCA_06_01	sound	sound		
shantideva_bodhicaryavatara	BCA_08_BODY	sound	sound		
shantideva_bodhicaryavatara	BCA_09_01	sound	sound		
shantideva_bodhicaryavatara	BCA_06_23	sound	sound		
shantideva_bodhicaryavatara	BCA_08_120	sound	sound		
shantideva_bodhicaryavatara	BCA_08_EQUAL	sound	sound		
shantideva_bodhicaryavatara	BCA_10_01	sound	sound		
shantideva_bodhicaryavatara	BCA_09_140	sound	sound		
shantideva_bodhicaryavatara	BCA_10_55	sound	sound		
siva_sutra	SS_I.1	sound	sound		
siva_sutra	SS_I.12	sound	sound		
siva_sutra	SS_I.10	sound	sound		
siva_sutra	SS_I.13	sound	sound		
siva_sutra	SS_I.2	sound	sound		
siva_sutra	SS_I.19	sound	sound		
siva_sutra	SS_I.21	sound	sound		
siva_sutra	SS_I.22	sound	sound		
siva_sutra	SS_I.4	sound	sound		
siva_sutra	SS_I.6	sound	sound		
siva_sutra	SS_I.7	sound	sound		
siva_sutra	SS_I.5	sound	sound		
siva_sutra	SS_II.10	sound	sound		
siva_sutra	SS_I.9	sound	sound		
siva_sutra	SS_II.12	sound	sound		
siva_sutra	SS_II.6	sound	sound		
siva_sutra	SS_II.3	minor	minor	The compound 'vidyā-śarīra-sattā' is better parsed as 'vidyā (is) śarīra-sattā' meaning 'knowledge is bodily existence' or 'knowledge constitutes the body/embodiment', rather than 'knowledge becomes embodied reality' which adds a transformational sense not explicit in the original; The translation 'becomes' introduces a process of transformation that is not present in the nominal compound structur	Knowledge is the reality of the body; this is the secret of mantra.
siva_sutra	SS_II.9	sound	sound		
siva_sutra	SS_II.7	sound	sound		
siva_sutra	SS_II.8	sound	sound		
siva_sutra	SS_III.3	sound	sound		
siva_sutra	SS_III.4	sound	sound		
siva_sutra	SS_III.2	sound	sound		
siva_sutra	SS_III.6	sound	sound		
siva_sutra	SS_III.9	sound	sound		
siva_sutra	SS_III.8	sound	sound		
svetasvatara_upanishad	SU_03_08	sound	sound		
svetasvatara_upanishad	SU_04_03	sound	sound		
svetasvatara_upanishad	SVE_02_15_17	sound	sound		
svetasvatara_upanishad	SU_03_19	sound	sound		
svetasvatara_upanishad	SU_06_11	sound	sound		
svetasvatara_upanishad	SU_04_10	sound	sound		
svetasvatara_upanishad	SVE_03_03_07	sound	sound		
svetasvatara_upanishad	SVE_04_20_22	sound	sound		
svetasvatara_upanishad	SU_06_23	sound	sound		
svetasvatara_upanishad	SVU_004	sound	sound		
svetasvatara_upanishad	SVE_04_08	sound	sound		
svetasvatara_upanishad	SVE_04_04_05	sound	sound		
svetasvatara_upanishad	SVE_06_20_22	sound	sound		
svetasvatara_upanishad	SVU_006	sound	sound		
svetasvatara_upanishad	SVE_06_05_07	sound	sound		
svetasvatara_upanishad	SVE_05_12_14	sound	sound		
svetasvatara_upanishad	SVU_011	sound	sound		
svetasvatara_upanishad	SVU_013	sound	sound		
svetasvatara_upanishad	SVU_014	minor	minor	Verse 6.8: 'binds Him' adds a connotation not present in the original, which simply states 'is not found/does not exist'; Verse 6.10: 'extending threads' is acceptable but 'āvṛṇot' means 'covered/enveloped' not just 'veils'; 'entry into Brahman' for 'brahmāpyayam' misses the nuance - it means 'attainment/merging with Brahman' or 'the state of Brahman-realization'	
svetasvatara_upanishad	SVU_021	minor	minor	Verse 5.7: 'The embodied self' is not explicit in the original; the subject is described through attributes (guṇānvaya, etc.) without explicitly stating 'embodied self'; Verse 5.7: 'moving through forms' somewhat loosely renders 'saṃcarati sva-karmabhiḥ' which more literally means 'wanders/moves about by his own karmas'; Verse 5.9: The translation omits the precise mathematical imagery - 'one hund	
tantrasara	ts_001	sound	sound		
tantrasara	ts_002	sound	sound		
tantrasara	ts_012	sound	sound		
tantrasara	ts_010	sound	sound		
tantrasara	ts_014	sound	sound		
tantrasara	ts_018	sound	sound		
tantrasara	TS_AH_09_01	sound	sound		
tantrasara	TS_AH_07_02	sound	sound		
tantrasara	TS_AH_08_01	sound	sound		
tantrasara	TS_AH_10_01	sound	sound		
tantrasara	TS_AH_11_01	sound	sound		
tantrasara	TS_AH_12_01	sound	sound		
tantrasara	TS_AH_16_01	sound	sound		
tantrasara	TS_AH_13_01	sound	sound		
tao_te_ching	TTC_MD_009	sound	sound		
tao_te_ching	TTC_MD_002	sound	sound		
tao_te_ching	TTC_MD_005	minor	minor	Line '萬物作焉而不辭' is rendered as 'The ten thousand things arise — he does not refuse them' but 不辭 means 'does not claim/take credit' rather than 'does not refuse'; the sage doesn't claim credit for their arising, not that he doesn't refuse their arising	
tao_te_ching	TTC_MD_028	sound	sound		
tao_te_ching	TTC_MD_034	sound	sound		
tao_te_ching	TTC_MD_040	sound	sound		
tao_te_ching	TTC_MD_019	minor	minor	'用之不勤' is rendered as 'use it and it is never exhausted' but 勤 means 'laborious/strenuous' not 'exhausted'; the correct sense is 'use it without it becoming depleted/worn out' or 'use it effortlessly'	The valley spirit never dies — it is called the mysterious feminine. The gate of the mysterious feminine is called the root of heaven and earth. Continuous, as 
tao_te_ching	TTC_MD_042	sound	sound		
tao_te_ching	TTC_MD_051	sound	sound		
tao_te_ching	TTC_MD_050	sound	sound		
tao_te_ching	TTC_MD_062	minor	minor	其政悶悶 refers to government/governance being 'dull/unobtrusive', not 'ruler being relaxed'; 其民淳淳 means 'people are honest/pure', not merely 'simple'; 其政察察 means government being 'scrutinizing/harsh', not 'ruler being sharp'; 其民缺缺 means 'people are lacking/deficient/cunning', 'scheming' is acceptable but slightly interpretive; 其無正 means 'it has no fixed standard/correctness' - the subject 'it' (refer	
tao_te_ching	TTC_MD_069	minor	minor	樂推 (le tui) means 'gladly push forward/support' not 'delight in praising' - the people willingly support/advance the sage, not praise him	The river and the sea are able to be the kings of all the valleys because they are good at being lower than them; therefore they are the kings of all the valley
tao_te_ching	TTC_MD_072	minor	minor	Line 5: '則我者貴' is mistranslated as 'I am therefore precious' - the subject should be 'those who model themselves after me' or 'those who follow my example are precious', not 'I am precious'. The character 則 here means 'to model after/follow as a standard', not a conjunction meaning 'therefore'.	I speak in a way that is very easy to know, very easy to do. Yet the world cannot know it, cannot do it. The words have a root, the deeds have a ruler. It is be
tao_te_ching	TTC_MD_078	minor	minor	Final clause '其不欲見賢' is mistranslated as 'he does not seek to display his superiority' when it means 'he does not wish to make his worthiness/excellence visible' or 'does not wish to appear worthy/excellent'	The Way of Heaven is like drawing a bow — what is high is pressed down, what is low is raised up; what has excess is reduced, what is insufficient is supplement
tao_te_ching	TTC_MD_079	minor	minor	Line 4: 'governs the dissolution' misinterprets 司徹. 徹 here means 'tax collection' or 'exaction,' not 'dissolution.' The contrast is between holding the contract (creditor's position) versus collecting/demanding payment.	When a great enmity is reconciled, there is sure to be some resentment remaining; how can this be considered good? Therefore the sage holds the left tally of th
the_book_of_chuang_tzu	ZHUANGZI_MD_001	sound	sound		
the_book_of_chuang_tzu	ctz_030	minor	minor	The king's name is given as 'Wên Wang' but the original clearly states '趙文王' (King Wen of Zhao), not just 'Wên Wang'; The Heir Apparent's name is given as 'Li' but the original states '太子悝' where 悝 (Kui) is the name, not Li; The translation renders '劍士夾門而客三千餘人' as 'Swordsmen thronged his halls' but the original more specifically indicates they 'flanked the gates as guests' or 'crowded at the gates	
the_book_of_chuang_tzu	ZHUANGZI_MD_002	minor	minor	The phrase '自喻適志與' is rendered as 'moving exactly as butterfly-nature moves' which adds an interpretive gloss not present in the original. The text means 'self-pleased/content and following his inclinations' or 'happily expressing his intent/nature', not specifically about movement.; The phrase '栩栩然' (xuxi ran) meaning 'fluttering/flitting about' or 'lifelike/vivid' is merged with 'joyfully' which	
the_book_of_chuang_tzu	ZHUANGZI_MD_003	minor	minor	Opening line compresses the detailed bodily movements into a summary phrase rather than listing them sequentially; The sound effects (砉然嚮然, 騞然) describing the cutting sounds are omitted; The specific references to the Sanglin dance and Jingshou music are omitted; 技經肯綮之未嘗 is rendered as 'never force through tendon-knots' but 技經 means the blade has never touched/encountered (未嘗) the ligaments and te	
the_book_of_chuang_tzu	ZHUANGZI_MD_005	sound	sound		
the_book_of_chuang_tzu	ZHUANGZI_MD_008	sound	sound		
the_book_of_chuang_tzu	ZHUANGZI_MD_010	sound	sound		
the_book_of_chuang_tzu	ZHUANGZI_MD_013	sound	sound		
the_book_of_chuang_tzu	ZHUANGZI_MD_007	minor	minor	鐻 (jù) is a bell-stand/rack specifically, translation correctly identifies this; 驚猶鬼神 more literally means 'startled/amazed as if [made by] ghosts and spirits' - the translation captures the sense but slightly softens the directness; 何術之有 is a rhetorical negative construction 'what technique could there be?' - translation renders as 'yet there is one thing' which slightly misses the rhetorical for	
the_book_of_chuang_tzu	ZHUANGZI_MD_028	sound	sound		
the_book_of_chuang_tzu	ZZ_003	sound	sound		
the_book_of_chuang_tzu	ZZ_001	sound	sound		
the_cloud_of_unknowing	CLOUD_01	sound	sound		
the_cloud_of_unknowing	CLOUD_02	sound	sound		
the_cloud_of_unknowing	CLOUD_04	sound	sound		
the_book_of_chuang_tzu	ZZ_009	sound	sound		
the_cloud_of_unknowing	CLOUD_05	sound	sound		
vajracchedika_diamond_sutra	VAJ_001	sound	sound		
tilopa_mahamudra	TIL_001	sound	sound		
vajracchedika_diamond_sutra	VAJ_002	sound	sound		
vajracchedika_diamond_sutra	VAJ_003	sound	sound		
tilopa_mahamudra	TIL_003	sound	sound		
tilopa_mahamudra	TIL_002	sound	sound		
vajracchedika_diamond_sutra	VAJ_006	sound	sound		
vajracchedika_diamond_sutra	VAJ_004	sound	sound		
vajracchedika_diamond_sutra	VAJ_007	sound	sound		
vajracchedika_diamond_sutra	VAJ_011	sound	sound		
vajracchedika_diamond_sutra	VAJ_012	sound	sound		
vajracchedika_diamond_sutra	VAJ_019	sound	sound		
vajracchedika_diamond_sutra	VAJ_021	sound	sound		
vajracchedika_diamond_sutra	VAJ_022	sound	sound		
vajracchedika_diamond_sutra	VAJ_023	sound	sound		
vajracchedika_diamond_sutra	VAJ_024	sound	sound		
vajracchedika_diamond_sutra	VAJ_025	sound	sound		
vajracchedika_diamond_sutra	VAJ_010	minor	minor	The phrase 'yanna kvacitpratiṣṭhitaṃ cittamutpādayitavyam' is translated as 'one should give rise to a thought that does not rest upon anything' but this appears to be a restatement rather than the correct parsing. The 'yan na kvacit pratiṣṭhitam' should be parsed as 'yan na kvacit pratiṣṭhitam' (which is not fixed anywhere), making it a relative clause defining what kind of 'apratiṣṭhitaṃ cittam'	
vajracchedika_diamond_sutra	VAJ_027	sound	sound		
vajracchedika_diamond_sutra	VAJ_031	sound	sound		
vajracchedika_diamond_sutra	VAJ_029	sound	sound		
vijnana_bhairava	yukti_002	minor	minor	The phrase 'vikāsite' (locative absolute meaning 'when expanded/opened') is rendered as 'it is revealed' which shifts the grammatical structure and slightly obscures that this describes a state/condition rather than an action of the power itself; The causal relationship between nirvikalpatayā and the madhye state could be clearer - the non-conceptual state is the means by which one experiences the	
vajracchedika_diamond_sutra	VAJ_032	minor	minor	The verse line 'māyāvaśyāya budbudam' is rendered as 'an illusion, dew, a bubble' but 'vaśyāya' (or 'avasyāya') typically means 'dewdrop/raindrop' or 'hailstone', not simply 'dew'; the translation loses the concrete noun form; The phrase 'paryavāpnuyāt' (master it/comprehend it fully) is included in the translation, which is appropriate, though some translations omit or merge this term	
vijnana_bhairava	yukti_003	minor	minor	The phrase 'sūkṣmāt sūkṣmatarātmikam' is rendered awkwardly as 'the subtle (sūkṣmāt) itself' when it should convey progression from subtle to subtler essence; The compound 'kiraṇābhāsām' (accusative feminine singular) should agree with 'tām' as the object of meditation, not parsed as separate descriptors	One should meditate on that which has the nature of the subtlest of the subtle, shining like rays, from the root upward, dissolving at the end of the twelve (dv
vijnana_bhairava	yukti_004	sound	sound		
vijnana_bhairava	yukti_007	sound	sound		
vijnana_bhairava	yukti_009	sound	sound		
vijnana_bhairava	yukti_010	sound	sound		
vijnana_bhairava	yukti_008	sound	sound		
vijnana_bhairava	yukti_013	sound	sound		
vijnana_bhairava	yukti_015	sound	sound		
vijnana_bhairava	yukti_014	sound	sound		
vijnana_bhairava	yukti_017	sound	sound		
vijnana_bhairava	yukti_018	sound	sound		
vijnana_bhairava	yukti_019	sound	sound		
vijnana_bhairava	yukti_021	sound	sound		
vijnana_bhairava	yukti_023	sound	sound		
vijnana_bhairava	yukti_025	minor	minor	kālapadād typically refers to 'sole/heel of the foot' in yogic anatomy (mūlādhāra region), not 'foot of time' as abstract concept; pluṣṭam means 'burnt/consumed' (past passive participle), translation uses 'burned' which is acceptable but 'as burned' slightly weakens the completeness of the burning; ante means 'in the end/finally' - translation captures this adequately; tadā bhavet 'then one becom	One should contemplate one's own body as completely consumed by the Fire of Time rising from the sole of the foot. In the end, one then becomes the appearance o
vijnana_bhairava	yukti_026	minor	minor	The phrase 'vikalpataḥ' means 'through/by means of conceptualization' (ablative of means), not 'without mental division'. The meditation involves conceptualizing the world as burned, then transcending that conceptualization.; The term 'pumbhāvaḥ' (masculine state/Shiva-consciousness) is rendered generically as 'state of being' which loses the specific technical meaning of attaining the masculine p	In this same way, having meditated on the entire world as burned through conceptualization, for a person of undivided awareness, the supreme masculine state (Sh
vijnana_bhairava	yukti_027	sound	sound		
vijnana_bhairava	yukti_029	sound	sound		
vijnana_bhairava	yukti_033	sound	sound		
vijnana_bhairava	yukti_030	sound	sound		
vijnana_bhairava	yukti_031	sound	sound		
vijnana_bhairava	yukti_034	sound	sound		
vijnana_bhairava	yukti_036	sound	sound		
vijnana_bhairava	yukti_035	sound	sound		
vijnana_bhairava	yukti_038	sound	sound		
vijnana_bhairava	yukti_040	sound	sound		
vijnana_bhairava	yukti_037	sound	sound		
vijnana_bhairava	yukti_041	sound	sound		
vijnana_bhairava	yukti_043	sound	sound		
vijnana_bhairava	yukti_044	sound	sound		
vijnana_bhairava	yukti_047	sound	sound		
vijnana_bhairava	yukti_048	sound	sound		
vijnana_bhairava	yukti_046	sound	sound		
vijnana_bhairava	yukti_050	minor	minor	The term 'sphijaikena' means 'with one buttock' or 'on one buttock alone', not just 'with only the buttocks' - the 'eka' (one) component is significant for the posture being described; The word 'mati' in this context typically means 'awareness' or 'consciousness' rather than 'intention' - it refers to a state of realization rather than volition	On a soft seat, placing the hands and feet without support, with one buttock alone as the base, through the continuation of that (practice), the supreme, comple
vijnana_bhairava	yukti_051	sound	sound		
vijnana_bhairava	yukti_053	sound	sound		
vijnana_bhairava	yukti_054	sound	sound		
vijnana_bhairava	yukti_055	sound	sound		
vijnana_bhairava	yukti_056	sound	sound		
vijnana_bhairava	yukti_063	sound	sound		
vijnana_bhairava	yukti_064	sound	sound		
vijnana_bhairava	yukti_061	sound	sound		
vijnana_bhairava	yukti_065	sound	sound		
vijnana_bhairava	yukti_068	sound	sound		
vijnana_bhairava	yukti_069	sound	sound		
vijnana_bhairava	yukti_072	sound	sound		
vijnana_bhairava	yukti_070	sound	sound		
vijnana_bhairava	yukti_073	sound	sound		
vijnana_bhairava	yukti_074	sound	sound		
vijnana_bhairava	yukti_075	sound	sound		
vijnana_bhairava	yukti_076	sound	sound		
vijnana_bhairava	yukti_078	sound	sound		
vijnana_bhairava	yukti_079	sound	sound		
vijnana_bhairava	yukti_081	sound	sound		
vijnana_bhairava	yukti_082	sound	sound		
vijnana_bhairava	yukti_080	sound	sound		
vijnana_bhairava	yukti_083	sound	sound		
vijnana_bhairava	yukti_085	sound	sound		
vijnana_bhairava	yukti_086	sound	sound		
vijnana_bhairava	yukti_088	sound	sound		
vijnana_bhairava	yukti_092	sound	sound		
vijnana_bhairava	yukti_096	sound	sound		
vijnana_bhairava	yukti_097	sound	sound		
vijnana_bhairava	yukti_100	sound	sound		
vijnana_bhairava	yukti_099	sound	sound		
vijnana_bhairava	yukti_098	sound	sound		
vijnana_bhairava	yukti_101	sound	sound		
vijnana_bhairava	yukti_104	sound	sound		
vijnana_bhairava	yukti_107	sound	sound		
vijnana_bhairava	yukti_105	sound	sound		
vijnana_bhairava	yukti_106	sound	sound		
vijnana_bhairava	yukti_108	sound	sound		
vijnana_bhairava	yukti_110	sound	sound		
vijnana_bhairava	yukti_112	sound	sound		
yoga_spandakarika	SP_05	sound	sound		
yoga_spandakarika	SP_01	sound	sound		
yoga_spandakarika	SP_02	sound	sound		
yoga_spandakarika	SP_16	sound	sound		
yoga_spandakarika	SP_11	sound	sound		
yoga_spandakarika	SP_18	sound	sound		
yoga_spandakarika	SP_21	sound	sound		
yoga_spandakarika	SP_22	sound	sound		
yoga_spandakarika	SP_31	sound	sound		
yoga_spandakarika	SP_30	sound	sound		
yoga_spandakarika	SP_32	sound	sound		
yoga_spandakarika	SP_36	sound	sound		
yoga_spandakarika	SP_43	sound	sound		
yoga_spandakarika	SP_41	sound	sound		
yoga_spandakarika	SP_52	sound	sound		
yoga_spandakarika	SP_44	sound	sound		
zhongyong	ZY_005	sound	sound		
yoginihrdaya	YH_001	sound	sound		
zhongyong	ZY_002	sound	sound		
yoginihrdaya	YH_003	sound	sound		
yoginihrdaya	YH_004	sound	sound		
yoginihrdaya	YH_006	sound	sound		
bhagavad_gita	BG_01_35_37	error	repaired	ātatāyinaḥ means 'aggressors/attackers' but the context shows Arjuna is arguing AGAINST killing them despite their aggression - the translation 'if we killed these aggressors' incorrectly implies justification for killing them, when Arjuna's point is that even though they ARE aggressors, killing them would still bring sin	I do not wish to kill them even if they kill me, Madhusūdana — not even for the sovereignty of the three worlds, what to speak of this earth. What pleasure woul
bhagavad_gita	BG_02_12	error	repaired	The phrase 'na caiva na bhaviṣyāmaḥ' is mistranslated as 'nor is it that we all shall not exist' which creates a double negative suggesting non-existence. The correct meaning is that we WILL continue to exist in the future (after death), not that we will not exist.; The temporal reference 'ataḥ param' means 'hereafter' or 'beyond this (death)', not 'from this time forward' which suggests continuat	Never was there a time when I did not exist, nor you, nor these rulers of men; nor will any of us ever cease to exist hereafter.
zhongyong	ZY_009	minor	minor	The phrase '其為物不貳' is better understood as 'in their being/serving as things they are not dual' or 'their nature as things is undivided' rather than 'their operation is without duality' - the subject is their fundamental nature/being, not their operational mode; The six attributes are presented as three pairs in the original structure, which the translation flattens into a simple list, though this	
bhagavad_gita	BG_02_60_61	error	repaired	The phrase 'Me as the highest' (matparaḥ) is mistranslated - it means 'intent on Me' or 'with Me as supreme goal/object', not 'Me as the highest' in the sense presented; The final clause 'for the one whose senses are in control' inverts the meaning - vaśe means 'under control/in subjection', so it should be 'whose senses are under control' or 'who has senses under control', not suggesting the sens	For even of a striving person of discrimination, O son of Kunti, the turbulent senses forcibly carry away the mind. Having restrained all those senses, one shou
bhagavad_gita	BG_03_36_38	error	repaired	Final clause inverts the relationship: the original states 'so is THIS (knowledge/discrimination) covered by THAT (desire)', but the translation renders it as 'so is this covered by that' without clarifying what 'this' refers to, making it appear that desire covers itself rather than desire covering knowledge/discrimination	Arjuna said: Then by what is a person impelled to commit sin, even unwillingly, O Vārṣṇeya, as if forced by compulsion? The Blessed Lord said: It is desire, it 
zhongyong	ZY_006	sound	sound		
zhongyong	ZY_01	sound	sound		
bhagavad_gita	BG_06_36_38	error	repaired	ayatiḥ means 'one who does not strive/is not diligent' but the translation renders it as 'One who does not strive, yet has faith' - the 'yet' creates a contrast that misrepresents the verse. The person described DOES have faith (śraddhayā upetaḥ) AND strives, but their mind wavers from yoga.; The key error is in understanding ayatiḥ - this refers to someone who strives but fails to maintain discip	Yoga is difficult to attain for one with an uncontrolled self — this is my opinion; but for one with a controlled self who strives, it can be obtained through p
bhagavad_gita	BG_10_09_11	error	repaired	ātmabhāvasthaḥ means 'dwelling in My own being/nature' not 'standing in their own being' - the referent of ātma here is Krishna himself, not the devotees	With minds on Me, life-breaths gone to Me, enlightening one another and speaking of Me always, they are content and they delight. To those constantly joined who
bhagavad_gita	BG_12_16_18	error	repaired	Verse 2: 'bhakitamānyaḥ' is misread - the correct reading is 'bhaktimān yaḥ' meaning 'who is endowed with devotion' or 'that devoted one', not omitted; Verse 2: The phrase structure 'bhaktimān yaḥ sa me priyaḥ' is incomplete in translation - missing the subject qualifier 'bhaktimān' (endowed with devotion)	"Without expectation, pure, skillful, unconcerned, free from distress, renouncing all undertakings — that devotee of Mine is dear to Me.

Who neither rejoices no"
bhagavad_gita	BG_09_04_06	error	repaired	Verse 3 (na ca matsthāni bhūtāni) is mistranslated as 'beings do not rest in Me' when it means 'beings do NOT rest in Me' - the translation correctly captures the negation but then contradicts itself in verse 5; Verse 5 (matsthānītyupadhāraya) is mistranslated as 'all beings rest in Me' when the context following the paradox in verse 3 requires understanding that beings are conceived as resting in	By Me, in My unmanifest form, this entire universe is pervaded. All beings abide in Me, yet I do not abide in them. And yet, beings do not abide in Me — behold 
bhagavad_gita	BG_14_18_20	error	repaired	dehasamudbhavān means 'born from the body' or 'arising in connection with the body', but the guṇas do not arise FROM the body - rather they are the constituents of prakṛti/material nature that give rise to the body and all phenomena. The translation inverts the relationship: the body arises from the guṇas, not vice versa.	Those established in sattva go upward; the rajasic remain in the middle; those established in the activity of the lowest guṇa, the tamasic, go downward. When th
bhagavad_gita	BG_17_13_15	error	repaired	The first verse states 'asṛṣṭānnam' (food not properly distributed/offered), not 'without food offered' - the food is present but improperly handled; The first verse states 'adakṣiṇam' (without dakshina/priestly fees), not just 'without gifts' - dakshina is a specific ritual payment to priests; The second verse lists 'śaucam' (purity/cleanliness), 'ārjavam' (straightforwardness/honesty), 'brahmaca	Sacrifice performed without proper procedure, with food not properly distributed, without mantras, without priestly fees, and devoid of faith is declared to be 
zhongyong	ZY_03	sound	sound		
bhagavad_gita	BG_18_40_42	error	repaired	The phrase 'yadebhiḥ syātitrabhirguṇaiḥ' is mistranslated as 'who is free from these three guṇas' when it should mean 'who would be free from these three guṇas' - the conditional/hypothetical sense is lost; More critically, the syntax is garbled in the original: 'syātitrabhirguṇaiḥ' appears corrupted; standard texts read 'syāt tribhir guṇaiḥ' (would be with/by these three guṇas); The translation r	There exists no being on earth, or again in heaven among the gods, that would be free from these three guṇas born of prakṛti. The duties of brāhmaṇas, kṣatriyas
confucius_analects	AN_07_22	error	repaired	The phrase '其不善者而改之' is mistranslated as 'their bad qualities and avoid them.' The character 改 means 'to change/correct/reform,' not 'to avoid.' The correct meaning is that one should use others' bad qualities as a mirror to correct those same faults in oneself.	The Master said, 'When three people walk together, there must be one among them who can be my teacher. I choose their good qualities and follow them; as for the
dhammapada	DHP_174_177	error	repaired	Verse 176: 'who has gone beyond the one Dhamma' (ekaṃ dhammaṃ atītassa) is mistranslated - atītassa means 'transgressed/violated', not 'gone beyond' in a positive sense; Verse 176: 'there is no evil left that he might not do' inverts the meaning - n'atthi pāpaṃ akāriyaṃ means 'there is no evil he would not do' (double negative = positive assertion of doing all evils)	"174. This world is blinded; only a few here truly see. Like birds escaped from a net, only a small number go to heaven.

175. Swans travel the sun's path; by th"
dhammapada	DHP_CH13	error	repaired	Verse 167: 'lokavaḍḍhano' means 'one who increases/prolongs worldly existence' or 'worldly increaser', not 'friend of the world'; Verse 168: 'uttiṭṭhe' means 'arise/stand up', not 'rouse thyself' in the reflexive sense; 'nappamajjeyya' means 'should not be heedless/negligent', not simply 'do not be idle'; Verse 169: 'duccaritaṁ' means 'misconduct/bad conduct', not 'sin' (which has different theolo	(167) One should not follow base practices, one should not dwell in heedlessness; one should not follow wrong views, one should not be an increaser of the world
dhammapada	DHP_301_304	error	repaired	Verse 301: 'bhāvanāya rato mano' means 'mind delighting in meditation/cultivation' but the translation omits that it is specifically about Buddha (Buddhānussati) - the minds delight in meditation ON THE BUDDHA; Verse 302: 'dukkhānupatit' addhagū' means 'traveler followed/pursued by suffering' but the context indicates this refers to the wanderer who experiences suffering, not necessarily 'pursued 	"301. The disciples of Gotama awaken well: day and night, their minds delight in meditation on the Buddha.

302. Going forth is difficult, difficult to find joy "
dhammapada	DHP_263_266	error	error_unconfirmed	Verse 266: 'vissaṃ dhammaṃ' means 'the entire/whole dhamma' not 'a harmful teaching'. 'vissa' means whole/entire, not harmful/poisonous (which would be 'visa'). The verse contrasts mere external begging with taking up the complete dhamma.; Verse 266: The logic is inverted - the verse says one does NOT become a bhikkhu merely by begging, but DOES become one by taking up the whole dhamma. The transl	263. One in whom this has been cut away, destroyed at the root and cleared out—one who has cast off corruption and is discerning—is called a person of truly goo
epictetus_works	EPI_ENC_002	error	repaired	The new translation includes a substantial additional paragraph ('When we are blocked, then, or disturbed...') that does not exist in the provided Greek original. The original passage ends with 'ἐκεῖνο τὸ δεινόν ἐστιν' and contains no further text about assigning blame to oneself or others, or about the uninstructed vs. instructed person.	People are disturbed not by things themselves, but by their judgments about things. For example, death is nothing terrible — for if it were, it would have appea
ecclesiastes_qoheleth	QOH_10_16_20	error	repaired	Verse 19: 'They make bread for laughter' misunderstands the Hebrew 'לִשְׂחוֹק עֹשִׂים לֶחֶם'. The phrase means 'for laughter/merriment they make a feast/bread' - i.e., bread/feasting is made FOR THE PURPOSE OF laughter, not that bread is made in order to produce laughter as an object.; Verse 20: 'the inner room where you lie down' translates 'בְחַדְרֵי מִשְׁכָּבְךָ' but misses that this is plural 	"Woe to you, O land, when your king is a youth and your officials feast in the morning.

Blessed are you, O land, when your king is a son of nobles and your offi"
gospel_of_thomas	THOM_035	error	repaired	The phrase 'seize it by force' mistranslates the Coptic - the object being seized/taken is not 'it' (the house) but rather should refer to taking/plundering the strong man's possessions; The binding should be of 'his hands' but the referent and action sequence needs clarification - it's about overpowering the strong man himself	"Jesus said, ""No one is able to enter the house of the strong man and take it unless he first binds his hands; then he will plunder his house."""
epictetus_works	EPI_ENC_001	error	repaired	The NEW translation includes substantial additional text not present in the ORIGINAL Greek passage provided. The ORIGINAL contains only the first two sentences (up to 'ὅσα οὐχ ἡμέτερα ἔργα'), but the NEW translation continues with multiple paragraphs about what is unimpeded/enslaved, remembering consequences, practicing responses to appearances, etc. This additional material appears to be from sub	Of existing things, some are up to us, others are not up to us. Up to us are: opinion, impulse, desire, aversion, and in a word, whatever are our own actions. N
isavasya_upanishad	ISA_018	error	repaired	Incorrect identification of 'asambhūti' as 'unmanifest' - the term means 'non-becoming/destruction/death'; Incorrect identification of 'sambhūti' as 'manifest' - the term means 'becoming/creation/birth'; Missing the comparative structure 'tato bhūya iva' which indicates 'even greater/worse darkness'; The verse concerns worship/pursuit of destruction vs. creation, not unmanifest vs. manifest	Into blind darkness enter those who worship non-becoming; into darkness still greater, as it were, enter those who delight in becoming.
katha_upanishad	KAU_07_OUTWARD	error	repaired	The original has 'kaścid dhīraḥ' (some wise person) with 'pratyag ātmānam aikṣad' (saw the Self inwardly) and 'āvṛttacakṣuḥ' (with eyes turned inward), but the translation says 'turned his eyes inward' which misses that this describes the manner of seeing, not a separate action; The translation completely omits verses 4.2, 4.3, and most of 4.4, which discuss: (1) fools pursuing outward desires and	The Self-existent pierced the openings outward; therefore one sees outward, not the inner Self. Some wise person, desiring immortality, saw the Self directly, w
isavasya_upanishad	ISA_015	error	repaired	The translation inverts the comparative structure: the original states that those devoted to vidyā enter 'even greater' (bhūya iva) darkness than those devoted to avidyā, but the translation reverses this by saying avidyā devotees enter 'darkness' while vidyā devotees enter 'deeper darkness' - this accidentally gets the comparison right but through wrong reasoning; More critically: 'andhaṁ tamaḥ' 	Into blinding darkness enter those who worship ignorance; into darkness still greater than that enter those who delight in knowledge alone.
isavasya_upanishad	IU_02	error	repaired	The conditional structure 'evaṃ tvayi... asti' means 'thus for you (alone/only in this way) there is (no other way)', establishing that THIS is the only way karma doesn't bind. The translation 'Thus it is for you, and not otherwise' loses the crucial point that the non-clinging of karma is conditional upon doing works in this manner (with proper attitude/dedication). The phrase should convey: 'Onl	Performing works here alone, one should desire to live a hundred years. Only in this way, for you, is there no alternative: thus karma does not adhere to a pers
marcus_aurelius_meditations	MA_04_23	error	repaired	The second sentence 'Nothing comes too early or too late for me if it comes in its proper time for you' does not appear in the original Greek text at all - it is invented/added content not present in the source passage	Everything is fitting for me that is well-fitted for you, O Universe.
mandukya_upanishad_and_gaudapada_karika	MUK_012	error	repaired	The term 'āpti' means 'obtaining/attainment' not 'pervasiveness' - the etymology connects A-kāra with āpti (obtaining); The dual etymology given relates to: (1) āpti/obtaining and (2) ādimattvā/being first - not pervasiveness and being first	Vaiśvānara, whose state is the waking state, is A, the first element, either because of obtaining or because of being first. One who knows this indeed obtains a
marcus_aurelius_meditations	MA_07_59	error	repaired	The phrase 'and it will ever bubble up if you will ever dig' is not present in the original Greek text; The original contains only two clauses: 'Dig within' and 'Within is the fountain/spring of good'; The conditional clause about bubbling up and continuous digging is an invention not found in the source	Dig within. Within is the spring of good.
marcus_aurelius_meditations	MA_05_16	error	repaired	The original Greek contains only one sentence about phantasia (impression/representation) and dianoia (mind/understanding), but the translation adds extensive material not present in the Greek: 'for the soul is dyed by the thoughts' and the entire second sentence 'Dye it then with a continuous series of such thoughts as these: where life is possible, there it is possible also to live well' - these	Of whatever sort your impression frequently is, such will be your mind.
marcus_aurelius_meditations	MA_10_01	error	repaired	The original contains only one question about being 'good and simple' (ἀγαθὴ καὶ ἁπλῆ), but the translation adds multiple invented elements: 'unified and naked', 'more visible than the body that surrounds you', and an entire second question about 'affectionate and contented disposition'; The passage is a single brief question, not the extended multi-part question presented in the translation	Will you ever then be, O soul, good and simple?
marcus_aurelius_meditations	MA_08_36	error	repaired	The original Greek contains only one sentence: 'Do not disturb yourself by imagining your entire life.' The new translation adds a second and third sentence that do not exist in the Greek text provided.; The phrases 'Do not let your thoughts embrace all the various troubles you may expect to befall you' and 'instead, on every occasion ask yourself: What is there in this that is intolerable and unb	Do not throw yourself into confusion by picturing your whole life at once.
marcus_aurelius_meditations	MED_02_04	error	repaired	The phrase 'οἰχήσεται οἰχήσῃ' is mistranslated as 'it will pass away—and you with it'. The Greek has two forms of the same verb (future indicative and future indicative/aorist subjunctive), both referring to the same subject (the opportunity/time), not indicating that 'you' will pass away along with it. The correct sense is that the opportunity will be gone/will have departed.; The phrase 'αὖθις ο	Remember for how long you have been postponing these things, and how many times you have received deadlines from the gods but have not used them. It is necessar
marcus_aurelius_meditations	MED_03_15	error	error_unconfirmed	The verb 'κλέπτειν' (to steal) is mistranslated - in this context it means 'to take/steal' but the passage is about ordinary activities, not theft. Standard translations render this as 'to steal' but understand it in the Heraclitean sense of taking/appropriating, or some translate as 'to reap' (connecting to agricultural context with sowing).; The phrase 'πόσα σημαίνει' means 'how many things sign	They do not understand what significance lies in reaping, in sowing, in buying, in being at rest, in seeing what needs to be done—which comes about not through 
marcus_aurelius_meditations	MED_06_03	error	repaired	The verb 'παρατρεχέτω' with accusative 'σε' means 'escape you' or 'pass you by unnoticed', but the translation renders it as 'run past your notice' which inverts the intended meaning. The Greek is an imperative prohibition: 'do not let X escape you' (i.e., pay attention to X). The translation incorrectly suggests 'do not let X catch your attention' (i.e., ignore X).	Look within: let neither the distinctive quality nor the value of any matter escape you.
marcus_aurelius_meditations	MED_06_32	error	repaired	The phrase 'τὰ γὰρ μέλλοντα καὶ παρῳχηκότα ἐνεργήματα αὐτῆς' refers to future and past activities AS OBJECTS OF CONCERN, not as activities that the mind performs in future/past time. The Greek means 'its future and past activities' in the sense of activities-that-are-future and activities-that-are-past (as things to worry about), not 'its activities performed in the future and past.' The mind's pr	I am composed of a little body and a soul. To the body, all things are indifferent; for it cannot distinguish among them. To the mind, all things are indifferen
marcus_aurelius_meditations	MED_06_49	error	repaired	The conditional logic is inverted: the Greek uses 'Μήτι δυσχεραίνεις' (a negative interrogative expecting 'no') to say 'You DON'T complain about your weight, do you?' The translation renders this as a positive statement 'Are you troubled' followed by 'Then be troubled', which reverses Marcus's argument. He's saying: just as you DON'T complain about weight, so DON'T complain about lifespan.	You don't resent weighing only so many pounds instead of three hundred, do you? Then likewise don't resent that you must live only so many years and not more. F
marcus_aurelius_meditations	MED_05_05	error	repaired	The phrase 'Must your lack of natural gifts force you...' inverts the meaning: the Greek 'διὰ τὸ ἀφυῶς κατεσκευάσθαι' is presented as a false excuse/pretext, not as an actual cause. Marcus is rejecting this excuse, asking rhetorically whether one is compelled to these vices 'because of being naturally ill-constituted' — the answer being 'No, by the gods.' The translation makes it sound like lack o	They do not admire your sharpness of mind. Very well. But there are many other things about which you cannot say 'I am not naturally suited for this.' Display, 
marcus_aurelius_meditations	MED_06_53	error	repaired	The phrase 'ἀπαρενθυμήτως' means 'without distraction' or 'attentively/without letting the mind wander,' not 'without losing the thread.' The translation misses the sense of mental focus and non-distraction.; The phrase 'πρὸς τῷ ὑφ̓ ἑτέρου λεγομένῳ γίνεσθαι' means 'to attend to/be present to what is said by another,' not specifically 'to grasp what is being said.' The focus is on attentive presenc	Accustom yourself to attend to what is said by another without distraction, and as far as possible to be in the soul of the speaker.
marcus_aurelius_meditations	MED_05_33	error	repaired	Final clause mistranslated: 'while the moment for that is still present' inverts the meaning of 'ἕως δὲ ἐκείνης ὁ καιρὸς ἐφίσταται' which means 'until that moment arrives/comes upon you', not 'while it is still present'; The phrase 'refrain from them' for 'ἀπέχεσθαι αὐτῶν' misses the proper sense of abstaining/keeping oneself apart from their concerns, not refraining from the people themselves	In a very little while you will be ash or a skeleton—and either a name or not even a name. And a name is only sound and reverberation. The things highly valued 
marcus_aurelius_meditations	MED_07_21	error	repaired	The phrase 'Soon your own forgetting of everything will be near' is redundant and awkward - 'ἐγγὺς' means 'near' already, so saying 'will be near' in the future tense misrepresents the immediacy; The structure 'Soon...will be near' creates unnecessary temporal confusion - the Greek simply states 'Near is...' as a present reality	Near is your forgetting of all things, and near is all people's forgetting of you.
marcus_aurelius_meditations	MED_07_65	error	repaired	The phrase 'οἱ ἀπάνθρωποι πρὸς τοὺς ἀνθρώπους' means 'inhuman people toward human beings' (how the inhuman treat humans), not 'inhuman people respond to human beings' which could imply a response/reaction rather than general treatment; More critically: the structure 'τοιοῦτον...οἷον' creates a comparison meaning 'such a thing...as' or 'the same sort of thing...as'. The new translation obscures thi	See that you never experience any such feeling toward the inhuman as the inhuman experience toward human beings.
marcus_aurelius_meditations	MED_07_44	error	repaired	The phrase 'ὅτου τι καὶ σμικρὸν ὄφελος' means 'a man who is of any worth at all' or 'a man of even small worth/value', not 'a man for whom there is even some small benefit'. The genitive construction refers to the man's own worth/quality, not benefits accruing to him.	But to this man I would make a just reply: 'You speak poorly, my friend, if you think that a man who is of any worth at all should calculate the risk of living 
marcus_aurelius_meditations	MED_07_37	error	repaired	The phrase 'ὑφ' ἑαυτῆς' means 'by itself' or 'under its own power,' but the translation renders it as 'from its own resources,' which misses the reflexive emphasis. More critically, the translation fails to capture that the mind should be shaping and ordering *itself* (reflexive), not drawing from resources. The standard interpretation is that the mind fails to shape/order itself, not that it fail	It is shameful that the face is obedient and takes shape and is arranged as the mind commands, but the mind itself is not shaped and arranged by itself.
marcus_aurelius_meditations	MED_07_05	error	repaired	The phrase 'taking on as an assistant the person who, through the use of my governing faculty' misrepresents the Greek. The correct sense is that the helper, by making use of (or in accordance with) my governing faculty, accomplishes what is needed—not that the speaker uses their governing faculty to enable the helper.; The phrase 'κατὰ πρόσχρησιν τοῦ ἐμοῦ ἡγεμονικοῦ' means 'with the aid/assistanc	Is my mind sufficient for this or not? If it is sufficient, I use it for the task as an instrument given by universal nature. But if it is not sufficient, then 
marcus_aurelius_meditations	MED_07_16	error	repaired	The phrase 'οὐ φοβεῖ ἑαυτὸ εἰς ἐπιθυμίαν' is mistranslated as 'does not scare itself into craving' when it means 'does not frighten itself or desire' (two separate states, not a causal relationship); The clause 'οὐδὲν μὴ πάθῃ' is rendered as 'suffer nothing at all' (imperative/hortatory) when it should be 'will suffer nothing' (future indicative with emphatic negation)	The ruling center does not trouble itself; I mean, it does not frighten itself or fall into desire. If someone else can frighten it or grieve it, let them do so
marcus_aurelius_meditations	MED_08_03	error	repaired	The phrase 'τὰ ἡγεμονικὰ ἦν αὐτῶν ταὐτά' is mistranslated as 'their ruling faculties belonged to themselves' when it means 'their ruling faculties were the same/identical' (i.e., in harmony with reality/the cosmos); The referent assignment is inverted: 'ἐκεῖ' (those/the former ones) refers back to the conquerors (Alexander, Gaius, Pompey), not forward, making them the subject of 'anxious oversight	What are Alexander, Gaius, and Pompey compared to Diogenes, Heraclitus, and Socrates? For the latter saw things as they are, their causes and their matter, and 
marcus_aurelius_meditations	MED_09_18	error	repaired	The phrase 'περὶ αὑτῶν' means 'concerning themselves' or 'about themselves,' not 'in their own case.' The original conveys that these people are poor judges even when evaluating themselves, not that they judge their own legal cases.; The translation 'judges even in their own case' suggests a conflict of interest scenario, but the Greek indicates incompetence at self-judgment — they are bad judges 	Pass inward, deep into their ruling faculties, and you will see what sort of judges you fear — the very kind who are judges concerning themselves.
marcus_aurelius_meditations	MED_07_66	error	repaired	The phrase 'μηδὲ μὴν δουλεύων τινὸς ἀγνοίᾳ' is mistranslated as 'nor enslaved by ignorance of anything' when it means 'nor serving/enslaved to anyone's ignorance' (i.e., not subservient to the ignorance of others); The phrase 'ἐμπαρέχων συμπαθῆ τὸν νοῦν' is rendered as 'yield his mind up to sympathy' but means 'making his mind sympathetic/susceptible' or 'allowing his mind to be affected sympathet	How do we know whether Teleauges was not superior to Socrates in character? For it is not sufficient that Socrates died more gloriously, conversed more skillful
marcus_aurelius_meditations	MED_10_09	error	repaired	The opening list 'Μῖμος, πόλεμος, πτοία, νάρκα, δουλεία' are not the subjects doing the rubbing away - they are examples of things that will rub away the sacred convictions; The phrase 'ὁπόσα ἀφυσιολογήτως φαντάζῃ καὶ παραπέμπεις' refers to convictions you entertain without proper physical/natural reasoning and neglect, not 'notions you form and then set aside in a manner contrary to nature'; The 	Mime, war, panic, torpor, slavery: day by day your sacred principles will be erased—all those you conceive without natural reasoning and disregard. One must obs
marcus_aurelius_meditations	MED_08_34	error	repaired	The phrase 'you are allowed to join yourself to yourself again' (ἑνῶσαι σεαυτόν) is mistranslated. The Greek means 'to unite yourself' or 'to rejoin/reunite yourself' (with the whole), not 'to join yourself to yourself'.; The phrase 'He made it depend on him not to break away' misrepresents the Greek 'ἵνα τὴν ἀρχὴν μὴ ἀπορραγῇ ἀπὸ τοῦ ὅλου ἐπ̓ αὐτῷ ἐποίησε' which means 'he made it in his power not	Have you ever seen a severed hand or foot or head lying somewhere apart from the rest of the body? That is what a person makes of himself, insofar as it lies wi
marcus_aurelius_meditations	MED_11_01	error	repaired	Final clause mistranslated: 'valuing nothing above itself' inverts the meaning of 'τὸ μηδὲν ἑαυτῆς προτιμᾶν' which means 'to value nothing above itself' in the sense of not preferring anything to reason/virtue, not self-aggrandizement; The phrase should mean the rational soul values nothing more than reason/virtue (i.e., does not prefer other things to itself qua rational), not that it values noth	What belongs to the rational soul: it sees itself; it articulates itself; it makes itself into whatever it wishes to be; it harvests the fruit it bears for itse
plotinus_enneads	ENN_008	error	repaired	The original is only a title/heading 'Intellect and the intelligible are one' (7 words in Greek), but the translation provides an entire explanatory paragraph of multiple sentences that do not exist in the source text	Intellect and the intelligible are one
phaedo_plato	PHAEDO_MD_001	error	repaired	The phrase 'rehearse death as negation' has no clear basis in the Greek text, which speaks of 'practicing death' (μελετᾶν θάνατον) or 'being concerned with dying'; The term 'discernment' as the object of rehearsal misrepresents the passage; the philosopher practices dying itself, not death-as-discernment; The phrase 'loosen false identity' introduces modern psychological language ('identity') abse	The philosopher does not practice death as mere cessation but engages in the very act of dying. To practice dying is to separate the soul from the body as much 
patañjali_yoga_sūtras	YS_2_15_17	error	repaired	2.15: 'from suffering itself (tāpa)' misrepresents tāpa as a separate category; the compound pariṇāmatāpasaṃskāraduḥkhaiḥ is a tatpuruṣa compound meaning 'by the sufferings OF change, heat/anxiety, and impressions' - three types of duḥkha, not four separate sources; 2.15: 'conflict of the guṇas with one another' misinterprets guṇavṛttivirodhāt; it means 'due to opposition/conflict among the activi	**2.15** To the discriminating person, everything is indeed suffering—due to the sufferings arising from change, anxiety, and latent impressions, and due to the
mundaka_upanishad	MUK_04_KNOT	error	repaired	The term 'parāvare' means 'the highest and lowest' or 'the supreme and the immanent' referring to the all-encompassing nature of Brahman, not 'high and low' which suggests spatial positioning rather than metaphysical comprehensiveness; The phrase 'tasmin dṛṣṭe parāvare' should be rendered as 'when That which is both higher and lower' or 'the Supreme and the immediate' is seen, emphasizing the non-	The knot of the heart is cut asunder, all doubts are severed, and one's karmas are exhausted when That is seen which is both the Supreme and the immediate.
plotinus_enneads	ENN_VI_9_09	error	error_unconfirmed	No original Greek text provided to verify translation accuracy; The 'ORIGINAL (Sanskrit (IAST))' label is incorrect - Plotinus wrote in Greek, not Sanskrit; Cannot verify specific terminology like 'Aphrodite' without the actual Greek source text; The provided translation appears generic and cannot be validated against VI.9.9 without the original; Standard translations of VI.9.9 discuss the soul's 	Unable to provide corrected translation without access to the actual Greek original text of Ennead VI.9.9. The task requires the source text in Greek (not Sansk
siva_sutra	SS_I.14	error	repaired	The translation 'What is seen is a body' misses the technical meaning of dṛśyam as 'the seen/the object of perception' and śarīra as referring to one's own body in this context. The sutra establishes that one's body should be regarded as an object of perception rather than identified with as the subject. The translation makes it sound like a general statement about any seen thing being a body, rat	The body is the seen.
plotinus_enneads	ENN_V_1_10	error	repaired	The passage does not primarily discuss a 'threefold nature' of the human condition as the opening suggests; The phrase 'dual aspects of reasoning and providing the power to reason' misrepresents the relationship between Intellect and discursive reasoning in the soul; The translation obscures the distinction between Intellect (Nous) proper and the soul's rational faculty; The imperative to 'sever o	Man possesses something of the Intellectual-Principle, and indeed the whole of it. He has it in two ways: either as separate and belonging to him in the sense t
plotinus_enneads	ENN_V_1_11	error	repaired	The passage describes the relationship between Soul, Intellect (Nous), and the One, but the translation obscures the distinct ontological levels; The 'permanent standard' should be identified as Intellect/Nous itself, not merely as an abstract principle; The 'higher cause' or 'ultimate source' conflates Nous and the One - these are distinct hypostases in Plotinus; Missing the crucial point that In	There must exist something that serves as a stable measure for the soul when it judges - and this is Intellect. But Intellect itself must derive from something 
siva_sutra	SS_III.12	error	repaired	āvaraṇa means 'covering' or 'veil', not 'removal' - the ablative here indicates 'from the covering/veiling', not 'from the removal of'; The sutra describes the paradoxical relationship where siddhi (accomplishment/perfection) comes FROM the veil of delusion itself, not from its removal	Perfection arises from the veil of delusion.
svetasvatara_upanishad	SVU_015	error	repaired	Verse numbering error: second verse is labeled 6.23 in original but treated as 6.19 per passage header; Missing critical qualifier in verse 6.19/6.23: 'yasya' means 'for whom/whose' not just 'for', and the verse structure indicates these truths are revealed specifically to one WHO HAS (yasya) devotion, not merely a general statement about devotion; The phrase 'hy arthāḥ' (indeed/certainly these me	To the One who brings forth Brahmā in the beginning, who indeed sends forth the Vedas to him, to that God who illumines the intelligence of the self, I, desirin
tantrasara	ts_003	error	repaired	Mistranslation of 'caraṇanipātaprabhā' as 'radiance of Śrī Śambhunātha, the sun' - the compound means 'the radiance (arising from) the falling/descent of the feet', referring to the guru's feet touching/blessing, not simply 'radiance of the sun'; The metaphor structure is inverted: Śambhunātha-Bhāskara (the sun-like guru) is the source whose feet's radiance removes contraction, not 'Śambhunātha, t	Examine this heart-lotus of Abhinavagupta, whose contraction has been removed by the radiance from the descent of the feet of Śrī Śambhunātha Bhāskara, for the 
tao_te_ching	TTC_MD_003	error	repaired	復命 (fù mìng) means 'returning to destiny/mandate' or 'restoring the life-principle', not 'fulfilling one's nature' which would be 性; 沒身不殆 means 'throughout one's life without danger/peril', not 'to the body's end, without decay' - 殆 means danger/peril, not decay	"Bring emptiness to its utmost; hold to stillness with steadfast devotion.

The ten thousand things arise together — I watch their return. Luxuriant, the teeming"
the_book_of_chuang_tzu	ZHUANGZI_MD_006	error	repaired	Hui Shi's final statement is mistranslated: '子之不知魚之樂，全矣' means 'your not knowing fish-joy is complete/certain' (i.e., it is completely established that you don't know), not 'your not-knowing fish-joy is complete' as a state of being; Zhuangzi's final response misinterprets the logic: '既已知吾知之而問我' means 'you already knew that I know it when you asked me' (referring to Hui Shi's presupposition in his	"Zhuangzi and Huizi were strolling on the bridge over the Hao River. Zhuangzi said, ""The minnows swim out and move about leisurely - this is the joy of fish.""

H"
tantrasara	ts_016	error	error_unconfirmed	mātrādika translated as 'beginning with the knower/measure (mātṛ)' is incorrect - mātrā means 'measure' or 'element/constituent' in this context, not mātṛ (knower/subject). The compound mātrādika means 'beginning with mātrā (the elements/measures)', referring to the triad of tattvas at the level of māyā: māyā, kalā, and niyati or similar groupings of limiting principles.	The self-luminous, universal-Self reality, the triad beginning with māyā and the other limiting principles
svetasvatara_upanishad	SVU_022	error	repaired	Verse 6.20: The conditional logic is inverted. The original states that when humans can roll up the sky like leather, THEN (only then) will there be an end to suffering WITHOUT knowing God - meaning it's impossible, so knowing God is necessary. The translation incorrectly renders this as 'Only when humans can wrap the sky... could sorrow end without knowing God' which suggests the same impossibili	"Some poets declare it to be inherent nature, others time - they are confused. But it is the greatness of God in the world by which this Brahma-wheel revolves.

"
tao_te_ching	TTC_MD_016	error	repaired	Line 6: '使天知者不敢為也' is mistranslated as 'where the knowing are present, he keeps them from daring to act' - the character '天' appears to be a textual variant or error for '夫' (those/the), not 'heaven/world'. The phrase means 'causes those who know/the clever not to dare to act'; Final line: '為無為，則無不治' is mistranslated as 'When the world follows wu-wei' - the subject is not 'the world' but implicit 	Not to honour the virtuous, so that the people do not quarrel; not to prize rare goods, so that the people do not steal; not to show the desirable, so that the 
the_book_of_chuang_tzu	ZHUANGZI_MD_009	error	repaired	The apprentice's objection about sacred status is not in the original text - the apprentice asks 'What then does it depend on?' (彼且惡乎待哉); The master's final response is mistranslated - he says 'The spirit-man takes this as non-utility' (神人以此不材), not a clarification about 'mode of safety' or 'escaping extractive categories'; The phrase 'rebukes his metric' adds interpretive language not present in 	"Master Carpenter Shi sees the great shrine-oak and dismisses it: unusable timber, unfit for boat, coffin, furniture, door, or pillar. ""Exactly why it has lived "
the_book_of_chuang_tzu	ctz_025	error	repaired	Opening sentence incomplete: 'I Chieh Upon I Chieh's return' is garbled; original states 夷節言之於王 (I Chieh spoke of him to the king) and 王未之見 (the king did not see him); Missing subject in opening: 'When Tsê Yang visited Ch'u' - the text should clarify I Chieh spoke of Tsê Yang to the king; Wrong speaker: 'Tsê Yang went to see Wang Kuo' - actually Peng Yang (彭陽) saw Wang Kuo; Mistranslation of 不自許: 	Tsê Yang traveled to Ch'u, and I Chieh spoke of him to the king, but the king did not receive him. I Chieh returned. P'eng Yang saw Wang Kuo and said, 'Why did 
the_book_of_chuang_tzu	ZHUANGZI_MD_016	error	repaired	Line 1: '繕性於俗' mistranslated as 'cultivate their faculties through conventional learning' - 繕性 means 'repair/mend one's nature', not cultivate faculties; Line 2: '滑欲於俗' mistranslated as 'dull their desires through conventional thought' - 滑 means 'confuse/disorder', not dull; the structure parallels line 1; Line 9: '德則不冒' mistranslated as 'virtue cannot flourish' - 冒 means 'cover over/obscure/encro	Those who repair their nature according to custom, studying to seek restoration of their original state; those who confuse their desires according to custom, th
vajracchedika_diamond_sutra	VAJ_018	error	repaired	The phrase 'if there were as many grains of sand in all those rivers as that—would there be many world-realms?' incorrectly translates the logic. The original states: if there were as many Gaṅgā rivers as grains of sand in one Gaṅgā, and [as many] grains of sand in those [rivers], and that many world-realms, would those world-realms be many? The translation omits the crucial step that the NUMBER o	"The Blessed One said: ""What do you think, Subhūti: does the Tathāgata possess the fleshly eye?""

Subhūti said: ""So it is, Blessed One. The Tathāgata possesses t"
the_book_of_chuang_tzu	ZHUANGZI_MD_015	error	repaired	The original contains no mention of 'disturbed water' or 'agitated mind' - these are invented contrasts not present in the text; The phrase about 'sage's repose' and 'lethargy' is entirely absent from the original; Missing the specific imagery of water reflecting beard and eyebrows (鬚眉); Missing the reference to the carpenter's level/standard (準); Missing the explicit statement that the stilled hu	When water is still, it clearly reflects even beard and eyebrows, and is level with the standard. When the human heart-mind is still, it becomes the mirror of H
vijnana_bhairava	yukti_022	error	repaired	The phrase 'dehāntare' means 'within the body' but the instruction is to contemplate the skin as a wall-like boundary OF the body, not merely within it; The critical phrase 'na kiṃcid antare tasya' means 'nothing within THAT (the wall/boundary)', not 'nothing within it (the body)' - the referent 'tasya' points to the wall-boundary itself, creating a contemplation of the wall as having no interior 	Contemplate the skin-division as a wall-like boundary of the body. Meditating that there is nothing within that (boundary itself), one becomes a partaker of wha
vijnana_bhairava	yukti_095	error	repaired	Translation renders 'sā śuddhiḥ' as 'is impurity' when it should be 'that [very notion of] purity' - the verse states that what limited knowers call purity is [merely conventional] purity, not impurity; The negation 'na śucir hy aśucis' is mistranslated as 'there is neither pure nor impure' when it actually means 'there is no pure nor impure' or 'nothing is pure or impure' - affirming non-duality 	That purity which is remembered by those of limited knowledge is [merely conventional] purity in the vision of Śambhu. For in truth, nothing is pure nor impure.
yoga_spandakarika	SP_09	error	repaired	nijāśuddhyāsamarthasya mistranslated as 'lacks capacity for his own purification' when it means 'incapable of his own purity' or 'unable to purify himself' - the genitive indicates the person's state, not their lack of capacity; More critically: āśuddhi means 'impurity' not 'purification' - nijāśuddhi means 'one's own impurity', and asamarthasya means 'of one incapable/powerless' - so the compound	When the agitation of one who is incapable regarding his own impurity and who desires objects to be done subsides, then the supreme state arises.
yoga_spandakarika	SP_45	error	repaired	apāya means 'loss/deprivation/absence' not 'through deprivation' - the compound parāmṛtarasāpāya describes a cognition that lacks/is deprived of supreme nectar-taste, not experiencing cognition 'through' deprivation; tanmātragocaraḥ means 'whose sphere/domain is the tanmātras (subtle elements)' - he becomes limited to the realm of tanmātras, not 'becomes the object-domain of mere-principles'; The 	For one whose cognition arises devoid of the supreme nectar-taste, through that [cognition] he enters into non-autonomy, and his sphere becomes limited to the t
yoga_spandakarika	SP_04	error	repaired	The phrase 'vartante anyatra' means the states/experiences occur 'elsewhere' (i.e., in something other than the Self), not that the notions 'abide elsewhere'; The compound 'sukhādyavasthānusyūte' means 'threaded/strung through the states of pleasure etc.' - the states are what is strung through or pervaded, not what serves as a substratum for the notions; The subject-object relationship is inverte	The experiences 'I am happy,' 'I am suffering,' 'I am attached,' and so forth clearly occur in something other (than the Self), threaded through the states of h
zhongyong	ZY_08	error	repaired	The phrase '远人' (yuan ren) means 'far from people/humanity' not 'far from the common indications of consciousness'; The structure '人之为道而远人' means 'when people make/practice a dao that is far from humanity' not 'try to pursue a course far from common indications of consciousness'; The translation introduces abstract philosophical terminology ('common indications of consciousness') not present in th	The Master said, 'The Way is not far from people. When people practice a way that distances itself from humanity, that cannot be considered the Way.'
